ἐξαποστέλλω,(ex-ap-os-tel'-lo),Verb,to send forth or away,"καὶ πλουτοῦντας ἐξαπέστειλεν κενούς 

δὲ γεωργοὶ ἐξαπέστειλαν αὐτὸν δείραντες

καὶ ἀτιμάσαντες ἐξαπέστειλαν κενόν "," and [the] rich he sent away empty

 but [the] tenants sent [him] away him having beaten

 and having dishonored [him] sent [him] away empty",ι σου τὸ ὄνομα τοῦ Θεοῦ ̓Ιακώβ. ἐξαποστείλαι σοι βοήθειαν ἐξ ἁγίου καὶ ἐκ Σιὼ
"βοήθεια, ας, ἡ",(bo-ay'-thi-ah),"Noun, Feminine",help,εἰς εὔκαιρον βοήθειαν , for opportune help,τοῦ Θεοῦ ̓Ιακώβ. ἐξαποστείλαι σοι βοήθειαν ἐξ ἁγίου καὶ ἐκ Σιὼν ἀντιλάβοιτό σ
μιμνήσκομαι,(mim-nace'-ko),Verb,"to remind, remember","καὶ ἐμνήσθη ὁ Πέτρος

λέγοντες Κύριε ἐμνήσθημεν ὅτι ἐκεῖνος

παιδὸς αὐτοῦ μνησθῆναι ἐλέους "," And remembered Peter

 saying Sir we have remembered how that

 servant of him [in order] to remember mercy",γίου καὶ ἐκ Σιὼν ἀντιλάβοιτό σου. μνησθείη πάσης θυσίας σου καὶ τὸ ὁλοκαύτωμά
"θυσία, ας, ἡ",(thoo-see'-ah),"Noun, Feminine",a sacrifice,"καὶ οὐ θυσίαν οὐκ ἂν

καὶ πᾶσα θυσία ἀλὶ ἁλισθήσεται

ὁλοκαυτωμάτων καὶ θυσιῶν "," and not sacrifice not anyhow

 and every sacrifice with salt shall be salted

 burnt offerings and sacrifices",ὼν ἀντιλάβοιτό σου. μνησθείη πάσης θυσίας σου καὶ τὸ ὁλοκαύτωμά σου πιανάτω.
πιάζω,(pee-ad'-zo),Verb,"to lay hold of, to take","ὑπηρέτας ἵνα πιάσωσιν αὐτόν 

ἐξ αὐτῶν πιάσαι αὐτόν ἀλλ'

καὶ οὐδεὶς ἐπίασεν αὐτόν ὅτι"," officers that they might seize him

 of them to seize him but

 and no one seized him for",ης θυσίας σου καὶ τὸ ὁλοκαύτωμά σου πιανάτω. ( διάψαλμα ). δῴη σοι Κύριος κατ
δίδωμι,(did'-o-mee),Verb,to give,"γυναῖκα αὐτοῦ δότω αὐτῇ ἀποστάσιον

αἰτοῦντί σε δός καὶ τὸν

τὸν ἐπιούσιον δὸς ἡμῖν σήμερον"," wife of him let him give to her a letter of divorce

 asks of you give and

 daily give us today",οκαύτωμά σου πιανάτω. ( διάψαλμα ). δῴη σοι Κύριος κατὰ τὴν καρδίαν σου καὶ π
"βουλή, ῆς, ἡ",(boo-lay'),"Noun, Feminine",counsel,"συνκατατεθειμένος τῇ βουλῇ καὶ τῇ

τῇ ὡρισμένῃ βουλῇ καὶ προγνώσει

καὶ ἡ βουλὴ σου προώρισεν"," having consented to the counsel and the

 by the determinate plan and foreknowledge

 and the purpose of you predetermined",κατὰ τὴν καρδίαν σου καὶ πᾶσαν τὴν βουλήν σου πληρώσαι. ἀγαλλιασόμεθα ἐν τῷ
ἀγαλλιάω,(ag-al-lee-ah'-o),Verb,"to exult, rejoice greatly","καὶ ἠγαλλίασεν τὸ πνεῦμά

τῇ ὥρᾳ ἠγαλλιάσατο ἐν τῷ

δὲ ἠθελήσατε ἀγαλλιαθῆναι πρὸς ὥραν"," and rejoices the spirit

 hour he rejoiced In the

 moreover were willing to rejoice for an hour",πᾶσαν τὴν βουλήν σου πληρώσαι. ἀγαλλιασόμεθα ἐν τῷ σωτηρίῳ σου καὶ ἐν ὀνόματι
σῴζω,(sode'-zo),Verb,to save,"λέγοντες Κύριε σῶσον ἀπολλύμεθα 

ἱματίου αὐτοῦ σωθήσομαι 

πίστις σου σέσωκέν σε καὶ"," saying Lord save us we are perishing

 clothing of him I will be cured

 faith of you has cured you And",άντα τὰ αἰτήματά σου. νῦν ἔγνων ὅτι ἔσωσε Κύριος τὸν χριστὸν αὐτοῦ· ἐπακούσετα
πάσχω,(pas'-kho),Verb,"to suffer, to be acted on","ἀνθρώπου μέλλει πάσχειν ὑπ' αὐτῶν

καὶ κακῶς πάσχει πολλάκις γὰρ

πολλὰ γὰρ ἔπαθον σήμερον κατ'"," of man is about to suffer from them

 and miserably suffers often indeed

 many things indeed I suffered today in",ου. νῦν ἔγνων ὅτι ἔσωσε Κύριος τὸν χριστὸν αὐτοῦ· ἐπακούσεται αὐτοῦ ἐξ οὐρανοῦ
ἐπακούω,(ep-ak-oo'-o),Verb,"to listen to, to hearken to",,,ι ἔσωσε Κύριος τὸν χριστὸν αὐτοῦ· ἐπακούσεται αὐτοῦ ἐξ οὐρανοῦ ἁγίου αὐτοῦ· ἐν
δυναμόω,(doo-nam-o'-o),Verb,"to make strong, enable",στόματα μαχαίρης ἐδυναμώθησαν ἀπὸ ἀσθενείας, [the] mouths of [the] sword acquired strength out of weakness,αὐτοῦ ἐξ οὐρανοῦ ἁγίου αὐτοῦ· ἐν δυναστείαις ἡ σωτηρία τῆς δεξιᾶς αὐτοῦ. οὗτο
"δεξιός, ά, όν",(dex-ee-os'),Adjective,the right hand or side,"εἰ ἡ δεξιά σου χεὶρ

εἰς τὴν δεξιὰν σιαγόνα σου

ποιεῖ ἡ δεξιά σου "," if the right of you hand

 on the right cheek of you

 does the right hand of you",αὐτοῦ· ἐν δυναστείαις ἡ σωτηρία τῆς δεξιᾶς αὐτοῦ. οὗτοι ἐν ἅρμασι καὶ οὗτοι ἐ
"ἵππος, ου, ὁ",(hip'-pos),"Noun, Masculine",a horse,"καὶ ἰδοὺ ἵππος λευκός καὶ

ἐξῆλθεν ἄλλος ἵππος πυρρός καὶ

καὶ ἰδοὺ ἵππος μέλας καὶ"," and behold a horse white and

 went forth another horse red and

 And behold a horse black and","ὐτοῦ. οὗτοι ἐν ἅρμασι καὶ οὗτοι ἐν ἵπποις, ἡμεῖς δὲ ἐν ὀνόματι Κυρίου Θεοῦ ἡ"
συμπνίγω,(soom-pnee'-go),Verb,to choke,"ἄκανθαι καὶ συνέπνιξαν αὐτό καὶ

ἐπιθυμίαι εἰσπορευόμεναι συμπνίγουσιν τὸν λόγον

βίου πορευόμενοι συμπνίγονται καὶ οὐ"," thorns and choked it and

 desires entering in choke the word

 of life moving along are choked and not","οῦ ἡμῶν μεγαλυνθησόμεθα. αὐτοὶ συνεποδίσθησαν καὶ ἔπεσαν, ἡμεῖς δὲ ἀνέστημεν"
πίπτω,(pip'-to),Verb,to fall,"δώσω ἐὰν πεσὼν προσκυνήσῃς μοι

καὶ οὐκ ἔπεσεν τεθεμελίωτο γὰρ

ἐκείνῃ καὶ ἔπεσεν καὶ ἦν"," will I give if having fallen down you will worship me

 and not it fell it had been founded indeed

 upon that and it fell and was","θησόμεθα. αὐτοὶ συνεποδίσθησαν καὶ ἔπεσαν, ἡμεῖς δὲ ἀνέστημεν καὶ ἀνωρθώθημε"
ἀνορθόω,(an-orth-o'-o),Verb,"to set upright, set straight again","ἀνοικοδομήσω καὶ ἀνορθώσω αὐτήν 

παραλελυμένα γόνατα ἀνορθώσατε "," I will build again and will set upright it

 enfeebled knees lift up","ὶ ἔπεσαν, ἡμεῖς δὲ ἀνέστημεν καὶ ἀνωρθώθημεν. Κύριε, σῶσον τὸν βασιλέα, καὶ"
"βασιλεύς, έως, ὁ",(bas-il-yooce'),"Noun, Masculine",a king,"Ἡρῴδου τοῦ βασιλέως ἰδοὺ μάγοι

ὁ τεχθεὶς βασιλεὺς τῶν Ἰουδαίων

δὲ ὁ βασιλεὺς Ἡρῴδης ἐταράχθη"," of Herod the king behold magi

 the [one] having been born King of the Jews

 moreover the king Herod he was troubled","καὶ ἀνωρθώθημεν. Κύριε, σῶσον τὸν βασιλέα, καὶ ἐπάκουσον ἡμῶν, ἐν ᾗ ἂν ἡμέρ"
"θέλησις, εως, ἡ",(thel'-ay-sis),"Noun, Feminine",will,,,ς καρδίας αὐτοῦ ἔδωκας αὐτῷ καὶ τὴν θέλησιν τῶν χειλέων αὐτοῦ οὐκ ἐστέρησας αὐτ
στερεόω,(ster-eh-o'-o),Verb,"to make firm, strengthen","καὶ οἴδατε ἐστερέωσεν τὸ ὄνομα

οὖν ἐκκλησίαι ἐστερεοῦντο τῇ πίστει"," and know is made strong the name

 Therefore churches were strengthened in the faith",τὴν θέλησιν τῶν χειλέων αὐτοῦ οὐκ ἐστέρησας αὐτόν. ( διάψαλμα ). ὅτι προέφθα
προφθάνω,(prof-than'-o),Verb,to anticipate,,,"έρησας αὐτόν. ( διάψαλμα ). ὅτι προέφθασας αὐτὸν ἐν εὐλογίαις χρηστότητος,"
"εὐλογία, ας, ἡ",(yoo-log-ee'-ah),"Noun, Feminine","praise, blessing","χρηστολογίας καὶ εὐλογίας ἐξαπατῶσιν τὰς

ποτήριον τῆς εὐλογίας ὃ εὐλογοῦμεν

τὴν προεπηγγελμένην εὐλογίαν ὑμῶν ταύτην"," kind speaking and praise deceive the

 cup of blessing which we bless

 the foreannounced blessing of you this","άψαλμα ). ὅτι προέφθασας αὐτὸν ἐν εὐλογίαις χρηστότητος, ἔθηκας ἐπὶ τὴν κεφαλ"
"χρηστότης, τητος, ἡ",(khray-stot'-ace),"Noun, Feminine","goodness, excellence, uprightness","ὁ ποιῶν χρηστότητα οὐκ ἔστιν

ἴδε οὖν χρηστότητα καὶ ἀποτομίαν

δὲ σὲ χρηστότης θεοῦ ἐὰν"," who is practicing good none there is

 Behold therefore [the] kindness and severity

 however you kindness of God if","ὅτι προέφθασας αὐτὸν ἐν εὐλογίαις χρηστότητος, ἔθηκας ἐπὶ τὴν κεφαλὴν αὐτοῦ στ"
τίθημι,(tith'-ay-mee),Verb,"to place, lay, set","ψυχή μου θήσω τὸ πνεῦμά

ἕως ἂν θῶ τοὺς ἐχθρούς

τῶν ὑποκριτῶν θήσει ἐκεῖ ἔσται"," soul of me I will put the Spirit

 until anyhow I place the enemies

 the hypocrites will appoint there will be","ας αὐτὸν ἐν εὐλογίαις χρηστότητος, ἔθηκας ἐπὶ τὴν κεφαλὴν αὐτοῦ στέφανον ἐκ λ"
"κεφαλή, ῆς, ἡ",(kef-al-ay'),"Noun, Feminine",the head,"σου τὴν κεφαλὴν καὶ τὸ

ποῦ τὴν κεφαλὴν κλίνῃ 

τρίχες τῆς κεφαλῆς πᾶσαι ἠριθμημέναι"," your head and the

 [place] where the head he might lay

 hairs of the head all numbered","ογίαις χρηστότητος, ἔθηκας ἐπὶ τὴν κεφαλὴν αὐτοῦ στέφανον ἐκ λίθου τιμίου. ζω"
"στέφανος, ου, ὁ",(stef'-an-os),"Noun, Masculine","that which surrounds, a crown","πλέξαντες ἀκάνθινον στέφανον 

στρατιῶται πλέξαντες στέφανον ἐξ ἀκανθῶν

τὸν ἀκάνθινον στέφανον καὶ τὸ"," having twisted together [it] thorn crown

 soldiers having twisted together a crown of thorns

 the thorny crown and the","τος, ἔθηκας ἐπὶ τὴν κεφαλὴν αὐτοῦ στέφανον ἐκ λίθου τιμίου. ζωὴν ᾐτήσατό σε"
"λίθος, ου, ὁ",(lee'-thos),"Noun, Masculine",a stone,"ἵνα οἱ λίθοι οὗτοι ἄρτοι

προσκόψῃς πρὸς λίθον τὸν πόδα

ἄρτον μὴ λίθον ἐπιδώσει αὐτῷ"," that the stones these loaves of bread

 you strike against a stone the foot

 bread not a stone will he give him","ας ἐπὶ τὴν κεφαλὴν αὐτοῦ στέφανον ἐκ λίθου τιμίου. ζωὴν ᾐτήσατό σε, καὶ ἔδωκα"
"μακρός, ά, όν",(mak-ros'),Adjective,"long, far distant","καὶ προφάσει μακρὰ προσευχόμενοι οὗτοι

εἰς χώραν μακράν καὶ ἐκεῖ

εἰς χώραν μακρὰν λαβεῖν ἑαυτῷ"," and as a pretext at great length pray These

 into a country distant and there

 to a country distant to receive for himself","ωὴν ᾐτήσατό σε, καὶ ἔδωκας αὐτῷ, μακρότητα ἡμερῶν εἰς αἰῶνα αἰῶνος. μεγάλη ἡ"
"μεγαλειότης, τητος, ἡ",(meg-al-i-ot'-ace),"Noun, Feminine","splendor, magnificence","καθαιρεῖσθαι τῆς μεγαλειότητος αὐτῆς ἣν

τῆς ἐκείνου μεγαλειότητος "," to be destroyed the majesty of her whom

 of his majesty","ῦ ἐν τῷ σωτηρίῳ σου, δόξαν καὶ μεγαλοπρέπειαν ἐπιθήσεις ἐπ ̓ αὐτόν· ὅτι δώσει"
ἐπιτίθημι,(ep-ee-tith'-ay-mee),Verb,"to lay upon, to place upon","τὰς χεῖρας ἐπιθῇ αὐτοῖς καὶ

καὶ ἐπιθεὶς τὰς χεῖρας

πῶλον καὶ ἐπέθηκαν ἐπ' αὐτῶν"," [his] hands he might lay on them and

 And having laid [his] hands

 colt and put upon them","ρίῳ σου, δόξαν καὶ μεγαλοπρέπειαν ἐπιθήσεις ἐπ ̓ αὐτόν· ὅτι δώσεις αὐτῷ εὐλογί"
"χαρά, ᾶς, ἡ",(khar-ah'),"Noun, Feminine","joy, delight","εὐθὺς μετὰ χαρᾶς λαμβάνων αὐτόν

ἀπὸ τῆς χαρᾶς αὐτοῦ ὑπάγει

εἰς τὴν χαρὰν τοῦ κυρίου"," immediately with joy receives it

 for the joy of it goes

 into the joy of the master","ἰς αἰῶνα αἰῶνος, εὐφρανεῖς αὐτὸν ἐν χαρᾷ μετὰ τοῦ προσώπου σου. ὅτι ὁ βασιλε"
σαλεύω,(sal-yoo'-o),Verb,"to agitate, shake,  to cast down","τῶν οὐρανῶν σαλευθήσονται 

τοῖς οὐρανοῖς σαλευθήσονται 

καλὸν πεπιεσμένον σεσαλευμένον ὑπερεκχυννόμενον δώσουσιν"," of the heavens will be shaken

 the heavens will be shaken

 good pressed down shaken together running over will they give",καὶ ἐν τῷ ἐλέει τοῦ ̔Υψίστου οὐ μὴ σαλευθῇ. εὑρεθείη ἡ χείρ σου πᾶσι τοῖς ἐχθ
εὑρίσκω,"(hyoo-ris'-ko,)",Verb,to find,"ἐπὰν δὲ εὕρητε ἀπαγγείλατέ μοι

ζητεῖτε καὶ εὑρήσετε κρούετε καὶ

ὁ ζητῶν εὑρίσκει καὶ τῷ"," when moreover you shall have found [him] bring word back to me

 seek and you will find knock and

 he that seeks finds and to him that","ἐλέει τοῦ ̔Υψίστου οὐ μὴ σαλευθῇ. εὑρεθείη ἡ χείρ σου πᾶσι τοῖς ἐχθροῖς σου,"
"ἐχθρός, ά, όν",(ech-thros'),Adjective,hostile,"ἀγαπᾶτε τοὺς ἐχθροὺς ὑμῶν καὶ

καὶ ἐχθροὶ τοῦ ἀνθρώπου

αὐτοῦ ὁ ἐχθρὸς καὶ ἐπέσπειρεν"," Love enemies of you and

 And enemies of the man

 his enemy and sowed","υθῇ. εὑρεθείη ἡ χείρ σου πᾶσι τοῖς ἐχθροῖς σου, ἡ δεξιά σου εὕροι πάντας τοὺς"
"κλίβανος, ου, ὁ",(klib'-an-os),"Noun, Masculine",an oven,αὔριον εἰς κλίβανον βαλλόμενον ὁ, tomorrow into an oven is thrown,ς μισοῦντάς σε. θήσεις αὐτοὺς εἰς κλίβανον πυρὸς εἰς καιρὸν τοῦ προσώπου σου·
"συνοχή, ῆς, ἡ",(soon-okh-ay'),"Noun, Feminine","a holding together, distress",θλίψεως καὶ συνοχῆς καρδίας ἔγραψα, tribulation and distress of heart I wrote,"ροσώπου σου· Κύριος ἐν ὀργῇ αὐτοῦ συνταράξει αὐτούς, καὶ καταφάγεται αὐτοὺς π"
κατεσθίω,(kat-es-thee'-o),Verb,to eat up,"ὑποκριταί ὅτι κατεσθίετε τὰς οἰκίας

πετεινὰ καὶ κατέφαγεν αὐτό 

οἱ κατεσθίοντες τὰς οἰκίας"," hypocrites for you devour the houses

 birds and devoured it

 who devour the houses","ργῇ αὐτοῦ συνταράξει αὐτούς, καὶ καταφάγεται αὐτοὺς πῦρ. τὸν καρπὸν αὐτῶν ἀπὸ"
"καρπός, οῦ, ὁ",(kar-pos'),"Noun, Masculine",fruit,"μὴ ποιοῦν καρπὸν καλὸν ἐκκόπτεται

ἀπὸ τῶν καρπῶν αὐτῶν ἐπιγνώσεσθε

δένδρον ἀγαθὸν καρποὺς καλοὺς ποιεῖ"," not producing fruit good is cut down

 By the fruits of them you will know

 tree good good fruits good produces",", καὶ καταφάγεται αὐτοὺς πῦρ. τὸν καρπὸν αὐτῶν ἀπὸ τῆς γῆς ἀπολεῖς καὶ τὸ σπ"
κλίνω,(klee'-no),Verb,to cause to bend,"ἡμέρα ἤρξατο κλίνειν προσελθόντες δὲ

τὴν κεφαλὴν κλίνῃ 

αὐτῶν καὶ κλινουσῶν τὰ πρόσωπα"," [the] day began to decline having come moreover

 the head he might lay

 of them and bowing the faces","πέρμα αὐτῶν ἀπὸ υἱῶν ἀνθρώπων, ὅτι ἔκλιναν εἰς σὲ κακά, διελογίσαντο βουλάς,"
διαλογίζομαι,(dee-al-og-id'-zom-ahee),Verb,to consider,"εἶπεν Τί διαλογίζεσθε ἐν ἑαυτοῖς

οἱ δὲ διελογίζοντο ἐν ἑαυτοῖς

καθήμενοι καὶ διαλογιζόμενοι ἐν ταῖς"," said Why reason you among yourselves

 and they reasoned with themselves

 sitting and reasoning in the","ώπων, ὅτι ἔκλιναν εἰς σὲ κακά, διελογίσαντο βουλάς, αἷς οὐ μὴ δύνωνται στῆν"
φανερόω,(fan-er-o'-o),Verb,"to make visible, make clear","αὐτῶν περιπατοῦσιν ἐφανερώθη ἐν ἑτέρᾳ

τοῖς ἕνδεκα ἐφανερώθη καὶ ὠνείδισεν

ἀλλ' ἵνα φανερωθῇ τῷ Ἰσραὴλ"," them as they walked he appeared in another

 to the eleven he appeared and rebuked

 but that he might appear to Israel","ἔκλιναν εἰς σὲ κακά, διελογίσαντο βουλάς, αἷς οὐ μὴ δύνωνται στῆναι. ὅτι θ"
"ὅς, ἥ, ὅ",(hos),Relative Pronoun,"usually rel. who, which, that, also demonstrative this, that","αὐτοῦ Ἐμμανουήλ ὅ ἐστιν μεθερμηνευόμενον

αὐτὴν ἕως οὗ ἔτεκεν υἱόν

ὁ ἀστὴρ ὃν εἶδον ἐν"," of him Immanuel which is translated

 her until that she brought forth a son

 the star which they saw in","ν εἰς σὲ κακά, διελογίσαντο βουλάς, αἷς οὐ μὴ δύνωνται στῆναι. ὅτι θήσεις αὐ"
δύναμαι,(doo'-nam-ahee),Verb,"to be able, to have power","κόσμου οὐ δύναται πόλις κρυβῆναι

ὅτι οὐ δύνασαι μίαν τρίχα

Οὐδεὶς δύναται δυσὶ κυρίοις"," world not is able A city to be hidden

 because not you are able one hair

 No one is able two masters",", διελογίσαντο βουλάς, αἷς οὐ μὴ δύνωνται στῆναι. ὅτι θήσεις αὐτοὺς νῶτον·"
ἵστημι,(his'-tay-mee),Verb,"to make to stand, to stand","πόλιν καὶ ἔστησεν αὐτὸν ἐπὶ

τῶν πλατειῶν ἑστῶτες προσεύχεσθαι ὅπως

ἑαυτῆς οὐ σταθήσεται "," city and sets him upon

 of the streets standing to pray so that

 itself not will stand","γίσαντο βουλάς, αἷς οὐ μὴ δύνωνται στῆναι. ὅτι θήσεις αὐτοὺς νῶτον· ἐν τοῖς"
περιλείπω,(per-ee-li'-po),Verb,to be left remaining,ζῶντες οἱ περιλειπόμενοι ἅμα σὺν, living who remain together with,ὅτι θήσεις αὐτοὺς νῶτον· ἐν τοῖς περιλοίποις σου ἑτοιμάσεις τὸ πρόσωπον αὐτῶν
ἑτοιμάζω,(het-oy-mad'-zo),Verb,to prepare,"ἀλλ' οἷς ἡτοίμασται ὑπὸ τοῦ

ἄριστόν μου ἡτοίμακα οἱ ταῦροί

κληρονομήσατε τὴν ἡτοιμασμένην ὑμῖν βασιλείαν"," but [to those] for whom it has been prepared by the

 dinner of me I prepared the oxen

 inherit the prepared for you kingdom","ὺς νῶτον· ἐν τοῖς περιλοίποις σου ἑτοιμάσεις τὸ πρόσωπον αὐτῶν. ὑψώθητι, Κύρ"
"πρόσωπον, ου, τό",(pros'-o-pon),"Noun, Neuter",the face,"καὶ τὸ πρόσωπόν σου νίψαι

μου πρὸ προσώπου σου ὃς

τὸ μὲν πρόσωπον τοῦ οὐρανοῦ"," and the face of you wash

 of me before [the] face of you who

 the indeed appearance of the sky","τοῖς περιλοίποις σου ἑτοιμάσεις τὸ πρόσωπον αὐτῶν. ὑψώθητι, Κύριε, ἐν τῇ δυ"
ὑψόω,(hoop-so'-o),Verb,"to lift or raise up, to exalt, uplift","Ὅστις δὲ ὑψώσει ἑαυτὸν ταπεινωθήσεται

ταπεινώσει ἑαυτὸν ὑψωθήσεται 

θρόνων καὶ ὕψωσεν ταπεινούς "," he who moreover will exalt himself will be humbled

 will humble himself will be exalted

 thrones and exalted [the] humble","σου ἑτοιμάσεις τὸ πρόσωπον αὐτῶν. ὑψώθητι, Κύριε, ἐν τῇ δυνάμει σου· ᾄσομεν"
ᾄδω,(ad'-o),Verb,to sing,"τῇ χάριτι ᾄδοντες ἐν ταῖς

καὶ ᾄδουσιν ᾠδὴν καινὴν

καὶ ᾄδουσιν ὡς ᾠδὴν"," gratitude singing in the

 And they sing a song new

 And they sing as a song","ψώθητι, Κύριε, ἐν τῇ δυνάμει σου· ᾄσομεν καὶ ψαλοῦμεν τὰς δυναστείας σου. Ἅ"
ψάλλω,(psal'-lo),Verb,"to pull, twitch, twang, play, sing","τῷ νοΐ ψαλῶ τῷ πνεύματι

τῷ πνεύματι ψαλῶ δὲ καὶ

ᾄδοντες καὶ ψάλλοντες τῇ καρδίᾳ"," with the mind I will sing praise with the Spirit

 with the Spirit I will sing praise however also

 singing and making melody in the heart","ιε, ἐν τῇ δυνάμει σου· ᾄσομεν καὶ ψαλοῦμεν τὰς δυναστείας σου. Ἅγιος ὁ Θεός"
ἐξακολουθέω,(ex-ak-ol-oo-theh'-o),Verb,"to follow (out, up), to imitate","καὶ πολλοὶ ἐξακολουθήσουσιν αὐτῶν ταῖς

ὁδὸν ἐπλανήθησαν ἐξακολουθήσαντες τῇ ὁδῷ"," and many will follow after their

 way they went astray having followed in the way","ν τὴν κληρονομίαν σου, νίκας τοῖς βασιλεῦσι, κατὰ βαρβάρων δωρούμενος, καὶ τ"
"ἄθεος, ον",(ath'-eh-os),Adjective,"godless, ungodly",,,"σου, νίκας τοῖς βασιλεῦσι, κατὰ βαρβάρων δωρούμενος, καὶ τὸ σὸν φυλάττων,"
δωρέομαι,(do-reh'-om-ahee),Verb,"to give, present, bestow","καὶ εὐσέβειαν δεδωρημένης διὰ τῆς

ἡμῖν ἐπαγγέλματα δεδώρηται ἵνα διὰ"," and godliness has given through the

 to us promises he has given that through","ας τοῖς βασιλεῦσι, κατὰ βαρβάρων δωρούμενος, καὶ τὸ σὸν φυλάττων, διὰ τοῦ Σ"
"πολίτευμα, ατος, τό",(pol-it'-yoo-mah),"Noun, Neuter","a form of government, citizenship",,,"σὸν φυλάττων, διὰ τοῦ Σταυροῦ σου πολίτευμα. Ὁ ὑψωθεὶς ἐν τῷ Σταυρῷ ἑκουσίως"
"σταυρός, οῦ, ὁ",(stow-ros'),"Noun, Masculine","an upright stake, a cross (the Rom. instrument of crucifixion)","ἀράτω τὸν σταυρὸν αὐτοῦ καὶ

ἄρῃ τὸν σταυρὸν αὐτοῦ 

ἀπὸ τοῦ σταυροῦ "," let him take up the cross of him and

 he might carry the cross of him

 from the cross","ροῦ σου πολίτευμα. Ὁ ὑψωθεὶς ἐν τῷ Σταυρῷ ἑκουσίως, τῇ ἐπωνύμῳ σου καινῇ πολ"
ἑκουσίως,(hek-oo-see'-ose),Adverb,voluntarily,ἀναγκαστῶς ἀλλὰ ἑκουσίως κατὰ θεόν, by constraint but willingly according to God,"πολίτευμα. Ὁ ὑψωθεὶς ἐν τῷ Σταυρῷ ἑκουσίως, τῇ ἐπωνύμῳ σου καινῇ πολιτείᾳ,"
"καινός, ή, όν",(kahee-nos'),Adjective,"new, fresh","θησαυροῦ αὐτοῦ καινὰ καὶ παλαιά

μεθ' ὑμῶν καινὸν ἐν τῇ

ἐν τῷ καινῷ αὐτοῦ μνημείῳ"," treasure of him [things] new and old

 with you new in the

 in the new of him tomb","τῷ Σταυρῷ ἑκουσίως, τῇ ἐπωνύμῳ σου καινῇ πολιτείᾳ, τοὺς οἰκτιρμούς σου δώρησ"
"πολιτεία, ας, ἡ",(pol-ee-ti'-ah),"Noun, Feminine",citizenship,ἀπηλλοτριωμένοι τῆς πολιτείας τοῦ Ἰσραὴλ, alienated from the commonwealth of Israel,"ρῷ ἑκουσίως, τῇ ἐπωνύμῳ σου καινῇ πολιτείᾳ, τοὺς οἰκτιρμούς σου δώρησαι, Χρ"
"οἰκτιρμός, οῦ, ὁ",(oyk-tir-mos'),"Noun, Masculine","compassion, pity","πατὴρ τῶν οἰκτιρμῶν καὶ θεὸς

σπλάγχνα καὶ οἰκτιρμοί 

ἠγαπημένοι σπλάγχνα οἰκτιρμοῦ χρηστότητα ταπεινοφροσύνην"," Father of compassions and God

 affections and compassions

 beloved hearts of compassion kindess humility","ἐπωνύμῳ σου καινῇ πολιτείᾳ, τοὺς οἰκτιρμούς σου δώρησαι, Χριστὲ ὁ Θεός, εὔφ"
"πιστός, ή, όν",(pis-tos'),Adjective,"faithful, reliable","ἀγαθὲ καὶ πιστέ ἐπὶ ὀλίγα

ὀλίγα ἦς πιστός ἐπὶ πολλῶν

ἀγαθὲ καὶ πιστέ ἐπὶ ὀλίγα"," good and faithful over a few things

 a few things you were faithful over many things

 good and faithful over a few things",", εὔφρανον ἐν τῇ δυνάμει σου, τοὺς πιστοὺς βασιλεῖς ἡμῶν, νίκας χορηγῶν αὐτοῖ"
χορηγέω,(khor-ayg-eh'-o),Verb,"to lead a chorus (i.e. a group of performers), to defray the cost of a chorus",ἰσχύος ἧς χορηγεῖ ὁ θεός, strength which supplies God,"τοὺς πιστοὺς βασιλεῖς ἡμῶν, νίκας χορηγῶν αὐτοῖς, κατὰ τῶν πολεμίων, τὴν συ"
πολεμέω,(pol-em-eh'-o),Verb,to make war,"ταχύ καὶ πολεμήσω μετ' αὐτῶν

αὐτοῦ τοῦ πολεμῆσαι μετὰ τοῦ

ὁ δράκων ἐπολέμησεν καὶ οἱ"," quickly and will make war with them

 of him warred against the

 the dragon warred and the",", νίκας χορηγῶν αὐτοῖς, κατὰ τῶν πολεμίων, τὴν συμμαχίαν ἔχοιεν τὴν σήν, ὅ"
πρός,(pros),Preposition,"advantageous for, at (denotes local proximity), toward (denotes motion toward a place)","Τότε ἐξεπορεύετο πρὸς αὐτὸν Ἰεροσόλυμα

ἡ ἀξίνη πρὸς τὴν ῥίζαν

τὸν Ἰορδάνην πρὸς τὸν Ἰωάννην"," Then went out to him Jerusalem

 the axe to the root

 the Jordan to John","ν αὐτοῖς, κατὰ τῶν πολεμίων, τὴν συμμαχίαν ἔχοιεν τὴν σήν, ὅπλον εἰρήνης, ἀ"
ἔχω,(ekh'-o),Verb,"to have, hold","ἐν γαστρὶ ἕξει καὶ τέξεται

ὁ Ἰωάννης εἶχεν τὸ ἔνδυμα

ἑαυτοῖς Πατέρα ἔχομεν τὸν Ἀβραάμ"," in womb [child] will have and will bear

 John had the garment

 yourselves [For] father we have Abraham",", κατὰ τῶν πολεμίων, τὴν συμμαχίαν ἔχοιεν τὴν σήν, ὅπλον εἰρήνης, ἀήττητον"
"ὁ, ἡ, τό",(ho),Definite Article,the,"δὲ ἐγέννησεν τὸν Ἰακώβ Ἰακὼβ

δὲ ἐγέννησεν τὸν Ἰούδαν καὶ

Ἰούδαν καὶ τοὺς ἀδελφοὺς αὐτοῦ"," moreover was father of Jacob Jacob

 moreover was father of Judah and

 Judah and the brothers of him","ν πολεμίων, τὴν συμμαχίαν ἔχοιεν τὴν σήν, ὅπλον εἰρήνης, ἀήττητον τρόπαιον."
"ὅπλον, ου, τό",(hop'-lon),"Noun, Neuter","a tool, implement, weapon","μέλη ὑμῶν ὅπλα ἀδικίας τῇ

μέλη ὑμῶν ὅπλα δικαιοσύνης τῷ

δὲ τὰ ὅπλα τοῦ φωτός"," members of you instruments of unrighteousness

 members of you instruments of righteousness

 moreover the armour of light","ίων, τὴν συμμαχίαν ἔχοιεν τὴν σήν, ὅπλον εἰρήνης, ἀήττητον τρόπαιον. Προστα"
"φοβερός, ά, όν",(fob-er-os'),Adjective,fearful,"φοβερὸν τὸ ἐμπεσεῖν

καί οὕτω φοβερὸν ἦν τὸ"," [It is] a fearful thing to fall

 and so fearful was the","νης, ἀήττητον τρόπαιον. Προστασία φοβερὰ καὶ ἀκαταίσχυντε, μὴ παρίδῃς, ἀγα"
"ἀγαθός, ή, όν",(ag-ath-os'),Adjective,good,"οἴδατε δόματα ἀγαθὰ διδόναι τοῖς

οὐρανοῖς δώσει ἀγαθὰ τοῖς αἰτοῦσιν

πᾶν δένδρον ἀγαθὸν καρποὺς καλοὺς"," know [how] gifts good to give to the

 heavens will give good things to them that ask

 every tree good good fruits good","βερὰ καὶ ἀκαταίσχυντε, μὴ παρίδῃς, ἀγαθή, τὰς ἱκεσίας ἡμῶν, πανύμνητε Θεοτό"
στηρίζω,(stay-rid'-zo),Verb,"to make fast, establish","χάσμα μέγα ἐστήρικται ὅπως οἱ

ποτε ἐπιστρέψας στήρισον τοὺς ἀδελφούς

εἰς τὸ στηριχθῆναι ὑμᾶς "," a chasm great has been fixed so that they who

 when having turned back strengthen the brothers

 to the [end] be strengthened you","ἱκεσίας ἡμῶν, πανύμνητε Θεοτόκε, στήριξον ὀρθοδόξων πολιτείαν, σῷζε οὓς ἐκέ"
κελεύω,(kel-yoo'-o),Verb,to command,"τοὺς συνανακειμένους ἐκέλευσεν δοθῆναι 

καὶ κελεύσας τοὺς ὄχλους

σὺ εἶ κέλευσόν με ἐλθεῖν"," those who reclined with [him at table] he commanded [it] to be given

 And having commanded the crowds

 you [it] be you bid me to come","ξον ὀρθοδόξων πολιτείαν, σῷζε οὓς ἐκέλευσας βασιλεύειν, καὶ χορήγει αὐτοῖς οὐ"
βασιλεύω,(bas-il-yoo'-o),Verb,"to be king, reign","καὶ βασιλεύσει ἐπὶ τὸν

θέλομεν τοῦτον βασιλεῦσαι ἐφ' ἡμᾶς

θελήσαντάς με βασιλεῦσαι ἐπ' αὐτοὺς"," and he will reign over the

 We are willing [for] this [man] to reign over us

 having been willing [for] me to reign over them","ων πολιτείαν, σῷζε οὓς ἐκέλευσας βασιλεύειν, καὶ χορήγει αὐτοῖς οὐρανόθεν τὴ"
