ἐκλεκτός,(ek-lek-tos'),"select, by implication favorite",ὀλίγοι δὲ ἐκλεκτοί <br><br>δὲ τοὺς ἐκλεκτοὺς κολοβωθήσονται αἱ<br><br>καὶ τοὺς ἐκλεκτούς , few however chosen<br><br> however the elect will be shortened the<br><br> even the elect,Adjective,"""πρεσβύτερος <b>ἐκλεκτῇ</b> κυρίᾳ καὶ τοῖς τέκνοις αὐτῆς,""",ἐκλεκτῇ,BibleHub
μένω,(men'-o),"to stay, abide, remain",ἐν σοί ἔμεινεν ἂν μέχρι<br><br>ἕως θανάτου μείνατε ὧδε καὶ<br><br>οἰκίαν ἐκεῖ μένετε ἕως ἂν, in you it had remained anyhow until<br><br> even to death remain here and<br><br> a house there remain until anyhow,Verb,"""ἀλήθειαν, διὰ τὴν ἀλήθειαν τὴν <b>μένουσαν</b> ἐν ἡμῖν, καὶ μεθ ’ ἡμῶν ἔσται""",μένουσαν,BibleHub
κύριος,(koo'-ree-os),"lord, master",ῥηθὲν ὑπὸ Κυρίου διὰ τοῦ<br><br>ὁ ἄγγελος Κυρίου καὶ παρέλαβεν<br><br>ἰδοὺ ἄγγελος Κυρίου φαίνεται κατ', having been spoken by the Lord through the<br><br> the angel of [the] Lord and took to [him]<br><br> behold an angel of [the] Lord appears in,"Noun, Masculine","""παρὰ Θεοῦ πατρός, καὶ παρὰ <b>κυρίου</b> Ἰησοῦ Χριστοῦ τοῦ υἱοῦ τοῦ πατρός""",Κυρίου,BibleHub
Ἰησοῦς,(ee-ay-sooce'),"Jesus or Joshua, the name of the Messiah, also three other Isr",ἧς ἐγεννήθη Ἰησοῦς ὁ λεγόμενος<br><br>ΤΟΥ ΔΕ ΙΗΣΟΥ ΧΡΙΣΤΟΥ ἡ<br><br>ὄνομα αὐτοῦ Ἰησοῦν αὐτὸς γὰρ, whom was born Jesus who is called<br><br> now of Jesus Christ the<br><br> name of him Jesus he indeed,"Noun, Masculine","""παρὰ Θεοῦ πατρός, καὶ παρὰ Κυρίου <b>ἰησοῦ</b> Χριστοῦ τοῦ υἱοῦ τοῦ πατρός, ἐν""",Ἰησοῦ,BibleHub
χαίρω,(khah'-ee-ro),"to rejoice, be glad",χαίρετε καὶ ἀγαλλιᾶσθε<br><br>ὑμῖν ὅτι χαίρει ἐπ' αὐτῷ<br><br>Ἰησοῦ εἶπεν Χαῖρε ῥαββί καὶ, Rejoice and exult<br><br> to you that he rejoices over it<br><br> to Jesus he said Greetings Rabbi and,Verb,"""πατρός, ἐν ἀληθείᾳ καὶ ἀγάπῃ. <b>ἐχάρην</b> λίαν ὅτι εὕρηκα ἐκ τῶν τέκνων σου""",Ἐχάρην,BibleHub
περιπατέω,(per-ee-pat-eh'-o),to walk,Ἔγειρε καὶ περιπάτει <br><br>καὶ χωλοὶ περιπατοῦσιν λεπροὶ καθαρίζονται<br><br>πρὸς αὐτοὺς περιπατῶν ἐπὶ τὴν, Arise and walk<br><br> and lame walk lepers are cleansed<br><br> to them walking on the,Verb,"""ὅτι εὕρηκα ἐκ τῶν τέκνων σου <b>περιπατοῦντας</b> ἐν ἀληθείᾳ, καθὼς ἐντολὴν""",περιπατοῦντας,BibleHub
ἐρωτάω,(er-o-tah'-o),"to ask, question",τῆς Φιλίππου ἠρώτα τοὺς μαθητὰς<br><br>Τί με ἐρωτᾷς περὶ τοῦ<br><br>εἶπεν αὐτοῖς Ἐρωτήσω ὑμᾶς κἀγὼ, Philippi he questioned the disciples<br><br> Why me ask you about what is<br><br> said to them Will ask you I also,Verb,"""ἐλάβομεν παρὰ τοῦ πατρός. καὶ νῦν <b>ἐρωτῶ</b> σε, κυρία, οὐχ ὡς ἐντολὴν γράφων""",ἐρωτῶ,BibleHub
κυρία,(koo-ree'-ah),a lady,ἐρωτῶ σε κυρία οὐχ ὡς, I implore you lady not as,"Noun, Feminine","""τοῦ πατρός. καὶ νῦν ἐρωτῶ σε, <b>κυρία</b>, οὐχ ὡς ἐντολὴν γράφων σοι καινήν""",κυρία,BibleHub
ἀλλήλων,(al-lay'-lone),of one another,καὶ μισήσουσιν ἀλλήλους <br><br>αὐτοὺς ἀπ' ἀλλήλων ὥσπερ ὁ<br><br>ἔλεγον πρὸς ἀλλήλους Τίς ἄρα, and will hate one another<br><br> them from one another as the<br><br> said to each other Who then,Reciprocal Pronoun,"""ἀπ ’ ἀρχῆς, ἵνα ἀγαπῶμεν <b>ἀλλήλους</b>. καὶ αὕτη ἐστὶν ἡ ἀγάπη, ἵνα""",ἀλλήλους,BibleHub
πλάνος,(plan'-os),"wandering, leading astray (adjective), a deceiver (subst.)",εὐφημίας ὡς πλάνοι καὶ ἀληθεῖς<br><br>προσέχοντες πνεύμασιν πλάνοις καὶ διδασκαλίαις<br><br>ὅτι πολλοὶ πλάνοι ἐξῆλθον εἰς, good report as deceivers and yet true<br><br> giving heed to spirits deceiving and teachings<br><br> Because many deceivers entered into,Adjective,"""ἐν αὐτῇ περιπατῆτε. ὅτι πολλοὶ <b>πλάνοι</b> εἰσῆλθον εἰς τὸν κόσμον, οἱ μὴ""",πλάνοι,BibleHub
εἰσέρχομαι,(ice-er'-khom-ahee),"to go in (to), enter",οὐ μὴ εἰσέλθητε εἰς τὴν<br><br>ὅταν προσεύχῃ εἴσελθε εἰς τὸ<br><br>Εἰσέλθατε διὰ τῆς, no not shall you enter into the<br><br> when you pray enter into the<br><br> Enter in through the,Verb,"""περιπατῆτε. ὅτι πολλοὶ πλάνοι <b>εἰσῆλθον</b> εἰς τὸν κόσμον, οἱ μὴ""",εἰσῆλθον,BibleHub
πάσχω,(pas'-kho),"to suffer, to be acted on",ἀνθρώπου μέλλει πάσχειν ὑπ' αὐτῶν<br><br>καὶ κακῶς πάσχει πολλάκις γὰρ<br><br>πολλὰ γὰρ ἔπαθον σήμερον κατ', of man is about to suffer from them<br><br> and miserably suffers often indeed<br><br> many things indeed I suffered today in,Verb,"""οἱ μὴ ὁμολογοῦντες Ἰησοῦν <b>χριστὸν</b> ἐρχόμενον ἐν σαρκί. οὗτός ἐστιν""",Χριστὸν,BibleHub
ἀντίχριστος,(an-tee'-khris-tos),"antichrist, (one who opposes Christ)",καὶ νῦν ἀντίχριστοι πολλοὶ γεγόνασιν<br><br>ἐστιν ὁ ἀντίχριστος ὁ ἀρνούμενος<br><br>τὸ τοῦ ἀντιχρίστου ὃ ἀκηκόατε, even now antichrists many have arisen<br><br> is the antichrist who denies<br><br> that of the antichrist [of] which you heard,"Noun, Masculine","""οὗτός ἐστιν ὁ πλάνος καὶ ὁ <b>ἀντίχριστος</b>. βλέπετε ἑαυτούς, ἵνα μὴ""",ἀντίχριστος,BibleHub
βλέπω,(blep'-o),to look (at),σου ὁ βλέπων ἐν τῷ<br><br>σου ὁ βλέπων ἐν τῷ<br><br>σου ὁ βλέπων ἐν τῷ, of you who sees in<br><br> of you who sees in<br><br> of you who sees in,Verb,"""ὁ πλάνος καὶ ὁ ἀντίχριστος. <b>βλέπετε</b> ἑαυτούς, ἵνα μὴ ἀπολέσωμεν ἃ""",βλέπετε,BibleHub
ἀπόλλυμι,(ap-ol'-loo-mee),"to destroy, destroy utterly",σοι ἵνα ἀπόληται ἓν τῶν<br><br>σοι ἵνα ἀπόληται ἓν τῶν<br><br>Κύριε σῶσον ἀπολλύμεθα , for you that should perish one of the<br><br> for you that should perish one of the<br><br> Lord save us we are perishing,Verb,"""βλέπετε ἑαυτούς, ἵνα μὴ <b>ἀπολέσωμεν</b> ἃ εἰργασάμεθα, ἀλλὰ μισθὸν""",ἀπολέσωμεν,BibleHub
ἐργάζομαι,(er-gad'-zom-ahee),"to search, examine",ὕπαγε σήμερον ἐργάζου ἐν τῷ<br><br>τάλαντα λαβὼν ἠργάσατο ἐν αὐτοῖς<br><br>γὰρ καλὸν ἠργάσατο εἰς ἐμέ, go today work in the<br><br> talents having received traded with them<br><br> indeed good she did to me,Verb,"""ἑαυτούς, ἵνα μὴ ἀπολέσωμεν ἃ <b>εἰργασάμεθα</b>, ἀλλὰ μισθὸν πλήρη ἀπολάβωμεν""",εἰργασάμεθα,BibleHub
μισθός,(mis-thos'),"wages, hire",ὑμᾶς τίνα μισθὸν ἔχετε οὐχὶ<br><br>δὲ μή¦γε μισθὸν οὐκ ἔχετε<br><br>ἀπέχουσιν τὸν μισθὸν αὐτῶν , you what reward have you do not<br><br> moreover lest reward no you have<br><br> they have the reward of them,"Noun, Masculine","""ἀπολέσωμεν ἃ εἰργασάμεθα, ἀλλὰ <b>μισθὸν</b> πλήρη ἀπολάβωμεν. πᾶς ὁ""",μισθὸν,BibleHub
πλήρης,(play'-race),full,ἑπτὰ σπυρίδας πλήρεις <br><br>στάχυν εἶτα πλήρης σῖτον ἐν<br><br>κοφίνους κλασμάτων πλήρεις ἤρατε λέγουσιν, seven baskets full<br><br> an ear then full grain in<br><br> hand-baskets of fragments full took you up They say,Adjective,"""ἃ εἰργασάμεθα, ἀλλὰ μισθὸν <b>πλήρη</b> ἀπολάβωμεν. πᾶς ὁ παραβαίνων καὶ""",πλήρη,BibleHub
ἀπολαμβάνω,(ap-ol-am-ban'-o),"to receive from, receive as one's due",δανίζουσιν ἵνα ἀπολάβωσιν τὰ ἴσα<br><br>ὑγιαίνοντα αὐτὸν ἀπέλαβεν <br><br>μνήσθητι ὅτι ἀπέλαβες τὰ ἀγαθά, lend that they might receive the same amount<br><br> safe and well him he received<br><br> remember that you did fully receive the [things] good,Verb,"""εἰργασάμεθα, ἀλλὰ μισθὸν πλήρη <b>ἀπολάβωμεν</b>. πᾶς ὁ παραβαίνων καὶ μὴ μένων""",ἀπολάβωμεν,BibleHub
παραβαίνω,(par-ab-ah'-ee-no),"to go by the side of, to go past",καὶ ὑμεῖς παραβαίνετε τὴν ἐντολὴν<br><br>ἀφ' ἧς παρέβη Ἰούδας πορευθῆναι, also you break the commandment<br><br> from which turned aside Judas to go,Verb,"""μισθὸν πλήρη ἀπολάβωμεν. πᾶς ὁ <b>παραβαίνων</b> καὶ μὴ μένων ἐν τῇ διδαχῇ τοῦ""",παραβαίνων,BibleHub
διδαχή,(did-akh-ay'),"doctrine, teaching",ἀπὸ τῆς διδαχῆς τῶν Φαρισαίων<br><br>ἐπὶ τῇ διδαχῇ αὐτοῦ <br><br>ἐπὶ τῇ διδαχῇ αὐτοῦ ἦν, of the teaching of the Pharisees<br><br> at the teaching of him<br><br> at the teaching of him he was,"Noun, Feminine","""πρὸς ὑμᾶς, καὶ ταύτην τὴν <b>διδαχὴν</b> οὐ φέρει, μὴ λαμβάνετε αὐτὸν εἰς""",διδαχὴν,BibleHub
φέρω,(fer'-o),"to bear, carry, bring forth",κορασίῳ καὶ ἤνεγκεν τῇ μητρὶ<br><br>δὲ εἶπεν Φέρετέ μοι ὧδε<br><br>ἀνέξομαι ὑμῶν φέρετέ μοι αὐτὸν, girl and she brought [it] to [the] mother<br><br> moreover he said Bring to me here<br><br> will I bear with you Bring to me him,Verb,"""ὑμᾶς, καὶ ταύτην τὴν διδαχὴν οὐ <b>φέρει</b>, μὴ λαμβάνετε αὐτὸν εἰς οἰκίαν,""",φέρει,BibleHub
οἰκία,(oy-kee'-ah),"a house, dwelling",ἐν τῇ οἰκίᾳ <br><br>αὐτοῦ τὴν οἰκίαν ἐπὶ τὴν<br><br>προσέπεσαν τῇ οἰκίᾳ ἐκείνῃ καὶ, [are] in the house<br><br> his house upon the<br><br> fell house upon that and,"Noun, Feminine","""οὐ φέρει, μὴ λαμβάνετε αὐτὸν εἰς <b>οἰκίαν</b>, καὶ χαίρειν αὐτῷ μὴ λέγετε· ὁ""",οἰκίαν,BibleHub
κοινωνέω,(koy-no-neh'-o),to have a share of,πνευματικοῖς αὐτῶν ἐκοινώνησαν τὰ ἔθνη<br><br>Κοινωνείτω δὲ ὁ<br><br>μοι ἐκκλησία ἐκοινώνησεν εἰς λόγον, spiritual of them participated the Gentiles<br><br> Let share moreover the [one]<br><br> with me church had fellowship with regard to an account,Verb,"""λέγετε· ὁ γὰρ λέγων αὐτῷ χαίρειν <b>κοινωνεῖ</b> τοῖς ἔργοις αὐτοῦ τοῖς πονηροῖς""",κοινωνεῖ,BibleHub
χάρτης,(khar'-tace),a sheet of paper (made of papyrus strips),,,"Noun, Masculine","""ὑμῖν γράφειν, οὐκ ἠβουλήθην διὰ <b>χάρτου</b> καὶ μέλανος· ἀλλὰ ἐλπίζω ἐλθεῖν""",χάρτου,BibleHub
πληρόω,(play-ro'-o),"to make full, to complete",Ἡρῴδου ἵνα πληρωθῇ τὸ ῥηθὲν<br><br>Τότε ἐπληρώθη τὸ ῥηθὲν<br><br>Ναζαρέτ ὅπως πληρωθῇ τὸ ῥηθὲν, of Herod that might be fulfilled that having been spoken<br><br> Then was fulfilled that having been spoken<br><br> Nazareth so that should be fulfilled that having been spoken,Verb,"""λαλῆσαι, ἵνα ἡ χαρὰ ἡμῶν ᾖ <b>πεπληρωμένη</b>. ἀσπάζεταί σε τὰ τέκνα τῆς""",πεπληρωμένη,BibleHub
Ἐπαφρᾶς,(ep-af-ras'),"Epaphras, a Christian",ἀσπάζεται ὑμᾶς Ἐπαφρᾶς ὁ ἐξ<br><br>Ἀσπάζεταί σε Ἐπαφρᾶς ὁ συναιχμάλωτός, Greets you Epaphras who [is] of<br><br> greets you Epaphras fellow prisoner,"Noun, Masculine","""ἵνα ἡ χαρὰ ἡμῶν ᾖ πεπληρωμένη. <b>ἀσπάζεταί</b> σε τὰ τέκνα τῆς ἀδελφῆς σου τῆς""",ἀσπάζεταί,BibleHub
ἀδελφή,(ad-el-fay'),sister,καὶ αἱ ἀδελφαὶ αὐτοῦ οὐχὶ<br><br>ἀδελφοὺς ἢ ἀδελφὰς ἢ πατέρα<br><br>καὶ αἱ ἀδελφαί σου ἔξω, and the sisters of him not<br><br> brothers or sisters or father<br><br> and the sister of you outside,"Noun, Feminine","""ἀσπάζεταί σε τὰ τέκνα τῆς <b>ἀδελφῆς</b> σου τῆς ἐκλεκτῆς· ἀμήν. Ὁ""",ἀδελφῆς,BibleHub
Γάϊος,(gah'-ee-os),"Gaius, the name of several Christian",Σέκουνδος καὶ Γαῖος Δερβαῖος καὶ<br><br>ἀσπάζεται ὑμᾶς Γαῖος ὁ ξένος<br><br>Κρίσπον καὶ Γαῖον , Secundus and Gaius of Derbe and<br><br> Greets you Gaius the host<br><br> Crispus and Gaius,"Noun, Masculine","""τῆς ἐκλεκτῆς· ἀμήν. Ὁ πρεσβύτερος <b>γαΐῳ</b> τῷ ἀγαπητῷ, ὃν ἐγὼ ἀγαπῶ ἐν""",Γαΐῳ,BibleHub
εὔχομαι,(yoo'-khom-ahee),to pray,ἀγκύρας τέσσαρας ηὔχοντο ἡμέραν γενέσθαι<br><br>ηὐχόμην γὰρ ἀνάθεμα<br><br>εὐχόμεθα δὲ πρὸς, anchors four they prayed day to come<br><br> I was wishing indeed a curse<br><br> I pray moreover to,Verb,"""ἀληθείᾳ. Ἀγαπητέ, περὶ πάντων <b>εὔχομαί</b> σε εὐοδοῦσθαι καὶ ὑγιαίνειν,""",εὔχομαί,BibleHub
εὐοδόω,(yoo-od-o'-o),to have a prosperous journey,ὅτι ἐὰν εὐοδῶται ἵνα μὴ<br><br>εὔχομαί σε εὐοδοῦσθαι καὶ ὑγιαίνειν<br><br>ὑγιαίνειν καθὼς εὐοδοῦταί σου ἡ, what if he might be prospered in that not<br><br> I wish you to prosper and be in health<br><br> be in health even as prospers your,Verb,"""περὶ πάντων εὔχομαί σε <b>εὐοδοῦσθαι</b> καὶ ὑγιαίνειν, καθὼς εὐοδοῦταί""",εὐοδοῦσθαι,BibleHub
ὑγιαίνω,(hoog-ee-ah'-ee-no),"to be sound, healthy",τὸν δοῦλον ὑγιαίνοντα <br><br>σιτευτόν ὅτι ὑγιαίνοντα αὐτὸν ἀπέλαβεν<br><br>ἕτερον τῇ ὑγιαινούσῃ διδασκαλίᾳ ἀντίκειται, the servant in good health<br><br> fattened because safe and well him he received<br><br> other this being sound teaching is opposed to,Verb,"""πάντων εὔχομαί σε εὐοδοῦσθαι καὶ <b>ὑγιαίνειν</b>, καθὼς εὐοδοῦταί σου ἡ ψυχή.""",ὑγιαίνειν,BibleHub
μαρτυρέω,(mar-too-reh'-o),"to bear witness, testify",καὶ πάντες ἐμαρτύρουν αὐτῷ καὶ<br><br>μαρτυρίαν ἵνα μαρτυρήσῃ περὶ τοῦ<br><br>ἀλλ' ἵνα μαρτυρήσῃ περὶ τοῦ, And all bore witness to him and<br><br> a witness that he might testify concerning the<br><br> but that he might witness concerning the,Verb,"""λίαν, ἐρχομένων ἀδελφῶν καὶ <b>μαρτυρούντων</b> σου τῇ ἀληθείᾳ, καθὼς σὺ ἐν""",μαρτυρούντων,BibleHub
ξένος,(xen'-os),"foreign, a foreigner, guest",σε εἴδομεν ξένον καὶ συνηγάγομεν<br><br>ξένος ἤμην καὶ<br><br>διψῶντα ἢ ξένον ἢ γυμνὸν, you saw we a stranger and took [you] in<br><br> a stranger I was and<br><br> thirsting or a stranger or naked,Adjective,"""εἰς τοὺς ἀδελφοὺς καὶ εἰς τοὺς <b>ξένους</b>, οἳ ἐμαρτύρησάν σου τῇ ἀγάπῃ""",ξένους,BibleHub
ἐνώπιον,(en-o'-pee-on),"in sight of, before",αὐτὸς προελεύσεται ἐνώπιον αὐτοῦ ἐν<br><br>ὁ παρεστηκὼς ἐνώπιον τοῦ θεοῦ<br><br>καὶ δικαιοσύνῃ ἐνώπιον αὐτοῦ πάσαις, he will go forth before him in<br><br> who stand before God<br><br> and righteousness before him all,Adverb,"""οἳ ἐμαρτύρησάν σου τῇ ἀγάπῃ <b>ἐνώπιον</b> ἐκκλησίας· οὓς καλῶς ποιήσεις""",ἐνώπιον,BibleHub
καλῶς,(kal-oce'),well,τοῖς σάββασιν καλῶς ποιεῖν <br><br>ὑποκριταί καλῶς ἐπροφήτευσεν περὶ<br><br>εἶπεν αὐτοῖς Καλῶς ἐπροφήτευσεν Ἠσαίας, on the Sabbath good to do<br><br> Hypocrites rightly prophesied concerning<br><br> he said to them Rightly prophesied Isaiah,Adverb,"""τῇ ἀγάπῃ ἐνώπιον ἐκκλησίας· οὓς <b>καλῶς</b> ποιήσεις προπέμψας ἀξίως τοῦ Θεοῦ""",καλῶς,BibleHub
ποιέω,(poy-eh'-o),"to make, do",Κυρίου εὐθείας ποιεῖτε τὰς τρίβους<br><br>ποιήσατε οὖν καρπὸν<br><br>δένδρον μὴ ποιοῦν καρπὸν καλὸν, of [the] Lord straight make the paths<br><br> Produce therefore fruit<br><br> tree not producing fruit good,Verb,"""ἐνώπιον ἐκκλησίας· οὓς καλῶς <b>ποιήσεις</b> προπέμψας ἀξίως τοῦ Θεοῦ. ὑπὲρ""",ποιήσεις,BibleHub
προπέμπω,(prop-em'-po),"to send before, send forth",αὐτοῦ θεωρεῖν προέπεμπον δὲ αὐτὸν<br><br>ἐξελθόντες ἐπορευόμεθα προπεμπόντων ἡμᾶς πάντων<br><br>ὑφ' ὑμῶν προπεμφθῆναι ἐκεῖ ἐὰν, of him to see they accompanied moreover him<br><br> having set out we journeyed accompanying us all<br><br> by you to be set forward there if,Verb,"""ἐκκλησίας· οὓς καλῶς ποιήσεις <b>προπέμψας</b> ἀξίως τοῦ Θεοῦ. ὑπὲρ γὰρ τοῦ""",προπέμψας,BibleHub
ἀξίως,(ax-ee'-oce),worthily,ἐν κυρίῳ ἀξίως περιπατῆσαι τῆς<br><br>Μόνον ἀξίως τοῦ εὐαγγελίου<br><br>περιπατῆσαι ἀξίως τοῦ κυρίου, in [the] Lord worthily to walk of the<br><br> Only worthily of the gospel<br><br> to walk worthily of the Lord,Adverb,"""οὓς καλῶς ποιήσεις προπέμψας <b>ἀξίως</b> τοῦ Θεοῦ. ὑπὲρ γὰρ τοῦ ὀνόματος""",ἀξίως,BibleHub
ὄνομα,(on'-om-ah),"a name, authority, cause",καλέσουσιν τὸ ὄνομα αὐτοῦ Ἐμμανουήλ<br><br>ἐκάλεσεν τὸ ὄνομα αὐτοῦ Ἰησοῦν<br><br>Ἁγιασθήτω τὸ ὄνομά σου , they will call the name of him Immanuel<br><br> he called the name of him Jesus<br><br> hallowed be the name of you,"Noun, Neuter","""ἀξίως τοῦ Θεοῦ. ὑπὲρ γὰρ τοῦ <b>ὀνόματος</b> αὐτοῦ ἐξῆλθον μηδὲν λαμβάνοντες""",ὀνόματος,BibleHub
μηδείς,(may-dice'),"no one, nothing",λέγων Ὁρᾶτε μηδεὶς γινωσκέτω <br><br>μαθηταῖς ἵνα μηδενὶ εἴπωσιν ὅτι<br><br>Ἰησοῦς λέγων Μηδενὶ εἴπητε τὸ, saying See that no one let know [it]<br><br> disciples that to no one they should say that<br><br> Jesus saying To no one tell the,Adjective,"""γὰρ τοῦ ὀνόματος αὐτοῦ ἐξῆλθον <b>μηδὲν</b> λαμβάνοντες ἀπὸ τῶν ἐθνῶν. ἡμεῖς""",μηδὲν,BibleHub
ἀπέχομαι,(ap-ekh'-om-ahee),abstain,,,Verb,"""ἐθνῶν. ἡμεῖς οὖν ὀφείλομεν <b>ἀπολαμβάνειν</b> τοὺς τοιούτους, ἵνα συνεργοὶ""",ἀπολαμβάνειν,BibleHub
συνεργός,(soon-er-gos'),a fellow worker,Οὐρβανὸν τὸν συνεργὸν ἡμῶν ἐν<br><br>Τιμόθεος ὁ συνεργός μου καὶ<br><br>γάρ ἐσμεν συνεργοί θεοῦ γεώργιον, Urbanus the fellow worker of us in<br><br> Timothy the fellow worker of me and<br><br> indeed we are fellow workers God's field,Adjective,"""τοὺς τοιούτους, ἵνα <b>συνεργοὶ</b> γινώμεθα τῇ ἀληθείᾳ. Ἔγραψα τῇ""",συνεργοὶ,BibleHub
γράφω,(graf'-o),to write,ἀποκριθεὶς εἶπεν Γέγραπται Οὐκ ἐπ'<br><br>σεαυτὸν κάτω γέγραπται γὰρ ὅτι<br><br>Ἰησοῦς Πάλιν γέγραπται Οὐκ ἐκπειράσεις, having answered he said It has been written Not by<br><br> yourself down it has been written indeed<br><br> Jesus Again it has been written not You will test,Verb,"""συνεργοὶ γινώμεθα τῇ ἀληθείᾳ. <b>ἔγραψα</b> τῇ ἐκκλησίᾳ· ἀλλ ’ ὁ φιλοπρωτεύων""",Ἔγραψα,BibleHub
φιλοπρωτεύω,(fil-op-rote-yoo'-o),to strive to be first,,,Verb,"""Ἔγραψα τῇ ἐκκλησίᾳ· ἀλλ ’ ὁ <b>φιλοπρωτεύων</b> αὐτῶν Διοτρεφὴς οὐκ ἐπιδέχεται""",φιλοπρωτεύων,BibleHub
ὑπομιμνῄσκω,(hoop-om-im-nace'-ko),"to cause (one) to remember, to remind",πάντα καὶ ὑπομνήσει ὑμᾶς πάντα<br><br>Ταῦτα ὑπομίμνησκε διαμαρτυρόμενος ἐνώπιον<br><br>Ὑπομίμνησκε αὐτοὺς ἀρχαῖς, all things and will bring to remembrance of you all things<br><br> These things put in remembrance of testifying earnestly before<br><br> Put in remembrance them to rulers,Verb,"""ἡμᾶς. διὰ τοῦτο, ἐὰν ἔλθω, <b>ὑπομνήσω</b> αὐτοῦ τὰ ἔργα ἃ ποιεῖ, λόγοις""",ὑπομνήσω,BibleHub
φλυαρέω,(floo-ar-eh'-o),to talk nonsense,,,Verb,"""τὰ ἔργα ἃ ποιεῖ, λόγοις πονηροῖς <b>φλυαρῶν</b> ἡμᾶς· καὶ μὴ ἀρκούμενος ἐπὶ""",φλυαρῶν,BibleHub
ἀρκέω,(ar-keh'-o),"to assist, suffice",συκοφαντήσητε καὶ ἀρκεῖσθε τοῖς ὀψωνίοις<br><br>ἄρτοι οὐκ ἀρκοῦσιν αὐτοῖς ἵνα<br><br>πατέρα καὶ ἀρκεῖ ἡμῖν , accuse falsely and be content with the wages<br><br> loaves not are sufficient for them that<br><br> Father and it is enough for us,Verb,"""πονηροῖς φλυαρῶν ἡμᾶς· καὶ μὴ <b>ἀρκούμενος</b> ἐπὶ τούτοις, οὔτε αὐτὸς""",ἀρκούμενος,BibleHub
οὔτε,(oo'-teh),"and not, neither",οὔτε σὴς οὔτε βρῶσις ἀφανίζει<br><br>ἀφεθήσεται αὐτῷ οὔτε ἐν τούτῳ<br><br>τῷ αἰῶνι οὔτε ἐν τῷ, neither moth nor rust destroys<br><br> it will be forgiven him neither in this<br><br> the age nor in the,"Conjunction,Negative","""καὶ μὴ ἀρκούμενος ἐπὶ τούτοις, <b>οὔτε</b> αὐτὸς ἐπιδέχεται τοὺς ἀδελφούς,""",οὔτε,BibleHub
κωλύω,(ko-loo'-o),to hinder,δαιμόνια καὶ ἐκωλύομεν αὐτόν ὅτι<br><br>εἶπεν Μὴ κωλύετε αὐτόν οὐδεὶς<br><br>με μὴ κωλύετε αὐτά τῶν, demons and we forbade him because<br><br> said not Forbid him no one<br><br> me not do hinder them to the,Verb,"""ἀδελφούς, καὶ τοὺς βουλομένους <b>κωλύει</b>, καὶ ἐκ τῆς ἐκκλησίας ἐκβάλλει.""",κωλύει,BibleHub
ἐκβάλλω,(ek-bal'-lo),to cast out,ὑποκριτά ἔκβαλε πρῶτον ἐκ<br><br>τότε διαβλέψεις ἐκβαλεῖν τὸ κάρφος<br><br>ὀνόματι δαιμόνια ἐξεβάλομεν καὶ τῷ, hypocrite cast out first out of<br><br> then you will see clearly to cast out the speck<br><br> name demons cast out and [in],Verb,"""κωλύει, καὶ ἐκ τῆς ἐκκλησίας <b>ἐκβάλλει</b>. ἀγαπητέ, μὴ μιμοῦ τὸ κακόν,""",ἐκβάλλει,BibleHub
μιμέομαι,(mim-eh'-om-ahee),to imitate,εἰς τὸ μιμεῖσθαι ἡμᾶς <br><br>τῆς ἀναστροφῆς μιμεῖσθε τὴν πίστιν<br><br>Ἀγαπητέ μὴ μιμοῦ τὸ κακὸν, for to imitate us<br><br> of the way of life imitate the faith<br><br> Beloved not do imitate that which [is] evil,Verb,"""ἐκκλησίας ἐκβάλλει. ἀγαπητέ, μὴ <b>μιμοῦ</b> τὸ κακόν, ἀλλὰ τὸ ἀγαθόν. ὁ""",μιμοῦ,BibleHub
κακός,(kak-os'),"bad, evil",εἴπῃ ὁ κακὸς δοῦλος ἐκεῖνος<br><br>Τί γὰρ κακὸν ἐποίησεν οἱ<br><br>διαλογισμοὶ οἱ κακοὶ ἐκπορεύονται πορνεῖαι, should say the evil servant that<br><br> What indeed evil did he commit<br><br> thoughts evil go forth sexual immorality,Adjective,"""ἐκβάλλει. ἀγαπητέ, μὴ μιμοῦ τὸ <b>κακόν</b>, ἀλλὰ τὸ ἀγαθόν. ὁ ἀγαθοποιῶν ἐκ""",κακόν,BibleHub
ἀγαθοποιέω,(ag-ath-op-oy-eh'-o),to do good,τῷ σαββάτῳ ἀγαθοποιῆσαι ἢ κακοποιῆσαι<br><br>γὰρ ἐὰν ἀγαθοποιῆτε τοὺς ἀγαθοποιοῦντας<br><br>ἀγαθοποιῆτε τοὺς ἀγαθοποιοῦντας ὑμᾶς ποία, on the Sabbath to do good or to do evil<br><br> indeed if you do good to those who do good to<br><br> you do good to those who do good to you what,Verb,"""τὸ κακόν, ἀλλὰ τὸ ἀγαθόν. ὁ <b>ἀγαθοποιῶν</b> ἐκ τοῦ Θεοῦ ἐστιν· ὁ δὲ""",ἀγαθοποιῶν,BibleHub
κακοποιός,(kak-op-oy-os'),an evildoer,εἰς ἐκδίκησιν κακοποιῶν ἔπαινον δὲ<br><br>κλέπτης ἢ κακοποιὸς ἢ ὡς, for vengenace [on] evildoers praise moreover<br><br> thief or evildoer or as,Adjective,"""ἐκ τοῦ Θεοῦ ἐστιν· ὁ δὲ <b>κακοποιῶν</b> οὐχ ἑώρακε τὸν Θεόν. Δημητρίῳ""",κακοποιῶν,BibleHub
θεός,(theh'-os),"God, a god",δύναται ὁ θεὸς ἐκ τῶν<br><br>πνεῦμα τοῦ θεοῦ καταβαῖνον ὡσεὶ<br><br>εἶ τοῦ θεοῦ εἰπὲ ἵνα, able is God from the<br><br> Spirit of God descending as<br><br> you are of God speak that,"Noun, Feminine; Noun, Masculine","""ὁ δὲ κακοποιῶν οὐχ ἑώρακε τὸν <b>θεόν</b>. Δημητρίῳ μεμαρτύρηται ὑπὸ πάντων""",Θεόν,BibleHub
Δημήτριος,(day-may'-tree-os),"Demetrius, the name of a silversmith and of a Christian",μὲν οὖν Δημήτριος καὶ οἱ<br><br>Δημητρίῳ μεμαρτύρηται ὑπὸ, indeed therefore Demetrius and the<br><br> To Demetrius witness is carried by,"Noun, Masculine","""κακοποιῶν οὐχ ἑώρακε τὸν Θεόν. <b>δημητρίῳ</b> μεμαρτύρηται ὑπὸ πάντων, καὶ ὑπ""",Δημητρίῳ,BibleHub
μαρτυρία,(mar-too-ree'-ah),testimony,ἴσαι αἱ μαρτυρίαι οὐκ ἦσαν<br><br>ἦν ἡ μαρτυρία αὐτῶν <br><br>ἔτι ἔχομεν μαρτυρίας χρείαν αὐτοὶ, consistent their testimonies not were<br><br> was the testimony of them<br><br> any more have we of witness need ourselves,"Noun, Feminine","""δὲ μαρτυροῦμεν, καὶ οἶδας ὅτι ἡ <b>μαρτυρία</b> ἡμῶν ἀληθής ἐστι. Πολλὰ εἶχον""",μαρτυρία,BibleHub
μέλαν,(mel'-an),ink,χάρτου καὶ μέλανος ἀλλὰ ἐλπίζω<br><br>θέλω διὰ μέλανος καὶ καλάμου, paper and ink but hope<br><br> I desire with ink and pen,Adjective,"""εἶχον γράφειν, ἀλλ ’ οὐ θέλω διὰ <b>μέλανος</b> καὶ καλάμου σοι γράψαι· ἐλπίζω δὲ""",μέλανος,BibleHub
κάλαμος,(kal'-am-os),a reed,κάλαμον συντετριμμένον οὐ<br><br>αὐτοῦ καὶ κάλαμον ἐν τῇ<br><br>ἔλαβον τὸν κάλαμον καὶ ἔτυπτον, A reed bruised not<br><br> of him and a reed in the<br><br> they took the reed and struck [him],"Noun, Masculine","""ἀλλ ’ οὐ θέλω διὰ μέλανος καὶ <b>καλάμου</b> σοι γράψαι· ἐλπίζω δὲ εὐθέως""",καλάμου,BibleHub
εὐθέως,(yoo-theh'-oce),"at once, directly",οἱ δὲ εὐθέως ἀφέντες τὰ<br><br>οἱ δὲ εὐθέως ἀφέντες τὸ<br><br>καθαρίσθητι καὶ εὐθέως ἐκαθαρίσθη αὐτοῦ, moreover immediately having left the<br><br> moreover immediately having left the<br><br> be you cleansed And immediately was cleansed his,Adverb,"""καὶ καλάμου σοι γράψαι· ἐλπίζω δὲ <b>εὐθέως</b> ἰδεῖν σε, καὶ στόμα πρὸς στόμα""",εὐθέως,BibleHub
οἶδα,(i'-do),"be aware, behold, consider, perceive",ἔθνη ἐπιζητοῦσιν οἶδεν γὰρ ὁ<br><br>πονηροὶ ὄντες οἴδατε δόματα ἀγαθὰ<br><br>ἵνα δὲ εἰδῆτε ὅτι ἐξουσίαν, Gentiles seek after knows indeed the<br><br> evil being know [how] gifts good<br><br> that however you might know that authority,Verb,"""σοι γράψαι· ἐλπίζω δὲ εὐθέως <b>ἰδεῖν</b> σε, καὶ στόμα πρὸς στόμα""",ἰδεῖν,BibleHub
ἀσπάζομαι,(as-pad'-zom-ahee),"to welcome, greet",τὴν οἰκίαν ἀσπάσασθε αὐτήν <br><br>καὶ προστρέχοντες ἠσπάζοντο αὐτόν <br><br>καὶ ἤρξαντο ἀσπάζεσθαι αὐτόν Χαῖρε, the house greet it<br><br> and running to [him] greeted him<br><br> and they began to salute him Hail,Verb,"""στόμα λαλήσομεν. εἰρήνη σοι. <b>ἀσπάζονταί</b> σε οἱ φίλοι. ἀσπάζου τοὺς""",ἀσπάζονταί,BibleHub
φίλος,(fee'-los),"beloved, dear, friendly",οἰκίας ἔπεμψεν φίλους ὁ ἑκατοντάρχης<br><br>καὶ οἰνοπότης φίλος τελωνῶν καὶ<br><br>ὑμῶν ἕξει φίλον καὶ πορεύσεται, house sent friends the centurion<br><br> and a drunkard a friend of tax collectors and<br><br> you will have a friend and will go,Adjective; Indeclinable Numeral (Adjective),"""εἰρήνη σοι. ἀσπάζονταί σε οἱ <b>φίλοι</b>. ἀσπάζου τοὺς φίλους κατ ’ ὄνομα""",φίλοι,BibleHub
πρεσβύτερος,(pres-boo'-ter-os),elder,ἀπὸ τῶν πρεσβυτέρων καὶ ἀρχιερέων<br><br>καὶ οἱ πρεσβύτεροι τοῦ λαοῦ<br><br>καὶ οἱ πρεσβύτεροι τοῦ λαοῦ, from the elders and chief priests<br><br> and the elders of the people<br><br> and the elders of the people,Adjective,"""<b>πρεσβύτερος</b> ἐκλεκτῇ κυρίᾳ καὶ τοῖς τέκνοις""",πρεσβύτερος,BibleHub
ἀλήθεια,(al-ay'-thi-a),truth,πᾶσαν τὴν ἀλήθειαν <br><br>ἀλλ' ἐπ' ἀληθείας τὴν ὁδὸν<br><br>διδάσκαλε ἐπ' ἀληθείας εἶπες ὅτι, all the truth<br><br> but with truth the way<br><br> teacher according to truth you have said that,"Noun, Feminine","""ἀλλὰ καὶ πάντες οἱ ἐγνωκότες τὴν <b>ἀλήθειαν</b>, διὰ τὴν <b>ἀλήθειαν</b> τὴν μένουσαν""",ἀλήθειαν,BibleHub
ἀγάπη,(ag-ah'-pay),"love, goodwill",καὶ τὴν ἀγάπην τοῦ θεοῦ<br><br>ὅτι τὴν ἀγάπην τοῦ θεοῦ<br><br>ἐστε ἐὰν ἀγάπην ἔχητε ἐν, and the love of God<br><br> that the love of God<br><br> you are if love you have among,"Noun, Feminine","""υἱοῦ τοῦ πατρός, ἐν ἀληθείᾳ καὶ <b>ἀγάπῃ</b>. Ἐχάρην λίαν ὅτι εὕρηκα ἐκ τῶν""",ἀγάπῃ,BibleHub
ἐντολή,(en-tol-ay'),"an injunction, order, command",παραβαίνετε τὴν ἐντολὴν τοῦ θεοῦ<br><br>τήρησον τὰς ἐντολάς <br><br>Διδάσκαλε ποία ἐντολὴ μεγάλη ἐν, break the commandment of God<br><br> keep the commandments<br><br> Teacher which commandment [is the] greatest in,"Noun, Feminine","""περιπατοῦντας ἐν ἀληθείᾳ, καθὼς <b>ἐντολὴν</b> ἐλάβομεν παρὰ τοῦ πατρός. καὶ""",ἐντολὴν,BibleHub
ἀρχή,(ar-khay'),"beginning, origin",ὑμῶν ἀπ' ἀρχῆς δὲ οὐ<br><br>δὲ ταῦτα ἀρχὴ ὠδίνων <br><br>γέγονεν ἀπ' ἀρχῆς κόσμου ἕως, of you from [the] beginning however not<br><br> moreover these [are] a beginning of birth pains<br><br> has been from [the] beginning of [the] world until,"Noun, Feminine","""σοι καινήν, ἀλλὰ ἣν εἴχομεν ἀπ ’ <b>ἀρχῆς</b>, ἵνα ἀγαπῶμεν ἀλλήλους. καὶ αὕτη""",ἀρχῆς,BibleHub
ἀγαπητός,(ag-ap-ay-tos'),beloved,ᾑρέτισα ὁ ἀγαπητός μου εἰς<br><br>μου ὁ ἀγαπητός ἐν ᾧ<br><br>μου ὁ ἀγαπητός ἐν σοὶ, I have chosen beloved of me in<br><br> of me the beloved in whom<br><br> of me the beloved in whom,Adjective,"""ὃν ἐγὼ ἀγαπῶ ἐν ἀληθείᾳ. <b>ἀγαπητέ</b>, περὶ πάντων εὔχομαί σε""",Ἀγαπητέ,BibleHub
ἀλλά,(al-lah'),"otherwise, on the other hand, but",τὸν μόδιον ἀλλ' ἐπὶ τὴν<br><br>ἦλθον καταλῦσαι ἀλλὰ πληρῶσαι <br><br>τῷ πονηρῷ ἀλλ' ὅστις σε, a basket but upon the<br><br> I came to abolish but to fulfill [them]<br><br> the evil [person] but whoever you,Conjunction,"""τῇ ἀληθείᾳ. Ἔγραψα τῇ ἐκκλησίᾳ· <b>ἀλλ</b> ’ ὁ φιλοπρωτεύων αὐτῶν Διοτρεφὴς""",ἀλλ,BibleHub
ἐπιδέχομαι,(ep-ee-dekh'-om-ahee),"to accept as true, to receive besides",οὔτε αὐτὸς ἐπιδέχεται τοὺς ἀδελφοὺς, neither himself receives the brothers,Verb,"""αὐτῶν Διοτρεφὴς οὐκ <b>ἐπιδέχεται</b> ἡμᾶς. διὰ τοῦτο, ἐὰν ἔλθω,""",ἐπιδέχεται,BibleHub
σωτήρ,(so-tare'),"a savior, deliverer",ὑμῖν σήμερον σωτὴρ ὅς ἐστιν<br><br>ἀληθῶς ὁ σωτὴρ τοῦ κόσμου<br><br>ἀρχηγὸν καὶ σωτῆρα ὕψωσεν τῇ, to you today a Savior who is<br><br> truly the Savior of the world<br><br> Prince and Savior exalted by the,"Noun, Masculine","""πατρός, καὶ παρὰ Κυρίου Ἰησοῦ <b>χριστοῦ</b> τοῦ υἱοῦ τοῦ πατρός, ἐν ἀληθείᾳ""",Χριστοῦ,BibleHub
καθώς,(kath-oce'),"according as, just as",ἀνθρώπου ὑπάγει καθὼς γέγραπται περὶ<br><br>ἠγέρθη γὰρ καθὼς εἶπεν δεῦτε<br><br>Καθὼς γέγραπται ἐν, of man goes as it has been written concerning<br><br> he is risen indeed as he said Come<br><br> as it has been written in,Adverb,"""σου περιπατοῦντας ἐν ἀληθείᾳ, <b>καθὼς</b> ἐντολὴν ἐλάβομεν παρὰ τοῦ πατρός.""",καθὼς,BibleHub
στόμα,(stom'-a),the mouth,ἀνοίξας τὸ στόμα αὐτοῦ ἐδίδασκεν<br><br>καρδίας τὸ στόμα λαλεῖ <br><br>παραβολαῖς τὸ στόμα μου ἐρεύξομαι, having opened the mouth of him he taught<br><br> heart the mouth speaks<br><br> parables the mouth of me I will utter,"Noun, Neuter","""ἀλλὰ ἐλπίζω ἐλθεῖν πρὸς ὑμᾶς καὶ <b>στόμα</b> πρὸς <b>στόμα</b> λαλῆσαι, ἵνα ἡ χαρὰ""",στόμα,BibleHub
