Τιμόθεος,(tee-moth'-eh-os),"Noun, Masculine","Timothy, a Christian","καὶ ὁ Τιμόθεος ἐκεῖ 

καὶ τὸν Τιμόθεον ἵνα ὡς

καὶ ὁ Τιμόθεος συνείχετο τῷ"," and Timothy there

 and Timothy that as

 and Timothy was occupied with the","δέσμιος Χριστοῦ Ἰησοῦ, καὶ <b>Τιμόθεος</b> ὁ ἀδελφὸς Φιλήμονι τῷ ἀγαπητῷ",Τιμόθεος,BibleHub
ἀδελφός,(ad-el-fos'),"Noun, Masculine","a brother","καὶ τοὺς ἀδελφοὺς αὐτοῦ ἐπὶ

εἶδεν δύο ἀδελφούς Σίμωνα τὸν

Ἀνδρέαν τὸν ἀδελφὸν αὐτοῦ βάλλοντας"," and the brothers of him at [the time]

 he saw two brothers Simon who

 Andrew the brother of him casting","Χριστοῦ Ἰησοῦ, καὶ Τιμόθεος ὁ <b>ἀδελφὸς</b> Φιλήμονι τῷ ἀγαπητῷ καὶ συνεργῷ",ἀδελφὸς,BibleHub
Φιλήμων,(fil-ay'-mone),"Noun, Masculine","kindly, Philemon, a Christian",,,"Ἰησοῦ, καὶ Τιμόθεος ὁ ἀδελφὸς <b>Φιλήμονι</b> τῷ ἀγαπητῷ καὶ συνεργῷ ἡμῶν,",Φιλήμονι,BibleHub
ἀγαπητός,(ag-ap-ay-tos'),"Adjective","beloved","ᾑρέτισα ὁ ἀγαπητός μου εἰς

μου ὁ ἀγαπητός ἐν ᾧ

μου ὁ ἀγαπητός ἐν σοὶ"," I have chosen beloved of me in

 of me the beloved in whom

 of me the beloved in whom","Τιμόθεος ὁ ἀδελφὸς Φιλήμονι τῷ <b>ἀγαπητῷ</b> καὶ συνεργῷ ἡμῶν, καὶ Ἀπφίᾳ τῇ",ἀγαπητῷ,BibleHub
συνεργός,(soon-er-gos'),"Adjective","a fellow worker","Οὐρβανὸν τὸν συνεργὸν ἡμῶν ἐν

Τιμόθεος ὁ συνεργός μου καὶ

γάρ ἐσμεν συνεργοί θεοῦ γεώργιον"," Urbanus the fellow worker of us in

 Timothy the fellow worker of me and

 indeed we are fellow workers God's field","ὁ ἀδελφὸς Φιλήμονι τῷ ἀγαπητῷ καὶ <b>συνεργῷ</b> ἡμῶν, καὶ Ἀπφίᾳ τῇ ἀγαπητῇ, καὶ",συνεργῷ,BibleHub
Ἀπφία,(ap-fee'-a),"Noun, Feminine","Apphia, a Christian woman in Colossae",,,"τῷ ἀγαπητῷ καὶ συνεργῷ ἡμῶν, καὶ <b>Ἀπφίᾳ</b> τῇ ἀγαπητῇ, καὶ Ἀρχίππῳ τῷ",Ἀπφίᾳ,BibleHub
Ἄρχιππος,(ar'-khip-pos),"Noun, Masculine","horse-ruler, Archippus, a Christian at Colossae",ἀδελφῇ καὶ Ἀρχίππῳ τῷ συστρατιώτῃ, sister and to Archippus the fellow soldier,"ἡμῶν, καὶ Ἀπφίᾳ τῇ ἀγαπητῇ, καὶ <b>Ἀρχίππῳ</b> τῷ συστρατιώτῃ ἡμῶν, καὶ τῇ κατ",Ἀρχίππῳ,BibleHub
συστρατιώτης,(soos-trat-ee-o'-tace),"Noun, Masculine","a fellow soldier",Ἀρχίππῳ τῷ συστρατιώτῃ ἡμῶν καὶ, to Archippus the fellow soldier of us and,"τῇ ἀγαπητῇ, καὶ Ἀρχίππῳ τῷ <b>συστρατιώτῃ</b> ἡμῶν, καὶ τῇ κατ ’ οἶκόν σου",συστρατιώτῃ,BibleHub
οἶκος,(oy'-kos),"Noun, Masculine","a house, a dwelling","εἰς τὸν οἶκον αὐτοῦ 

τὰ ἀπολωλότα οἴκου Ἰσραήλ 

ἐν τοῖς οἴκοις τῶν βασιλέων"," to the house of him

 lost of [the] house of Israel

 in the houses the of kings","τῷ συστρατιώτῃ ἡμῶν, καὶ τῇ κατ ’ <b>οἶκόν</b> σου ἐκκλησίᾳ· χάρις ὑμῖν καὶ",οἶκόν,BibleHub
οἶκος,(oy'-kos),"Noun, Masculine","a house, a dwelling","εἰς τὸν οἶκον αὐτοῦ 

τὰ ἀπολωλότα οἴκου Ἰσραήλ 

ἐν τοῖς οἴκοις τῶν βασιλέων"," to the house of him

 lost of [the] house of Israel

 in the houses the of kings","τῇ κατ ’ <b>οἶκόν</b> σου ἐκκλησίᾳ· χάρις ὑμῖν καὶ",οἶκόν,BibleHub
θεός,(theh'-os),"Noun, Feminine; Noun, Masculine","God, a god","δύναται ὁ θεὸς ἐκ τῶν

πνεῦμα τοῦ θεοῦ καταβαῖνον ὡσεὶ

εἶ τοῦ θεοῦ εἰπὲ ἵνα"," able is God from the

 Spirit of God descending as

 you are of God speak that","χάρις ὑμῖν καὶ εἰρήνη ἀπὸ <b>Θεοῦ</b> πατρὸς ἡμῶν καὶ Κυρίου Ἰησοῦ",Θεοῦ,BibleHub
εὐχαριστέω,(yoo-khar-is-teh'-o),"Verb","to be thankful","ποτήριον καὶ εὐχαριστήσας ἔδωκεν αὐτοῖς

ἑπτὰ ἄρτους εὐχαριστήσας ἔκλασεν καὶ

λαβὼν ποτήριον εὐχαριστήσας ἔδωκεν αὐτοῖς"," a cup and having given thanks he gave [it] to them

 seven loaves having given thanks he broke and

 having taken the cup having given thanks he gave to them","ἡμῶν καὶ Κυρίου Ἰησοῦ Χριστοῦ. <b>Εὐχαριστῶ</b> τῷ Θεῷ μου, πάντοτε μνείαν σου",Εὐχαριστῶ,BibleHub
πάντοτε,(pan'-tot-eh),"Adverb","at all times","δὲ οὐ πάντοτε ἔχετε 

πάντοτε γὰρ τοὺς

δύνασθε αὐτοῖς πάντοτε εὖ ποιῆσαι"," however not always you have

 always indeed the

 you are able them always good to do","Χριστοῦ. Εὐχαριστῶ τῷ Θεῷ μου, <b>πάντοτε</b> μνείαν σου ποιούμενος ἐπὶ τῶν",πάντοτε,BibleHub
μνεία,(mni'-ah),"Noun, Feminine","remembrance, mention","ὑπὲρ ὑμῶν μνείαν ποιούμενος ἐπὶ

πάσῃ τῇ μνείᾳ ὑμῶν 

πάντων ὑμῶν μνείαν ποιούμενοι ἐπὶ"," for you mention making in

 every remembrance of you

 all of you mention making in","Εὐχαριστῶ τῷ Θεῷ μου, πάντοτε <b>μνείαν</b> σου ποιούμενος ἐπὶ τῶν προσευχῶν",μνείαν,BibleHub
ἀκούω,(ak-oo'-o),"Verb","to hear, listen","οἱ δὲ ἀκούσαντες τοῦ βασιλέως

ἐν Ῥαμὰ ἠκούσθη κλαυθμὸς καὶ

ἀκούσας δὲ ὅτι"," moreover having heard the king

 in Ramah was heard weeping and

 Having heard moreover that","ἐπὶ τῶν προσευχῶν μου, <b>ἀκούων</b> σου τὴν ἀγάπην, καὶ τὴν πίστιν",ἀκούων,BibleHub
πίστις,(pis'-tis),"Noun, Feminine","faith, faithfulness","Ἰησοῦς τὴν πίστιν αὐτῶν εἶπεν

θύγατερ ἡ πίστις σου σέσωκέν

Κατὰ τὴν πίστιν ὑμῶν γενηθήτω"," Jesus the faith of them he said

 daughter the faith of you has cured

 According to the faith of you be it","ἀκούων σου τὴν ἀγάπην, καὶ τὴν <b>πίστιν</b> ἣν ἔχεις πρὸς τὸν Κύριον Ἰησοῦν",πίστιν,BibleHub
κύριος,(koo'-ree-os),"Noun, Masculine","lord, master","ῥηθὲν ὑπὸ Κυρίου διὰ τοῦ

ὁ ἄγγελος Κυρίου καὶ παρέλαβεν

ἰδοὺ ἄγγελος Κυρίου φαίνεται κατ'"," having been spoken by the Lord through the

 the angel of [the] Lord and took to [him]

 behold an angel of [the] Lord appears in","καὶ τὴν πίστιν ἣν ἔχεις πρὸς τὸν <b>Κύριον</b> Ἰησοῦν καὶ εἰς πάντας τοὺς ἁγίους",Κύριον,BibleHub
οἶκος,(oy'-kos),"Noun, Masculine","a house, a dwelling","εἰς τὸν οἶκον αὐτοῦ 

τὰ ἀπολωλότα οἴκου Ἰσραήλ 

ἐν τοῖς οἴκοις τῶν βασιλέων"," to the house of him

 lost of [the] house of Israel

 in the houses the of kings","τῇ κατ ’ <b>οἶκόν</b> σου ἐκκλησίᾳ· χάρις ὑμῖν καὶ",οἶκόν,BibleHub
θεός,(theh'-os),"Noun, Feminine; Noun, Masculine","God, a god","δύναται ὁ θεὸς ἐκ τῶν

πνεῦμα τοῦ θεοῦ καταβαῖνον ὡσεὶ

εἶ τοῦ θεοῦ εἰπὲ ἵνα"," able is God from the

 Spirit of God descending as

 you are of God speak that","χάρις ὑμῖν καὶ εἰρήνη ἀπὸ <b>Θεοῦ</b> πατρὸς ἡμῶν καὶ Κυρίου Ἰησοῦ",Θεοῦ,BibleHub
εὐχαριστέω,(yoo-khar-is-teh'-o),"Verb","to be thankful","ποτήριον καὶ εὐχαριστήσας ἔδωκεν αὐτοῖς

ἑπτὰ ἄρτους εὐχαριστήσας ἔκλασεν καὶ

λαβὼν ποτήριον εὐχαριστήσας ἔδωκεν αὐτοῖς"," a cup and having given thanks he gave [it] to them

 seven loaves having given thanks he broke and

 having taken the cup having given thanks he gave to them","ἡμῶν καὶ Κυρίου Ἰησοῦ Χριστοῦ. <b>Εὐχαριστῶ</b> τῷ Θεῷ μου, πάντοτε μνείαν σου",Εὐχαριστῶ,BibleHub
πάντοτε,(pan'-tot-eh),"Adverb","at all times","δὲ οὐ πάντοτε ἔχετε 

πάντοτε γὰρ τοὺς

δύνασθε αὐτοῖς πάντοτε εὖ ποιῆσαι"," however not always you have

 always indeed the

 you are able them always good to do","Χριστοῦ. Εὐχαριστῶ τῷ Θεῷ μου, <b>πάντοτε</b> μνείαν σου ποιούμενος ἐπὶ τῶν",πάντοτε,BibleHub
μνεία,(mni'-ah),"Noun, Feminine","remembrance, mention","ὑπὲρ ὑμῶν μνείαν ποιούμενος ἐπὶ

πάσῃ τῇ μνείᾳ ὑμῶν 

πάντων ὑμῶν μνείαν ποιούμενοι ἐπὶ"," for you mention making in

 every remembrance of you

 all of you mention making in","Εὐχαριστῶ τῷ Θεῷ μου, πάντοτε <b>μνείαν</b> σου ποιούμενος ἐπὶ τῶν προσευχῶν",μνείαν,BibleHub
ἀκούω,(ak-oo'-o),"Verb","to hear, listen","οἱ δὲ ἀκούσαντες τοῦ βασιλέως

ἐν Ῥαμὰ ἠκούσθη κλαυθμὸς καὶ

ἀκούσας δὲ ὅτι"," moreover having heard the king

 in Ramah was heard weeping and

 Having heard moreover that","ἐπὶ τῶν προσευχῶν μου, <b>ἀκούων</b> σου τὴν ἀγάπην, καὶ τὴν πίστιν",ἀκούων,BibleHub
πίστις,(pis'-tis),"Noun, Feminine","faith, faithfulness","Ἰησοῦς τὴν πίστιν αὐτῶν εἶπεν

θύγατερ ἡ πίστις σου σέσωκέν

Κατὰ τὴν πίστιν ὑμῶν γενηθήτω"," Jesus the faith of them he said

 daughter the faith of you has cured

 According to the faith of you be it","ἀκούων σου τὴν ἀγάπην, καὶ τὴν <b>πίστιν</b> ἣν ἔχεις πρὸς τὸν Κύριον Ἰησοῦν",πίστιν,BibleHub
κύριος,(koo'-ree-os),"Noun, Masculine","lord, master","ῥηθὲν ὑπὸ Κυρίου διὰ τοῦ

ὁ ἄγγελος Κυρίου καὶ παρέλαβεν

ἰδοὺ ἄγγελος Κυρίου φαίνεται κατ'"," having been spoken by the Lord through the

 the angel of [the] Lord and took to [him]

 behold an angel of [the] Lord appears in","καὶ τὴν πίστιν ἣν ἔχεις πρὸς τὸν <b>Κύριον</b> Ἰησοῦν καὶ εἰς πάντας τοὺς ἁγίους",Κύριον,BibleHub
ὅπως,(hop'-oce),"Adverb","as, how, that","λεγομένην Ναζαρέτ ὅπως πληρωθῇ τὸ

τῶν ἀνθρώπων ὅπως ἴδωσιν ὑμῶν

ὅπως γένησθε υἱοὶ"," called Nazareth so that should be fulfilled that

 men so that they might see your

 so that you might be sons","καὶ εἰς πάντας τοὺς ἁγίους, <b>ὅπως</b> ἡ κοινωνία τῆς πίστεώς σου ἐνεργὴς",ὅπως,BibleHub
κοινωνία,(koy-nohn-ee'-ah),"Noun, Feminine","fellowship","καὶ Ἀχαία κοινωνίαν τινὰ ποιήσασθαι

ἐκλήθητε εἰς κοινωνίαν τοῦ υἱοῦ

εὐλογοῦμεν οὐχὶ κοινωνία ἐστὶν τοῦ"," and Achaia a contribution certain to make

 you were called into fellowship of the Son

 we bless not fellowship is it of the","εἰς πάντας τοὺς ἁγίους, ὅπως ἡ <b>κοινωνία</b> τῆς πίστεώς σου ἐνεργὴς γένηται",κοινωνία,BibleHub
ἐνεργής,(en-er-gace'),"Adjective","at work, active","πίστεώς σου ἐνεργὴς γένηται ἐν

θεοῦ καὶ ἐνεργὴς καὶ τομώτερος"," faith of you efficient might become in

 of God and active and sharper","τοὺς ἁγίους, ὅπως ἡ κοινωνία τῆς <b>πίστεώς</b> σου ἐνεργὴς γένηται ἐν ἐπιγνώσει",πίστεώς,BibleHub
ἐπίγνωσις,(ep-ig'-no-sis),"Noun, Feminine","recognition, knowledge","γὰρ νόμου ἐπίγνωσις ἁμαρτίας 

οὐ κατ' ἐπίγνωσιν 

ἀποκαλύψεως ἐν ἐπιγνώσει αὐτοῦ "," indeed law [is] knowledge of sin

 not according to knowledge

 revelation in [the] knowledge of him","πίστεώς σου ἐνεργὴς γένηται ἐν <b>ἐπιγνώσει</b> παντὸς ἀγαθοῦ τοῦ ἐν ἡμῖν εἰς",ἐπιγνώσει,BibleHub
Χριστός,(khris-tos'),"Noun, Masculine","the Anointed One, Messiah, Christ","ὁ λεγόμενος Χριστός 

ἕως τοῦ χριστοῦ γενεαὶ δεκατέσσαρες

ΔΕ ΙΗΣΟΥ ΧΡΙΣΤΟΥ ἡ γένεσις"," who is called Christ

 to the Christ generations fourteen

 now of Jesus Christ the birth","παντὸς ἀγαθοῦ τοῦ ἐν ἡμῖν εἰς <b>Χριστόν</b> Ἰησοῦν. χάριν γὰρ ἔχομεν πολλὴν",Χριστόν,BibleHub
παράκλησις,(par-ak'-lay-sis),"Noun, Feminine","a calling to one's aid, encouragement, comfort","ἀπέχετε τὴν παράκλησιν ὑμῶν 

μεθερμηνευόμενον Υἱὸς Παρακλήσεως Λευίτης Κύπριος

καὶ τῇ παρακλήσει τοῦ ἁγίου"," you are receiving the comfort of you

 translated Son of encouragement a Levite a Cypriot

 and in the comfort of the Holy","χάριν γὰρ ἔχομεν πολλὴν καὶ <b>παράκλησιν</b> ἐπὶ τῇ ἀγάπῃ σου, ὅτι τὰ",παράκλησιν,BibleHub
ἀγάπη,(ag-ah'-pay),"Noun, Feminine","love, goodwill","καὶ τὴν ἀγάπην τοῦ θεοῦ

ὅτι τὴν ἀγάπην τοῦ θεοῦ

ἐστε ἐὰν ἀγάπην ἔχητε ἐν"," and the love of God

 that the love of God

 you are if love you have among","πολλὴν καὶ παράκλησιν ἐπὶ τῇ <b>ἀγάπῃ</b> σου, ὅτι τὰ σπλάγχνα τῶν ἁγίων",ἀγάπῃ,BibleHub
ἀναπαύω,(an-ap-ow'-o),"Verb","to give rest, give intermission from labor, by implication refresh","λοιπὸν καὶ ἀναπαύεσθε ἰδοὺ ἤγγικεν

τόπον καὶ ἀναπαύσασθε ὀλίγον ἦσαν

λοιπὸν καὶ ἀναπαύεσθε ἀπέχει ἦλθεν"," later on and take your rest Behold has drawn near

 place and rest a little Were

 now and take your rest It is enough has come","σου, ὅτι τὰ σπλάγχνα τῶν ἁγίων <b>ἀναπέπαυται</b> διὰ σοῦ, ἀδελφέ. Διὸ πολλὴν",ἀναπέπαυται,BibleHub
διό,(dee-o'),"Conjunction","wherefore, on which account","ἐπισκιάσει σοι διὸ καὶ τὸ

διὸ οὐδὲ ἐμαυτὸν

διὸ καὶ ἀναντιρρήτως"," will overshadow you therefore also the

 therefore neither myself

 Therefore also without objecting","ἀναπέπαυται διὰ σοῦ, ἀδελφέ. <b>Διὸ</b> πολλὴν ἐν Χριστῷ παρρησίαν ἔχων",Διὸ,BibleHub
παρρησία,(par-rhay-see'-ah),"Noun, Feminine","freedom of speech, confidence","αὐτὸς ἐν παρρησίᾳ εἶναι εἰ

οὐδεὶς μέντοι παρρησίᾳ ἐλάλει περὶ

καὶ ἴδε παρρησίᾳ λαλεῖ καὶ"," himself in public to be If

 No one however publicly spoke concerning

 and Behold publicly he speaks and","ἀδελφέ. Διὸ πολλὴν ἐν Χριστῷ <b>παρρησίαν</b> ἔχων ἐπιτάσσειν σοι τὸ ἀνῆκον,",παρρησίαν,BibleHub
ἐπιτάσσω,(ep-ee-tas'-so),"Verb","to arrange upon, to command","βασιλεὺς σπεκουλάτορα ἐπέταξεν ἐνέγκαι τὴν

καὶ ἐπέταξεν αὐτοῖς ἀνακλῖναι

πνεῦμα ἐγὼ ἐπιτάσσω σοι ἔξελθε"," king an executioner he commanded to be brought the

 And he commanded them to make recline

 Spirit I command you come","πολλὴν ἐν Χριστῷ παρρησίαν ἔχων <b>ἐπιτάσσειν</b> σοι τὸ ἀνῆκον, διὰ τὴν ἀγάπην",ἐπιτάσσειν,BibleHub
ἀνήκω,(an-ay'-ko),"Verb","to be fit, be proper","ἀνδράσιν ὡς ἀνῆκεν ἐν κυρίῳ

σοι τὸ ἀνῆκον "," husbands as is fitting in [the] Lord

 you what [is] proper","παρρησίαν ἔχων ἐπιτάσσειν σοι τὸ <b>ἀνῆκον</b>, διὰ τὴν ἀγάπην μᾶλλον παρακαλῶ",ἀνῆκον,BibleHub
τοιοῦτος,(toy-oo'-tos),"Demonstrative Pronoun","such as this, such","ἓν παιδίον τοιοῦτο ἐπὶ τῷ

τῶν γὰρ τοιούτων ἐστὶν ἡ

Καὶ τοιαύταις παραβολαῖς πολλαῖς"," one little child such in the

 of the indeed such kind is the

 And with such parables many","διὰ τὴν ἀγάπην μᾶλλον παρακαλῶ, <b>τοιοῦτος</b> ὢν ὡς Παῦλος πρεσβύτης, νυνὶ δὲ",τοιοῦτος,BibleHub
πρεσβύτης,(pres-boo'-tace),"Noun, Masculine","an old man","Πρεσβύτας νηφαλίους εἶναι

ὡς Παῦλος πρεσβύτης νυνὶ δὲ"," [the] aged [men] sober to be

 as Paul [the] aged now moreover","παρακαλῶ, τοιοῦτος ὢν ὡς Παῦλος <b>πρεσβύτης</b>, νυνὶ δὲ καὶ δέσμιος Ἰησοῦ",πρεσβύτης,BibleHub
δέσμιος,(des'-mee-os),"Noun, Masculine","binding, bound","δὲ τότε δέσμιον ἐπίσημον λεγόμενον

αὐτοῖς ἕνα δέσμιον ὃν παρῃτοῦντο

αὐτῶν οἱ δέσμιοι "," moreover then a prisoner notable called

 to them one prisoner whom they requested

 them the prisoners","ὡς Παῦλος πρεσβύτης, νυνὶ δὲ καὶ <b>δέσμιος</b> Ἰησοῦ Χριστοῦ. παρακαλῶ σε περὶ",δέσμιος,BibleHub
τέκνον,(tek'-non),"Noun, Neuter","a child (of either sex)","τούτων ἐγεῖραι τέκνα τῷ Ἀβραάμ

διδόναι τοῖς τέκνοις ὑμῶν πόσῳ

παραλυτικῷ Θάρσει τέκνον ἀφίενταί σου"," these to raise up children for Abraham

 to give to the children of you how much

 paralytic Take courage son have been forgiven you","παρακαλῶ σε περὶ τοῦ ἐμοῦ <b>τέκνου</b>, ὃν ἐγέννησα ἐν τοῖς δεσμοῖς μου",τέκνου,BibleHub
Ὀνήσιμος,(on-ay'-sim-os),"Noun, Masculine","useful, Onesimus, a Christian",τοῖς δεσμοῖς Ὀνήσιμον , chains Onesimus,"ἐγέννησα ἐν τοῖς δεσμοῖς μου, <b>Ὀνήσιμον</b>, τόν ποτέ σοι ἄχρηστον, νυνὶ",Ὀνήσιμον,BibleHub
ποτέ,(pot-eh'),"Particle, Disjunctive Particle","once, ever","Φαρισαίους τόν ποτε τυφλόν 

πως ἤδη ποτὲ εὐοδωθήσομαι ἐν

χωρὶς νόμου ποτέ ἐλθούσης δὲ"," Pharisees who once [was] blind

 perhaps now at length I will be prospered by

 apart from law once having come however","τοῖς δεσμοῖς μου, Ὀνήσιμον, τόν <b>ποτέ</b> σοι ἄχρηστον, νυνὶ δὲ σοὶ καὶ",ποτέ,BibleHub
ἄχρηστος,(akh'-race-tos),"Adjective","useless",,,"μου, Ὀνήσιμον, τόν ποτέ σοι <b>ἄχρηστον</b>, νυνὶ δὲ σοὶ καὶ ἐμοὶ εὔχρηστον",ἄχρηστον,BibleHub
εὔχρηστος,(yoo'-khrays-tos),"Adjective","useful","γάρ μοι εὔχρηστος εἰς διακονίαν

καὶ ἐμοὶ εὔχρηστον "," indeed to me useful for service

 and to me useful","ἄχρηστον, νυνὶ δὲ σοὶ καὶ ἐμοὶ <b>εὔχρηστον</b>, ὃν ἀνέπεμψα· σὺ δὲ αὐτόν,",εὔχρηστον,BibleHub
οὗτος,(hoo'-tos),"Demonstrative Pronoun","this","Τοῦτο δὲ ὅλον

Οὗτος γάρ ἐστιν

τῶν λίθων τούτων ἐγεῖραι τέκνα"," this moreover all

 this indeed is

 the stones these to raise up children","ὃν ἀνέπεμψα· σὺ δὲ αὐτόν, <b>τοῦτ</b> ’ ἔστι τὰ ἐμὰ σπλάγχνα προσλαβοῦ·",τοῦτ,BibleHub
ἐμός,(em-os'),"Possessive Pronoun","my","ἐν τοῖς ἐμοῖς ἢ ὁ

οὐκ ἔστιν ἐμὸν τοῦτο δοῦναι

ἂν τὸ ἐμὸν σὺν τόκῳ"," with that which [is] mine or the

 not is mine this to give

 anyhow my own with interest","σὺ δὲ αὐτόν, τοῦτ ’ ἔστι τὰ <b>ἐμὰ</b> σπλάγχνα προσλαβοῦ· ὃν ἐγὼ",ἐμὰ,BibleHub
βούλομαι,(boo'-lom-ahee),"Verb","to will","ᾧ ἐὰν βούληται ὁ υἱὸς

δὲ Πιλᾶτος βουλόμενος τῷ ὄχλῳ

ᾧ ἐὰν βούληται ὁ υἱὸς"," to whom if might resolve the Son

 moreover Pilate desiring to the crowd

 to whom if might resolve the Son","ἐμὰ σπλάγχνα προσλαβοῦ· ὃν ἐγὼ <b>ἐβουλόμην</b> πρὸς ἐμαυτὸν κατέχειν, ἵνα ὑπὲρ",ἐβουλόμην,BibleHub
ἐμαυτοῦ,(em-ow-too'),"Reflexive Pronoun","of myself","διὸ οὐδὲ ἐμαυτὸν ἠξίωσα πρὸς

ἔχων ὑπ' ἐμαυτὸν στρατιώτας καὶ

ποιεῖν ἀπ' ἐμαυτοῦ οὐδέν καθὼς"," therefore neither myself counted I worthy to

 having under myself soldiers and

 to do from myself nothing even as","προσλαβοῦ· ὃν ἐγὼ ἐβουλόμην πρὸς <b>ἐμαυτὸν</b> κατέχειν, ἵνα ὑπὲρ σοῦ διακονῇ",ἐμαυτὸν,BibleHub
κατέχω,(kat-ekh'-o),"Verb","to hold fast, hold back","τὸν λόγον κατέχουσιν καὶ καρποφοροῦσιν

ἔσχατον τόπον κατέχειν 

ᾧ δήποτε κατειχετο νοσήματι "," the word keep [it] and bring forth fruit

 last place to take

 from whatever at the time he was held by disease","ὃν ἐγὼ ἐβουλόμην πρὸς ἐμαυτὸν <b>κατέχειν</b>, ἵνα ὑπὲρ σοῦ διακονῇ μοι ἐν",κατέχειν,BibleHub
διακονέω,(dee-ak-on-eh'-o),"Verb","to serve, minister","ἠγέρθη καὶ διηκόνει αὐτῷ 

οὐκ ἦλθεν διακονηθῆναι ἀλλὰ διακονῆσαι

διακονηθῆναι ἀλλὰ διακονῆσαι καὶ δοῦναι"," she arose and ministered to them

 not came to be served but to serve

 to be served but to serve and to give","ἐμαυτὸν κατέχειν, ἵνα ὑπὲρ σοῦ <b>διακονῇ</b> μοι ἐν τοῖς δεσμοῖς τοῦ",διακονῇ,BibleHub
χωρίς,(kho-rece'),"Adverb","separately, separate from","ὡσεὶ πεντακισχίλιοι χωρὶς γυναικῶν καὶ

τετρακισχίλιοι ἄνδρες χωρὶς γυναικῶν καὶ

χωρὶς δὲ παραβολῆς"," about five thousand besides women and

 four thousand men besides women and

 without moreover parables","ἐν τοῖς δεσμοῖς τοῦ εὐαγγελίου· <b>χωρὶς</b> δὲ τῆς σῆς γνώμης οὐδὲν ἠθέλησα",χωρὶς,BibleHub
γνώμη,(gno'-may),"Noun, Feminine","purpose, opinion, consent, decision","τῇ αὐτῇ γνώμῃ 

οὐκ ἔχω γνώμην δὲ δίδωμι

τὴν ἐμὴν γνώμην δοκῶ δὲ"," the same judgment

 not I have judgment however I give

 my judgment I think moreover","τοῦ εὐαγγελίου· χωρὶς δὲ τῆς σῆς <b>γνώμης</b> οὐδὲν ἠθέλησα ποιῆσαι, ἵνα μὴ ὡς",γνώμης,BibleHub
οὐδείς,(oo-dice'),"Adjective","no one, none","Οὐδεὶς δύναται δυσὶ

ὑμῖν παρ' οὐδενὶ τοσαύτην πίστιν

οὐδεὶς δὲ ἐπιβάλλει"," No one is able two

 to you except no one so great faith

 no one moreover puts","χωρὶς δὲ τῆς σῆς γνώμης <b>οὐδὲν</b> ἠθέλησα ποιῆσαι, ἵνα μὴ ὡς κατὰ",οὐδὲν,BibleHub
ἀνάγκη,(an-ang-kay'),"Noun, Feminine","necessity","καὶ ἔχω ἀνάγκην ἐξελθὼν ἰδεῖν

ἔσται γὰρ ἀνάγκη μεγάλη ἐπὶ

ἀνάγκην δέ εἶχεν"," and I have need going out to see

 there will be indeed distress great upon

 of necessity now he had","ἠθέλησα ποιῆσαι, ἵνα μὴ ὡς κατὰ <b>ἀνάγκην</b> τὸ ἀγαθόν σου ᾖ, ἀλλὰ κατὰ",ἀνάγκην,BibleHub
τάχα,(takh'-ah),"Adverb","quickly, perhaps",τάχα γὰρ διὰ, perhaps indeed because of,"σου ᾖ, ἀλλὰ κατὰ ἑκούσιον. <b>τάχα</b> γὰρ διὰ τοῦτο ἐχωρίσθη πρὸς ὥραν,",τάχα,BibleHub
χωρίζω,(kho-rid'-zo),"Verb","to separate, divide","ἄνθρωπος μὴ χωριζέτω 

Ἰεροσολύμων μὴ χωρίζεσθαι ἀλλὰ περιμένειν

Μετὰ ταῦτα χωρισθεὶς ἐκ τῶν"," man not let separate

 Jerusalem not to depart but to await

 And after these things having departed from","ἑκούσιον. τάχα γὰρ διὰ τοῦτο <b>ἐχωρίσθη</b> πρὸς ὥραν, ἵνα αἰώνιον αὐτὸν",ἐχωρίσθη,BibleHub
ὥρα,(ho'-rah),"Noun, Feminine","a time or period, an hour","ἀπὸ τῆς ὥρας ἐκείνης 

ἐκείνῃ τῇ ὥρᾳ τί λαλήσητε

καὶ ἡ ὥρα ἤδη παρῆλθεν"," from the hour very

 that hour what you shall speak

 and the time already is gone by","τάχα γὰρ διὰ τοῦτο ἐχωρίσθη πρὸς <b>ὥραν</b>, ἵνα αἰώνιον αὐτὸν ἀπέχῃς· οὐκέτι",ὥραν,BibleHub
αἰώνιος,(ahee-o'-nee-os),"Adjective","agelong, eternal","σχῶ ζωὴν αἰώνιον 

καὶ ζωὴν αἰώνιον κληρονομήσει 

πῦρ τὸ αἰώνιον τὸ ἡτοιμασμένον"," I might have life eternal

 and life eternal will inherit

 fire eternal which has been prepared","τοῦτο ἐχωρίσθη πρὸς ὥραν, ἵνα <b>αἰώνιον</b> αὐτὸν ἀπέχῃς· οὐκέτι ὡς δοῦλον",αἰώνιον,BibleHub
οὐκέτι,(ook-et'-ee),"Adverb, Negative","no longer, no more","ἐπερωτῆσαι αὐτὸν οὐκέτι 

οὐδὲ ἁλύσει οὐκέτι οὐδεὶς ἐδύνατο

οὐκέτι ἀφίετε αὐτὸν"," to question him no longer

 not even with chains no longer anyone was able

 no longer you allow him","ὥραν, ἵνα αἰώνιον αὐτὸν ἀπέχῃς· <b>οὐκέτι</b> ὡς δοῦλον ἀλλ ’ ὑπὲρ δοῦλον,",οὐκέτι,BibleHub
ἀλλά,(al-lah'),"Conjunction","otherwise, on the other hand, but","τὸν μόδιον ἀλλ' ἐπὶ τὴν

ἦλθον καταλῦσαι ἀλλὰ πληρῶσαι 

τῷ πονηρῷ ἀλλ' ὅστις σε"," a basket but upon the

 I came to abolish but to fulfill [them]

 the evil [person] but whoever you","αὐτὸν ἀπέχῃς· οὐκέτι ὡς δοῦλον <b>ἀλλ</b> ’ ὑπὲρ δοῦλον, ἀδελφὸν ἀγαπητόν,",ἀλλ,BibleHub
ἀδελφός,(ad-el-fos'),"Noun, Masculine","a brother","καὶ τοὺς ἀδελφοὺς αὐτοῦ ἐπὶ

εἶδεν δύο ἀδελφούς Σίμωνα τὸν

Ἀνδρέαν τὸν ἀδελφὸν αὐτοῦ βάλλοντας"," and the brothers of him at [the time]

 he saw two brothers Simon who

 Andrew the brother of him casting","ὡς δοῦλον ἀλλ ’ ὑπὲρ δοῦλον, <b>ἀδελφὸν</b> ἀγαπητόν, μάλιστα ἐμοί, πόσῳ δὲ",ἀδελφὸν,BibleHub
ἀγαπητός,(ag-ap-ay-tos'),"Adjective","beloved","ᾑρέτισα ὁ ἀγαπητός μου εἰς

μου ὁ ἀγαπητός ἐν ᾧ

μου ὁ ἀγαπητός ἐν σοὶ"," I have chosen beloved of me in

 of me the beloved in whom

 of me the beloved in whom","ἀλλ ’ ὑπὲρ δοῦλον, ἀδελφὸν <b>ἀγαπητόν</b>, μάλιστα ἐμοί, πόσῳ δὲ μᾶλλον",ἀγαπητόν,BibleHub
μάλιστα,(mal'-is-tah),"Adverb, Superlative","most","ὑμῶν καὶ μάλιστα ἐπὶ σοῦ

μάλιστα γνώστην ὄντα

πρὸς πάντας μάλιστα δὲ πρὸς"," you and especially before you

 especially acquainted being

 toward all especially moreover toward","ὑπὲρ δοῦλον, ἀδελφὸν ἀγαπητόν, <b>μάλιστα</b> ἐμοί, πόσῳ δὲ μᾶλλον σοὶ καὶ ἐν",μάλιστα,BibleHub
πόσος,(pos'-os),"Correlative Or Interrogative Pronoun","how much? how great?","τέκνοις ὑμῶν πόσῳ μᾶλλον ὁ

Βεελζεβοὺλ ἐπεκάλεσαν πόσῳ μᾶλλον τοὺς

πόσῳ οὖν διαφέρει"," children of you how much more the

 Beelzebul they called how much more those

 How much then is more valuable","ἀδελφὸν ἀγαπητόν, μάλιστα ἐμοί, <b>πόσῳ</b> δὲ μᾶλλον σοὶ καὶ ἐν σαρκὶ καὶ ἐν",πόσῳ,BibleHub
σάρξ,(sarx),"Noun, Feminine","flesh","δύο εἰς σάρκα μίαν 

δύο ἀλλὰ σὰρξ μία ὃ

ἐσώθη πᾶσα σάρξ διὰ δὲ"," two for flesh one

 two but flesh one What

 there would have been saved any body because of however","ἐμοί, πόσῳ δὲ μᾶλλον σοὶ καὶ ἐν <b>σαρκὶ</b> καὶ ἐν Κυρίῳ. εἰ οὖν με ἔχεις",σαρκὶ,BibleHub
κοινωνός,(koy-no-nos'),"Noun, Masculine","a sharer","οἳ ἦσαν κοινωνοὶ τῷ Σίμωνι

τὰς θυσίας κοινωνοὶ τοῦ θυσιαστηρίου

δὲ ὑμᾶς κοινωνοὺς τῶν δαιμονίων"," who were partners with Simon

 the sacrifices fellow-partakers with the altar

 moreover you fellow-partakers with demons","καὶ ἐν Κυρίῳ. εἰ οὖν με ἔχεις <b>κοινωνόν</b>, προσλαβοῦ αὐτὸν ὡς ἐμέ. εἰ δέ",κοινωνόν,BibleHub
προσλαμβάνω,(pros-lam-ban'-o),"Verb","to take in addition","ἐλάλει καὶ προσλαβόμενος ὁ Πέτρος

Ἰουδαῖοι καὶ προσλαβόμενοι τῶν ἀγοραίων

καὶ Ἀκύλας προσελάβοντο αὐτὸν καὶ"," he spoke And having taken Peter

 Jews and having taken to [them] of the market-loungers

 and Aquila they took to [them] him and","εἰ οὖν με ἔχεις κοινωνόν, <b>προσλαβοῦ</b> αὐτὸν ὡς ἐμέ. εἰ δέ τι ἠδίκησέ",προσλαβοῦ,BibleHub
ἤ,(ay),"Particle, Disjunctive Particle","or, than","τὸν νόμον ἢ τοὺς προφήτας

ἰῶτα ἓν ἢ μία κεραία

λευκὴν ποιῆσαι ἢ μέλαιναν "," the law or the prophets

 jot one or one tittle

 white to make or black","αὐτὸν ὡς ἐμέ. εἰ δέ τι ἠδίκησέ σε <b>ἢ</b> ὀφείλει, τοῦτο ἐμοὶ ἐλλόγει· ἐγὼ",ἢ,BibleHub
ὀφείλω,(of-i'-lo),"Verb","to owe","εἴ τι ὀφείλεις 

ἀποδῷ τὸ ὀφειλόμενον 

πᾶν τὸ ὀφειλόμενον "," if any you owe

 he should pay that which was owing

 all that was owing","ὡς ἐμέ. εἰ δέ τι ἠδίκησέ σε ἢ <b>ὀφείλει</b>, τοῦτο ἐμοὶ ἐλλόγει· ἐγὼ Παῦλος",ὀφείλει,BibleHub
γράφω,(graf'-o),"Verb","to write","ἀποκριθεὶς εἶπεν Γέγραπται Οὐκ ἐπ'

σεαυτὸν κάτω γέγραπται γὰρ ὅτι

Ἰησοῦς Πάλιν γέγραπται Οὐκ ἐκπειράσεις"," having answered he said It has been written Not by

 yourself down it has been written indeed

 Jesus Again it has been written not You will test","τοῦτο ἐμοὶ ἐλλόγει· ἐγὼ Παῦλος <b>ἔγραψα</b> τῇ ἐμῇ χειρί, ἐγὼ ἀποτίσω· ἵνα",ἔγραψα,BibleHub
ἀσπασμός,(as-pas-mos'),"Noun, Masculine","a greeting, salutation","περιπατεῖν καὶ ἀσπασμοὺς ἐν ταῖς

εἴη ὁ ἀσπασμὸς οὗτος 

ἤκουσεν τὸν ἀσπασμὸν τῆς Μαρίας"," to walk about and greetings in the

 might be the salutation this

 heard the greeting of Mary","ἐμοὶ ἐλλόγει· ἐγὼ Παῦλος ἔγραψα τῇ <b>ἐμῇ</b> χειρί, ἐγὼ ἀποτίσω· ἵνα μὴ λέγω",ἐμῇ,BibleHub
σεαυτοῦ,(seh-ow-too'),"Reflexive Pronoun","of (to, for) yourself","ἀλλὰ ὕπαγε σεαυτὸν δεῖξον τῷ

σου ὡς σεαυτόν 

σου ὡς σεαυτόν "," but go yourself show to the

 of you as yourself

 of you as yourself","ἀποτίσω· ἵνα μὴ λέγω σοι ὅτι καὶ <b>σεαυτόν</b> μοι προσοφείλεις. ναί, ἀδελφέ,",σεαυτόν,BibleHub
προσοφείλω,(pros-of-i'-lo),"Verb","to owe besides",,,"λέγω σοι ὅτι καὶ σεαυτόν μοι <b>προσοφείλεις</b>. ναί, ἀδελφέ, ἐγώ σου",προσοφείλεις,BibleHub
ναί,(nahee),"Particle, Disjunctive Particle","yes (indeed), certainly","ὑμῶν ναὶ ναί οὒ οὔ

λέγουσιν αὐτῷ Ναί κύριε 

προφήτην ἰδεῖν ναί λέγω ὑμῖν"," of you Yes yes no no

 They say to him Yes Lord

 a prophet to see Yes I say to you","ὅτι καὶ σεαυτόν μοι προσοφείλεις. <b>ναί</b>, ἀδελφέ, ἐγώ σου ὀναίμην ἐν",ναί,BibleHub
ὀνίνημι,(on-in'-ay-mee),"Verb","to profit, help",,,"ναί, ἀδελφέ, ἐγώ σου <b>ὀναίμην</b> ἐν Κυρίῳ· ἀνάπαυσόν μου τὰ",ὀναίμην,BibleHub
πείθω,(pi'-tho),"Verb","to persuade, to have confidence","πέποιθεν ἐπὶ τὸν

ἡγεμόνος ἡμεῖς πείσομεν αὐτὸν καὶ

εἰσελθεῖν τοὺς πεποιθότας ἐπὶ τοῖς"," He trusted on

 governor we will persuade him and

 to enter those who trust in","μου τὰ σπλάγχνα ἐν Κυρίῳ. <b>πεποιθὼς</b> τῇ ὑπακοῇ σου ἔγραψά σοι, εἰδὼς",πεποιθὼς,BibleHub
ὑπακοή,(hoop-ak-o-ay'),"Noun, Feminine","obedience","διὰ τῆς ὑπακοῆς τοῦ ἑνὸς

δούλους εἰς ὑπακοήν δοῦλοί ἐστε

θάνατον ἢ ὑπακοῆς εἰς δικαιοσύνην"," by the obedience of the one

 servants for obedience servants you are

 death or of obedience to righteousness","σπλάγχνα ἐν Κυρίῳ. πεποιθὼς τῇ <b>ὑπακοῇ</b> σου ἔγραψά σοι, εἰδὼς ὅτι καὶ",ὑπακοῇ,BibleHub
οἶδα,(i'-do),"Verb","be aware, behold, consider, perceive","ἔθνη ἐπιζητοῦσιν οἶδεν γὰρ ὁ

πονηροὶ ὄντες οἴδατε δόματα ἀγαθὰ

ἵνα δὲ εἰδῆτε ὅτι ἐξουσίαν"," Gentiles seek after knows indeed the

 evil being know [how] gifts good

 that however you might know that authority","τῇ ὑπακοῇ σου ἔγραψά σοι, <b>εἰδὼς</b> ὅτι καὶ ὑπὲρ ὃ λέγω ποιήσεις. ἅμα",εἰδὼς,BibleHub
ποιέω,(poy-eh'-o),"Verb","to make, do","Κυρίου εὐθείας ποιεῖτε τὰς τρίβους

ποιήσατε οὖν καρπὸν

δένδρον μὴ ποιοῦν καρπὸν καλὸν"," of [the] Lord straight make the paths

 Produce therefore fruit

 tree not producing fruit good","σοι, εἰδὼς ὅτι καὶ ὑπὲρ ὃ λέγω <b>ποιήσεις</b>. ἅμα δὲ καὶ ἑτοίμαζέ μοι",ποιήσεις,BibleHub
ἅμα,(ham'-ah),"Adverb","at once","ὅστις ἐξῆλθεν ἅμα πρωὶ μισθώσασθαι

ἅμα καὶ ἐλπίζων

τὴν θάλασσαν ἅμα ἀνέντες τὰς"," who went out in [the] morning to hire

 at the same time also hoping

 the sea at the same time having loosened the","ὅτι καὶ ὑπὲρ ὃ λέγω ποιήσεις. <b>ἅμα</b> δὲ καὶ ἑτοίμαζέ μοι ξενίαν· ἐλπίζω",ἅμα,BibleHub
ἑτοιμάζω,(het-oy-mad'-zo),"Verb","to prepare","ἀλλ' οἷς ἡτοίμασται ὑπὸ τοῦ

ἄριστόν μου ἡτοίμακα οἱ ταῦροί

κληρονομήσατε τὴν ἡτοιμασμένην ὑμῖν βασιλείαν"," but [to those] for whom it has been prepared by the

 dinner of me I prepared the oxen

 inherit the prepared for you kingdom","ὃ λέγω ποιήσεις. ἅμα δὲ καὶ <b>ἑτοίμαζέ</b> μοι ξενίαν· ἐλπίζω γὰρ ὅτι διὰ",ἑτοίμαζέ,BibleHub
ἀσπάζομαι,(as-pad'-zom-ahee),"Verb","to welcome, greet","τὴν οἰκίαν ἀσπάσασθε αὐτήν 

καὶ προστρέχοντες ἠσπάζοντο αὐτόν 

καὶ ἤρξαντο ἀσπάζεσθαι αὐτόν Χαῖρε"," the house greet it

 and running to [him] greeted him

 and they began to salute him Hail","ὑμῶν χαρισθήσομαι ὑμῖν. <b>Ἀσπάζονταί</b> σε Ἐπαφρᾶς ὁ συναιχμάλωτός μου",Ἀσπάζονταί,BibleHub
Ἐπαφρᾶς,(ep-af-ras'),"Noun, Masculine","Epaphras, a Christian","ἀσπάζεται ὑμᾶς Ἐπαφρᾶς ὁ ἐξ

Ἀσπάζεταί σε Ἐπαφρᾶς ὁ συναιχμάλωτός"," Greets you Epaphras who [is] of

 greets you Epaphras fellow prisoner","χαρισθήσομαι ὑμῖν. Ἀσπάζονταί σε <b>Ἐπαφρᾶς</b> ὁ συναιχμάλωτός μου ἐν Χριστῷ",Ἐπαφρᾶς,BibleHub
συναιχμάλωτος,(soon-aheekh-mal'-o-tos),"Adjective","a fellow prisoner","Ἀρίσταρχος ὁ συναιχμάλωτός μου καὶ

Ἐπαφρᾶς ὁ συναιχμάλωτός μου ἐν"," Aristarchus fellow prisoner of me and

 Epaphras fellow prisoner my in","ὑμῖν. Ἀσπάζονταί σε Ἐπαφρᾶς ὁ <b>συναιχμάλωτός</b> μου ἐν Χριστῷ Ἰησοῦ, Μᾶρκος,",συναιχμάλωτός,BibleHub
Μάρκος,(mar'-kos),"Noun, Masculine","Mark, a Christian","τὸν ἐπικληθέντα Μάρκον 

τὸν καλούμενον Μάρκον 

παραλαβόντα τὸν Μάρκον ἐκπλεῦσαι εἰς"," the [one] having been called Mark

 called Mark

 having taken Mark sailed to","μου ἐν Χριστῷ Ἰησοῦ, <b>Μᾶρκος</b>, Ἀρίσταρχος, Δημᾶς, Λουκᾶς,",Μᾶρκος,BibleHub
Ἀρίσταρχος,(ar-is'-tar-khos),"Noun, Masculine","best leader, Aristarchus, a Christian of Thessalonica","Θεσσαλονικέων δὲ Ἀρίσταρχος καὶ Σέκουνδος

σὺν ἡμῖν Ἀριστάρχου Μακεδόνος Θεσσαλονικέως

Ἀσπάζεται ὑμᾶς Ἀρίσταρχος ὁ συναιχμάλωτός"," of thessalonians moreover Aristarchus and Secundus

 with us Aristarchus a Macedonian of Thessalonica

 Greets you Aristarchus fellow prisoner","μου ἐν Χριστῷ Ἰησοῦ, Μᾶρκος, <b>Ἀρίσταρχος</b>, Δημᾶς, Λουκᾶς, οἱ συνεργοί",Ἀρίσταρχος,BibleHub
Δημᾶς,(day-mas'),"Noun, Masculine","Demas, a companion of Paul","Δημᾶς γάρ με

Μάρκος Ἀρίσταρχος Δημᾶς Λουκᾶς οἱ"," Demas indeed me

 [and] Mark Aristarchus Demas Luke the","Ἰησοῦ, Μᾶρκος, Ἀρίσταρχος, <b>Δημᾶς</b>, Λουκᾶς, οἱ συνεργοί μου. Ἡ",Δημᾶς,BibleHub
Λουκᾶς,(loo-kas'),"Noun, Masculine","Luke, a Christian","Λουκᾶς ἐστὶν μόνος

Ἀρίσταρχος Δημᾶς Λουκᾶς οἱ συνεργοί"," Luke is alone

 Aristarchus Demas Luke the fellow workers","Μᾶρκος, Ἀρίσταρχος, Δημᾶς, <b>Λουκᾶς</b>, οἱ συνεργοί μου. Ἡ χάρις τοῦ",Λουκᾶς,BibleHub
συνεργός,(soon-er-gos'),"Adjective","a fellow worker","Οὐρβανὸν τὸν συνεργὸν ἡμῶν ἐν

Τιμόθεος ὁ συνεργός μου καὶ

γάρ ἐσμεν συνεργοί θεοῦ γεώργιον"," Urbanus the fellow worker of us in

 Timothy the fellow worker of me and

 indeed we are fellow workers God's field","Ἀρίσταρχος, Δημᾶς, Λουκᾶς, οἱ <b>συνεργοί</b> μου. Ἡ χάρις τοῦ Κυρίου ἡμῶν",συνεργοί,BibleHub
προσευχή,(pros-yoo-khay'),"Noun, Feminine","prayer","μου οἶκος προσευχῆς κληθήσεται ὑμεῖς

ἐν τῇ προσευχῇ πιστεύοντες λήμψεσθε

μὴ ἐν προσευχῇ "," of me a house of prayer will be called you

 in prayer believing you will receive

 not by prayer","μνείαν σου ποιούμενος ἐπὶ τῶν <b>προσευχῶν</b> μου, ἀκούων σου τὴν ἀγάπην,",προσευχῶν,BibleHub
Ἰησοῦς,(ee-ay-sooce'),"Noun, Masculine","Jesus or Joshua, the name of the Messiah, also three other Isr","ἧς ἐγεννήθη Ἰησοῦς ὁ λεγόμενος

ΤΟΥ ΔΕ ΙΗΣΟΥ ΧΡΙΣΤΟΥ ἡ

ὄνομα αὐτοῦ Ἰησοῦν αὐτὸς γὰρ"," whom was born Jesus who is called

 now of Jesus Christ the

 name of him Jesus he indeed","πίστιν ἣν ἔχεις πρὸς τὸν Κύριον <b>Ἰησοῦν</b> καὶ εἰς πάντας τοὺς ἁγίους, ὅπως",Ἰησοῦν,BibleHub
ἐν,(en),"Preposition","in, on, at, by, with","τὸ γὰρ ἐν αὐτῇ γεννηθὲν

ἡ παρθένος ἐν γαστρὶ ἕξει

Ἰησοῦ γεννηθέντος ἐν Βηθλεὲμ τῆς"," that which indeed in her having been conceived

 the virgin in womb [child] will have

 Jesus having been born in Bethlehem","διὰ σοῦ, ἀδελφέ. Διὸ πολλὴν ἐν <b>Χριστῷ</b> παρρησίαν ἔχων ἐπιτάσσειν σοι τὸ",Χριστῷ,BibleHub
μᾶλλον,(mal'-lon),"Adverb","more","οὐ πολλῷ μᾶλλον ὑμᾶς ὀλιγόπιστοι

ὑμῶν πόσῳ μᾶλλον ὁ πατὴρ

πορεύεσθε δὲ μᾶλλον πρὸς τὰ"," [will he] not much more you O [you] of little faith

 of you how much more the Father

 go however rather to the","σοι τὸ ἀνῆκον, διὰ τὴν ἀγάπην <b>μᾶλλον</b> παρακαλῶ, τοιοῦτος ὢν ὡς Παῦλος",μᾶλλον,BibleHub
παρακαλέω,(par-ak-al-eh'-o),"Verb","to call to or for, to exhort, to encourage","ὅτι αὐτοὶ παρακληθήσονται 

αὐτῷ ἑκατόνταρχος παρακαλῶν αὐτὸν 

δὲ δαίμονες παρεκάλουν αὐτὸν λέγοντες"," for they will be comforted

 to him a centurion imploring him

 and [the] demons begged him saying","ἀνῆκον, διὰ τὴν ἀγάπην μᾶλλον <b>παρακαλῶ</b>, τοιοῦτος ὢν ὡς Παῦλος",παρακαλῶ,BibleHub
Παῦλος,(pow'-los),"Noun, Masculine","(Sergius) Paulus (a Roman proconsul), also Paul (an apostle)","ὁ καὶ Παῦλος πλησθεὶς πνεύματος

οἱ περὶ Παῦλον ἦλθον εἰς

ἀναστὰς δὲ Παῦλος καὶ κατασείσας"," who also [is] Paul having been filled [the] Spirit

 [with] those about [him] Paul came to

 having risen up moreover Paul and having made a sign","μᾶλλον παρακαλῶ, τοιοῦτος ὢν ὡς <b>Παῦλος</b> πρεσβύτης, νυνὶ δὲ καὶ δέσμιος",Παῦλος,BibleHub
νυνί,(noo-nee'),"Adverb","now","περὶ ὧν νυνὶ κατηγοροῦσίν μου

νυνὶ δὲ χωρὶς

νυνὶ δέ ἐλευθερωθέντες"," concerning [the things] of which now they accuse me

 now however apart from

 now moreover having been set free","τοιοῦτος ὢν ὡς Παῦλος πρεσβύτης, <b>νυνὶ</b> δὲ καὶ δέσμιος Ἰησοῦ Χριστοῦ.",νυνὶ,BibleHub
δεσμός,(des-mon'),"Noun, Masculine; Noun, Neuter","a band, bond","διαρρήσσων τὰ δεσμὰ ἠλαύνετο ὑπὸ

ἀπὸ τοῦ δεσμοῦ τούτου τῇ

πάντων τὰ δεσμὰ ἀνέθη "," breaking the chains he was driven by

 from the bond this on the

 of all the chains were loosed","ἐμοῦ τέκνου, ὃν ἐγέννησα ἐν τοῖς <b>δεσμοῖς</b> μου, Ὀνήσιμον, τόν ποτέ σοι",δεσμοῖς,BibleHub
οἶκος,(oy'-kos),"Noun, Masculine","a house, a dwelling","εἰς τὸν οἶκον αὐτοῦ 

τὰ ἀπολωλότα οἴκου Ἰσραήλ 

ἐν τοῖς οἴκοις τῶν βασιλέων"," to the house of him

 lost of [the] house of Israel

 in the houses the of kings","τῇ κατ ’ <b>οἶκόν</b> σου ἐκκλησίᾳ· χάρις ὑμῖν καὶ",οἶκόν,BibleHub
θεός,(theh'-os),"Noun, Feminine; Noun, Masculine","God, a god","δύναται ὁ θεὸς ἐκ τῶν

πνεῦμα τοῦ θεοῦ καταβαῖνον ὡσεὶ

εἶ τοῦ θεοῦ εἰπὲ ἵνα"," able is God from the

 Spirit of God descending as

 you are of God speak that","χάρις ὑμῖν καὶ εἰρήνη ἀπὸ <b>Θεοῦ</b> πατρὸς ἡμῶν καὶ Κυρίου Ἰησοῦ",Θεοῦ,BibleHub
εὐχαριστέω,(yoo-khar-is-teh'-o),"Verb","to be thankful","ποτήριον καὶ εὐχαριστήσας ἔδωκεν αὐτοῖς

ἑπτὰ ἄρτους εὐχαριστήσας ἔκλασεν καὶ

λαβὼν ποτήριον εὐχαριστήσας ἔδωκεν αὐτοῖς"," a cup and having given thanks he gave [it] to them

 seven loaves having given thanks he broke and

 having taken the cup having given thanks he gave to them","ἡμῶν καὶ Κυρίου Ἰησοῦ Χριστοῦ. <b>Εὐχαριστῶ</b> τῷ Θεῷ μου, πάντοτε μνείαν σου",Εὐχαριστῶ,BibleHub
πάντοτε,(pan'-tot-eh),"Adverb","at all times","δὲ οὐ πάντοτε ἔχετε 

πάντοτε γὰρ τοὺς

δύνασθε αὐτοῖς πάντοτε εὖ ποιῆσαι"," however not always you have

 always indeed the

 you are able them always good to do","Χριστοῦ. Εὐχαριστῶ τῷ Θεῷ μου, <b>πάντοτε</b> μνείαν σου ποιούμενος ἐπὶ τῶν",πάντοτε,BibleHub
οὐκέτι,(ook-et'-ee),"Adverb, Negative","no longer, no more","ἐπερωτῆσαι αὐτὸν οὐκέτι 

οὐδὲ ἁλύσει οὐκέτι οὐδεὶς ἐδύνατο

οὐκέτι ἀφίετε αὐτὸν"," to question him no longer

 not even with chains no longer anyone was able

 no longer you allow him","<b>οὐκέτι</b> ὡς δοῦλον ἀλλ ’ ὑπὲρ δοῦλον,",οὐκέτι,BibleHub
ἀλλά,(al-lah'),"Conjunction","otherwise, on the other hand, but","τὸν μόδιον ἀλλ' ἐπὶ τὴν

ἦλθον καταλῦσαι ἀλλὰ πληρῶσαι 

τῷ πονηρῷ ἀλλ' ὅστις σε"," a basket but upon the

 I came to abolish but to fulfill [them]

 the evil [person] but whoever you","ὡς δοῦλον <b>ἀλλ</b> ’ ὑπὲρ δοῦλον, ἀδελφὸν ἀγαπητόν,",ἀλλ,BibleHub
ἀδελφός,(ad-el-fos'),"Noun, Masculine","a brother","καὶ τοὺς ἀδελφοὺς αὐτοῦ ἐπὶ

εἶδεν δύο ἀδελφούς Σίμωνα τὸν

Ἀνδρέαν τὸν ἀδελφὸν αὐτοῦ βάλλοντας"," and the brothers of him at [the time]

 he saw two brothers Simon who

 Andrew the brother of him casting","ὡς δοῦλον ἀλλ ’ ὑπὲρ δοῦλον, <b>ἀδελφὸν</b> ἀγαπητόν, μάλιστα ἐμοί, πόσῳ δὲ",ἀδελφὸν,BibleHub
ἀγαπητός,(ag-ap-ay-tos'),"Adjective","beloved","ᾑρέτισα ὁ ἀγαπητός μου εἰς

μου ὁ ἀγαπητός ἐν ᾧ

μου ὁ ἀγαπητός ἐν σοὶ"," I have chosen beloved of me in

 of me the beloved in whom

 of me the beloved in whom","ἀλλ ’ ὑπὲρ δοῦλον, ἀδελφὸν <b>ἀγαπητόν</b>, μάλιστα ἐμοί, πόσῳ δὲ μᾶλλον",ἀγαπητόν,BibleHub
μάλιστα,(mal'-is-tah),"Adverb, Superlative","most","ὑμῶν καὶ μάλιστα ἐπὶ σοῦ

μάλιστα γνώστην ὄντα

πρὸς πάντας μάλιστα δὲ πρὸς"," you and especially before you

 especially acquainted being

 toward all especially moreover toward","ὑπὲρ δοῦλον, ἀδελφὸν ἀγαπητόν, <b>μάλιστα</b> ἐμοί, πόσῳ δὲ μᾶλλον σοὶ καὶ ἐν",μάλιστα,BibleHub
πόσος,(pos'-os),"Correlative Or Interrogative Pronoun","how much? how great?","τέκνοις ὑμῶν πόσῳ μᾶλλον ὁ

Βεελζεβοὺλ ἐπεκάλεσαν πόσῳ μᾶλλον τοὺς

πόσῳ οὖν διαφέρει"," children of you how much more the

 Beelzebul they called how much more those

 How much then is more valuable","ἀδελφὸν ἀγαπητόν, μάλιστα ἐμοί, <b>πόσῳ</b> δὲ μᾶλλον σοὶ καὶ ἐν σαρκὶ καὶ ἐν",πόσῳ,BibleHub
μᾶλλον,(mal'-lon),"Adverb","more","οὐ πολλῷ μᾶλλον ὑμᾶς ὀλιγόπιστοι

ὑμῶν πόσῳ μᾶλλον ὁ πατὴρ

πορεύεσθε δὲ μᾶλλον πρὸς τὰ"," [will he] not much more you O [you] of little faith

 of you how much more the Father

 go however rather to the","ἀγαπητόν, μάλιστα ἐμοί, πόσῳ δὲ <b>μᾶλλον</b> σοὶ καὶ ἐν σαρκὶ καὶ ἐν Κυρίῳ.",μᾶλλον,BibleHub
σάρξ,(sarx),"Noun, Feminine","flesh","δύο εἰς σάρκα μίαν 

δύο ἀλλὰ σὰρξ μία ὃ

ἐσώθη πᾶσα σάρξ διὰ δὲ"," two for flesh one

 two but flesh one What

 there would have been saved any body because of however","ἐμοί, πόσῳ δὲ μᾶλλον σοὶ καὶ ἐν <b>σαρκὶ</b> καὶ ἐν Κυρίῳ. εἰ οὖν με ἔχεις",σαρκὶ,BibleHub
κοινωνός,(koy-no-nos'),"Noun, Masculine","a sharer","οἳ ἦσαν κοινωνοὶ τῷ Σίμωνι

τὰς θυσίας κοινωνοὶ τοῦ θυσιαστηρίου

δὲ ὑμᾶς κοινωνοὺς τῶν δαιμονίων"," who were partners with Simon

 the sacrifices fellow-partakers with the altar

 moreover you fellow-partakers with demons","καὶ ἐν Κυρίῳ. εἰ οὖν με ἔχεις <b>κοινωνόν</b>, προσλαβοῦ αὐτὸν ὡς ἐμέ. εἰ δέ",κοινωνόν,BibleHub
προσλαμβάνω,(pros-lam-ban'-o),"Verb","to take in addition","ἐλάλει καὶ προσλαβόμενος ὁ Πέτρος

Ἰουδαῖοι καὶ προσλαβόμενοι τῶν ἀγοραίων

καὶ Ἀκύλας προσελάβοντο αὐτὸν καὶ"," he spoke And having taken Peter

 Jews and having taken to [them] of the market-loungers

 and Aquila they took to [them] him and","εἰ οὖν με ἔχεις κοινωνόν, <b>προσλαβοῦ</b> αὐτὸν ὡς ἐμέ. εἰ δέ τι ἠδίκησέ",προσλαβοῦ,BibleHub
ἤ,(ay),"Particle, Disjunctive Particle","or, than","τὸν νόμον ἢ τοὺς προφήτας

ἰῶτα ἓν ἢ μία κεραία

λευκὴν ποιῆσαι ἢ μέλαιναν "," the law or the prophets

 jot one or one tittle

 white to make or black","αὐτὸν ὡς ἐμέ. εἰ δέ τι ἠδίκησέ σε <b>ἢ</b> ὀφείλει, τοῦτο ἐμοὶ ἐλλόγει· ἐγὼ",ἢ,BibleHub
ὀφείλω,(of-i'-lo),"Verb","to owe","εἴ τι ὀφείλεις 

ἀποδῷ τὸ ὀφειλόμενον 

πᾶν τὸ ὀφειλόμενον "," if any you owe

 he should pay that which was owing

 all that was owing","ὡς ἐμέ. εἰ δέ τι ἠδίκησέ σε ἢ <b>ὀφείλει</b>, τοῦτο ἐμοὶ ἐλλόγει· ἐγὼ Παῦλος",ὀφείλει,BibleHub
Παῦλος,(pow'-los),"Noun, Masculine","(Sergius) Paulus (a Roman proconsul), also Paul (an apostle)","ὁ καὶ Παῦλος πλησθεὶς πνεύματος

οἱ περὶ Παῦλον ἦλθον εἰς

ἀναστὰς δὲ Παῦλος καὶ κατασείσας"," who also [is] Paul having been filled [the] Spirit

 [with] those about [him] Paul came to

 having risen up moreover Paul and having made a sign","ὀφείλει, τοῦτο ἐμοὶ ἐλλόγει· ἐγὼ <b>Παῦλος</b> ἔγραψα τῇ ἐμῇ χειρί, ἐγὼ",Παῦλος,BibleHub
γράφω,(graf'-o),"Verb","to write","ἀποκριθεὶς εἶπεν Γέγραπται Οὐκ ἐπ'

σεαυτὸν κάτω γέγραπται γὰρ ὅτι

Ἰησοῦς Πάλιν γέγραπται Οὐκ ἐκπειράσεις"," having answered he said It has been written Not by

 yourself down it has been written indeed

 Jesus Again it has been written not You will test","τοῦτο ἐμοὶ ἐλλόγει· ἐγὼ Παῦλος <b>ἔγραψα</b> τῇ ἐμῇ χειρί, ἐγὼ ἀποτίσω· ἵνα",ἔγραψα,BibleHub
ἀσπασμός,(as-pas-mos'),"Noun, Masculine","a greeting, salutation","περιπατεῖν καὶ ἀσπασμοὺς ἐν ταῖς

εἴη ὁ ἀσπασμὸς οὗτος 

ἤκουσεν τὸν ἀσπασμὸν τῆς Μαρίας"," to walk about and greetings in the

 might be the salutation this

 heard the greeting of Mary","ἐμοὶ ἐλλόγει· ἐγὼ Παῦλος ἔγραψα τῇ <b>ἐμῇ</b> χειρί, ἐγὼ ἀποτίσω· ἵνα μὴ λέγω",ἐμῇ,BibleHub
σεαυτοῦ,(seh-ow-too'),"Reflexive Pronoun","of (to, for) yourself","ἀλλὰ ὕπαγε σεαυτὸν δεῖξον τῷ

σου ὡς σεαυτόν 

σου ὡς σεαυτόν "," but go yourself show to the

 of you as yourself

 of you as yourself","ἀποτίσω· ἵνα μὴ λέγω σοι ὅτι καὶ <b>σεαυτόν</b> μοι προσοφείλεις. ναί, ἀδελφέ,",σεαυτόν,BibleHub
προσοφείλω,(pros-of-i'-lo),"Verb","to owe besides",,,"λέγω σοι ὅτι καὶ σεαυτόν μοι <b>προσοφείλεις</b>. ναί, ἀδελφέ, ἐγώ σου",προσοφείλεις,BibleHub
ναί,(nahee),"Particle, Disjunctive Particle","yes (indeed), certainly","ὑμῶν ναὶ ναί οὒ οὔ

λέγουσιν αὐτῷ Ναί κύριε 

προφήτην ἰδεῖν ναί λέγω ὑμῖν"," of you Yes yes no no

 They say to him Yes Lord

 a prophet to see Yes I say to you","ὅτι καὶ σεαυτόν μοι προσοφείλεις. <b>ναί</b>, ἀδελφέ, ἐγώ σου ὀναίμην ἐν",ναί,BibleHub
ὀνίνημι,(on-in'-ay-mee),"Verb","to profit, help",,,"ναί, ἀδελφέ, ἐγώ σου <b>ὀναίμην</b> ἐν Κυρίῳ· ἀνάπαυσόν μου τὰ",ὀναίμην,BibleHub
ἀναπαύω,(an-ap-ow'-o),"Verb","to give rest, give intermission from labor, by implication refresh","λοιπὸν καὶ ἀναπαύεσθε ἰδοὺ ἤγγικεν

τόπον καὶ ἀναπαύσασθε ὀλίγον ἦσαν

λοιπὸν καὶ ἀναπαύεσθε ἀπέχει ἦλθεν"," later on and take your rest Behold has drawn near

 place and rest a little Were

 now and take your rest It is enough has come","ἐγώ σου ὀναίμην ἐν Κυρίῳ· <b>ἀνάπαυσόν</b> μου τὰ σπλάγχνα ἐν Κυρίῳ",ἀνάπαυσόν,BibleHub
σπλάγχνα,(splangkh'-non),"Noun, Neuter","the inward parts (heart, liver, lungs, etc.), the emotions","πάντα τὰ σπλάγχνα αὐτοῦ 

ἐν τοῖς σπλάγχνοις ὑμῶν 

καὶ τὰ σπλάγχνα αὐτοῦ περισσοτέρως"," all the intestines of him

 in the affections of you

 and the affections of him more abundantly","ἐν Κυρίῳ· ἀνάπαυσόν μου τὰ <b>σπλάγχνα</b> ἐν Κυρίῳ",σπλάγχνα,BibleHub
οὐκέτι,(ook-et'-ee),"no longer, no more","ἐπερωτῆσαι αὐτὸν οὐκέτι 

οὐδὲ ἁλύσει οὐκέτι οὐδεὶς ἐδύνατο

οὐκέτι ἀφίετε αὐτὸν"," to question him no longer

 not even with chains no longer anyone was able

 no longer you allow him","('Adverb, Negative',)","<b>οὐκέτι</b> ὡς δοῦλον ἀλλ ’ ὑπὲρ δοῦλον,",οὐκέτι,BibleHub
ἀλλά,(al-lah'),"otherwise, on the other hand, but","τὸν μόδιον ἀλλ' ἐπὶ τὴν

ἦλθον καταλῦσαι ἀλλὰ πληρῶσαι 

τῷ πονηρῷ ἀλλ' ὅστις σε"," a basket but upon the

 I came to abolish but to fulfill [them]

 the evil [person] but whoever you","('Conjunction',)","ὡς δοῦλον <b>ἀλλ</b> ’ ὑπὲρ δοῦλον, ἀδελφὸν ἀγαπητόν,",ἀλλ,BibleHub
ἀδελφός,(ad-el-fos'),"a brother","καὶ τοὺς ἀδελφοὺς αὐτοῦ ἐπὶ

εἶδεν δύο ἀδελφούς Σίμωνα τὸν

Ἀνδρέαν τὸν ἀδελφὸν αὐτοῦ βάλλοντας"," and the brothers of him at [the time]

 he saw two brothers Simon who

 Andrew the brother of him casting","('Noun, Masculine',)","ὡς δοῦλον ἀλλ ’ ὑπὲρ δοῦλον, <b>ἀδελφὸν</b> ἀγαπητόν, μάλιστα ἐμοί, πόσῳ δὲ",ἀδελφὸν,BibleHub
ἀγαπητός,(ag-ap-ay-tos'),"beloved","ᾑρέτισα ὁ ἀγαπητός μου εἰς

μου ὁ ἀγαπητός ἐν ᾧ

μου ὁ ἀγαπητός ἐν σοὶ"," I have chosen beloved of me in

 of me the beloved in whom

 of me the beloved in whom","('Adjective',)","ἀλλ ’ ὑπὲρ δοῦλον, ἀδελφὸν <b>ἀγαπητόν</b>, μάλιστα ἐμοί, πόσῳ δὲ μᾶλλον",ἀγαπητόν,BibleHub
μάλιστα,(mal'-is-tah),"most","ὑμῶν καὶ μάλιστα ἐπὶ σοῦ

μάλιστα γνώστην ὄντα

πρὸς πάντας μάλιστα δὲ πρὸς"," you and especially before you

 especially acquainted being

 toward all especially moreover toward","('Adverb, Superlative',)","ὑπὲρ δοῦλον, ἀδελφὸν ἀγαπητόν, <b>μάλιστα</b> ἐμοί, πόσῳ δὲ μᾶλλον σοὶ καὶ ἐν",μάλιστα,BibleHub
πόσος,(pos'-os),"how much? how great?","τέκνοις ὑμῶν πόσῳ μᾶλλον ὁ

Βεελζεβοὺλ ἐπεκάλεσαν πόσῳ μᾶλλον τοὺς

πόσῳ οὖν διαφέρει"," children of you how much more the

 Beelzebul they called how much more those

 How much then is more valuable","('Correlative Or Interrogative Pronoun',)","ἀδελφὸν ἀγαπητόν, μάλιστα ἐμοί, <b>πόσῳ</b> δὲ μᾶλλον σοὶ καὶ ἐν σαρκὶ καὶ ἐν",πόσῳ,BibleHub
μᾶλλον,(mal'-lon),"more","οὐ πολλῷ μᾶλλον ὑμᾶς ὀλιγόπιστοι

ὑμῶν πόσῳ μᾶλλον ὁ πατὴρ

πορεύεσθε δὲ μᾶλλον πρὸς τὰ"," [will he] not much more you O [you] of little faith

 of you how much more the Father

 go however rather to the","('Adverb',)","ἀγαπητόν, μάλιστα ἐμοί, πόσῳ δὲ <b>μᾶλλον</b> σοὶ καὶ ἐν σαρκὶ καὶ ἐν Κυρίῳ.",μᾶλλον,BibleHub
σάρξ,(sarx),"flesh","δύο εἰς σάρκα μίαν 

δύο ἀλλὰ σὰρξ μία ὃ

ἐσώθη πᾶσα σάρξ διὰ δὲ"," two for flesh one

 two but flesh one What

 there would have been saved any body because of however","('Noun, Feminine',)","ἐμοί, πόσῳ δὲ μᾶλλον σοὶ καὶ ἐν <b>σαρκὶ</b> καὶ ἐν Κυρίῳ. εἰ οὖν με ἔχεις",σαρκὶ,BibleHub
κοινωνός,(koy-no-nos'),"a sharer","οἳ ἦσαν κοινωνοὶ τῷ Σίμωνι

τὰς θυσίας κοινωνοὶ τοῦ θυσιαστηρίου

δὲ ὑμᾶς κοινωνοὺς τῶν δαιμονίων"," who were partners with Simon

 the sacrifices fellow-partakers with the altar

 moreover you fellow-partakers with demons","('Noun, Masculine',)","καὶ ἐν Κυρίῳ. εἰ οὖν με ἔχεις <b>κοινωνόν</b>, προσλαβοῦ αὐτὸν ὡς ἐμέ. εἰ δέ",κοινωνόν,BibleHub
προσλαμβάνω,(pros-lam-ban'-o),"to take in addition","ἐλάλει καὶ προσλαβόμενος ὁ Πέτρος

Ἰουδαῖοι καὶ προσλαβόμενοι τῶν ἀγοραίων

καὶ Ἀκύλας προσελάβοντο αὐτὸν καὶ"," he spoke And having taken Peter

 Jews and having taken to [them] of the market-loungers

 and Aquila they took to [them] him and","('Verb',)","εἰ οὖν με ἔχεις κοινωνόν, <b>προσλαβοῦ</b> αὐτὸν ὡς ἐμέ. εἰ δέ τι ἠδίκησέ",προσλαβοῦ,BibleHub
ἤ,(ay),"or, than","τὸν νόμον ἢ τοὺς προφήτας

ἰῶτα ἓν ἢ μία κεραία

λευκὴν ποιῆσαι ἢ μέλαιναν "," the law or the prophets

 jot one or one tittle

 white to make or black","('Particle, Disjunctive Particle',)","αὐτὸν ὡς ἐμέ. εἰ δέ τι ἠδίκησέ σε <b>ἢ</b> ὀφείλει, τοῦτο ἐμοὶ ἐλλόγει· ἐγὼ",ἢ,BibleHub
ὀφείλω,(of-i'-lo),"to owe","εἴ τι ὀφείλεις 

ἀποδῷ τὸ ὀφειλόμενον 

πᾶν τὸ ὀφειλόμενον "," if any you owe

 he should pay that which was owing

 all that was owing","('Verb',)","ὡς ἐμέ. εἰ δέ τι ἠδίκησέ σε ἢ <b>ὀφείλει</b>, τοῦτο ἐμοὶ ἐλλόγει· ἐγὼ Παῦλος",ὀφείλει,BibleHub
Παῦλος,(pow'-los),"(Sergius) Paulus (a Roman proconsul), also Paul (an apostle)","ὁ καὶ Παῦλος πλησθεὶς πνεύματος

οἱ περὶ Παῦλον ἦλθον εἰς

ἀναστὰς δὲ Παῦλος καὶ κατασείσας"," who also [is] Paul having been filled [the] Spirit

 [with] those about [him] Paul came to

 having risen up moreover Paul and having made a sign","('Noun, Masculine',)","ὀφείλει, τοῦτο ἐμοὶ ἐλλόγει· ἐγὼ <b>Παῦλος</b> ἔγραψα τῇ ἐμῇ χειρί, ἐγὼ",Παῦλος,BibleHub
γράφω,(graf'-o),"to write","ἀποκριθεὶς εἶπεν Γέγραπται Οὐκ ἐπ'

σεαυτὸν κάτω γέγραπται γὰρ ὅτι

Ἰησοῦς Πάλιν γέγραπται Οὐκ ἐκπειράσεις"," having answered he said It has been written Not by

 yourself down it has been written indeed

 Jesus Again it has been written not You will test","('Verb',)","τοῦτο ἐμοὶ ἐλλόγει· ἐγὼ Παῦλος <b>ἔγραψα</b> τῇ ἐμῇ χειρί, ἐγὼ ἀποτίσω· ἵνα",ἔγραψα,BibleHub
ἀσπασμός,(as-pas-mos'),"a greeting, salutation","περιπατεῖν καὶ ἀσπασμοὺς ἐν ταῖς

εἴη ὁ ἀσπασμὸς οὗτος 

ἤκουσεν τὸν ἀσπασμὸν τῆς Μαρίας"," to walk about and greetings in the

 might be the salutation this

 heard the greeting of Mary","('Noun, Masculine',)","ἐμοὶ ἐλλόγει· ἐγὼ Παῦλος ἔγραψα τῇ <b>ἐμῇ</b> χειρί, ἐγὼ ἀποτίσω· ἵνα μὴ λέγω",ἐμῇ,BibleHub
σεαυτοῦ,(seh-ow-too'),"of (to, for) yourself","ἀλλὰ ὕπαγε σεαυτὸν δεῖξον τῷ

σου ὡς σεαυτόν 

σου ὡς σεαυτόν "," but go yourself show to the

 of you as yourself

 of you as yourself","('Reflexive Pronoun',)","ἀποτίσω· ἵνα μὴ λέγω σοι ὅτι καὶ <b>σεαυτόν</b> μοι προσοφείλεις. ναί, ἀδελφέ,",σεαυτόν,BibleHub
προσοφείλω,(pros-of-i'-lo),"to owe besides",,,"('Verb',)","λέγω σοι ὅτι καὶ σεαυτόν μοι <b>προσοφείλεις</b>. ναί, ἀδελφέ, ἐγώ σου",προσοφείλεις,BibleHub
ναί,(nahee),"yes (indeed), certainly","ὑμῶν ναὶ ναί οὒ οὔ

λέγουσιν αὐτῷ Ναί κύριε 

προφήτην ἰδεῖν ναί λέγω ὑμῖν"," of you Yes yes no no

 They say to him Yes Lord

 a prophet to see Yes I say to you","('Particle, Disjunctive Particle',)","ὅτι καὶ σεαυτόν μοι προσοφείλεις. <b>ναί</b>, ἀδελφέ, ἐγώ σου ὀναίμην ἐν",ναί,BibleHub
ὀνίνημι,(on-in'-ay-mee),"to profit, help",,,"('Verb',)","ναί, ἀδελφέ, ἐγώ σου <b>ὀναίμην</b> ἐν Κυρίῳ· ἀνάπαυσόν μου τὰ",ὀναίμην,BibleHub
ἀναπαύω,(an-ap-ow'-o),"to give rest, give intermission from labor, by implication refresh","λοιπὸν καὶ ἀναπαύεσθε ἰδοὺ ἤγγικεν

τόπον καὶ ἀναπαύσασθε ὀλίγον ἦσαν

λοιπὸν καὶ ἀναπαύεσθε ἀπέχει ἦλθεν"," later on and take your rest Behold has drawn near

 place and rest a little Were

 now and take your rest It is enough has come","('Verb',)","ἐγώ σου ὀναίμην ἐν Κυρίῳ· <b>ἀνάπαυσόν</b> μου τὰ σπλάγχνα ἐν Κυρίῳ",ἀνάπαυσόν,BibleHub
σπλάγχνα,(splangkh'-non),"the inward parts (heart, liver, lungs, etc.), the emotions","πάντα τὰ σπλάγχνα αὐτοῦ 

ἐν τοῖς σπλάγχνοις ὑμῶν 

καὶ τὰ σπλάγχνα αὐτοῦ περισσοτέρως"," all the intestines of him

 in the affections of you

 and the affections of him more abundantly","('Noun, Neuter',)","ἐν Κυρίῳ· ἀνάπαυσόν μου τὰ <b>σπλάγχνα</b> ἐν Κυρίῳ",σπλάγχνα,BibleHub
δοῦλον,(doo'-lon),"slavish, servile",,,-,"ὡς <b>δοῦλον</b> ἀλλ ’ ὑπὲρ <b>δοῦλον</b>, ἀδελφὸν",δοῦλον,BibleHub
ἐν,(en),"in, on, at, by, with","τὸ γὰρ ἐν αὐτῇ γεννηθὲν

ἡ παρθένος ἐν γαστρὶ ἕξει

Ἰησοῦ γεννηθέντος ἐν Βηθλεὲμ τῆς"," that which indeed in her having been conceived

 the virgin in womb [child] will have

 Jesus having been born in Bethlehem","('Preposition',)","δὲ μᾶλλον σοὶ καὶ ἐν σαρκὶ καὶ ἐν <b>Κυρίῳ</b>. εἰ οὖν με ἔχεις κοινωνόν,",Κυρίῳ,BibleHub
