Πέτρος,(pet'-ros),"""a stone"" or ""a boulder"", Peter, one of the twelve apostles",τὴν οἰκίαν Πέτρου εἶδεν τὴν<br><br>ὁ λεγόμενος Πέτρος καὶ Ἀνδρέας<br><br>δὲ ὁ Πέτρος εἶπεν αὐτῷ, the house of Peter he saw the<br><br> who is called Peter and Andrew<br><br> moreover Peter said to him,"Noun, Masculine","""δὲ <b>πέτρος</b> ἀναστὰς ἔδραμεν ἐπὶ τὸ μνημεῖον,""",Πέτρος,BibleHub
παρακύπτω,(par-ak-oop'-to),"to stoop sideways, to stoop to look",καὶ παρακύψας βλέπει κείμενα<br><br>οὖν ἔκλαιεν παρέκυψεν εἰς τὸ<br><br>ὁ δὲ παρακύψας εἰς νόμον, and having stooped down he sees lying<br><br> therefore she wept she stooped down into the<br><br> the [one] however having looked into [the] law,Verb,"""ἔδραμεν ἐπὶ τὸ μνημεῖον, καὶ <b>παρακύψας</b> βλέπει τὰ ὀθόνια κείμενα μόνα·""",παρακύψας,BibleHub
ὀθόνιον,(oth-on'-ee-on),a piece of fine linen,ἔδησαν αὐτὸ ὀθονίοις μετὰ τῶν<br><br>κείμενα τὰ ὀθόνια οὐ μέντοι<br><br>θεωρεῖ τὰ ὀθόνια κείμενα , bound it in linen cloths with the<br><br> lying the linen cloths not however<br><br> sees the linen cloths lying,"Noun, Neuter","""καὶ παρακύψας βλέπει τὰ <b>ὀθόνια</b> κείμενα μόνα· καὶ ἀπῆλθε πρὸς""",ὀθόνια,BibleHub
κεῖμαι,(ki'-mahee),"to be laid, lie",ἐπάνω ὄρους κειμένη <br><br>τόπον ὅπου ἔκειτο <br><br>ἐσπαργανωμένον καὶ κείμενον ἐν φάτνῃ, on a hill set<br><br> place where was lying<br><br> wrapped in swaddling clothes and lying in a manger,Verb,"""καὶ παρακύψας βλέπει τὰ ὀθόνια <b>κείμενα</b> μόνα· καὶ ἀπῆλθε πρὸς ἑαυτὸν""",κείμενα,BibleHub
ἀπόλλυμι,(ap-ol'-loo-mee),"to destroy, destroy utterly",σοι ἵνα ἀπόληται ἓν τῶν<br><br>σοι ἵνα ἀπόληται ἓν τῶν<br><br>Κύριε σῶσον ἀπολλύμεθα , for you that should perish one of the<br><br> for you that should perish one of the<br><br> Lord save us we are perishing,Verb,"""τὰ ὀθόνια κείμενα μόνα· καὶ <b>ἀπῆλθε</b> πρὸς ἑαυτὸν θαυμάζων τὸ γεγονός.""",ἀπῆλθε,BibleHub
θαυμάζω,(thou-mad'-zo),"to marvel, wonder",δὲ ἄνθρωποι ἐθαύμασαν λέγοντες Ποταπός<br><br>κωφός καὶ ἐθαύμασαν οἱ ὄχλοι<br><br>τὸν ὄχλον θαυμάσαι βλέποντας κωφοὺς, and [the] men marveled saying What kind [of man]<br><br> mute [man] And marveled the crowds<br><br> the crowds marveled seeing mute,Verb,"""μόνα· καὶ ἀπῆλθε πρὸς ἑαυτὸν <b>θαυμάζων</b> τὸ γεγονός. Καὶ ἰδού, δύο ἐξ""",θαυμάζων,BibleHub
πορεύομαι,(por-yoo'-om-ahee),to go,τοῦ βασιλέως ἐπορεύθησαν καὶ ἰδοὺ<br><br>αὐτοῦ καὶ πορεύου εἰς γῆν<br><br>λέγω τούτῳ Πορεύθητι καὶ πορεύεται, the king went away and behold<br><br> of him and go into [the] land<br><br> I say to this [one] Go and he goes,Verb,"""Καὶ ἰδού, δύο ἐξ αὐτῶν ἦσαν <b>πορευόμενοι</b> ἐν αὐτῇ τῇ ἡμέρᾳ εἰς κώμην""",πορευόμενοι,BibleHub
στάδιον,(stad'-ee-on),"a stadium (a Greek  measure of length), by implication a racecourse",κώμην ἀπέχουσαν σταδίους ἑξήκοντα ἀπὸ<br><br>οὖν ὡς σταδίους εἴκοσι πέντε<br><br>ὡς ἀπὸ σταδίων δεκαπέντε , a village being distant furlongs sixty from<br><br> then about furlongs twenty five<br><br> about off furlongs fifteen,"Noun, Masculine; Noun, Neuter","""τῇ ἡμέρᾳ εἰς κώμην ἀπέχουσαν <b>σταδίους</b> ἑξήκοντα ἀπὸ Ἱερουσαλήμ, ᾗ""",σταδίους,BibleHub
ἑξήκοντα,(hex-ay'-kon-tah),sixty,ὃ δὲ ἑξήκοντα ὃ δὲ<br><br>καὶ ἐν ἑξήκοντα καὶ ἐν<br><br>καὶ ἐν ἑξήκοντα καὶ ἐν, some moreover sixty some moreover<br><br> and one sixty and one<br><br> and one sixty and one,Indeclinable Numeral (Adjective),"""εἰς κώμην ἀπέχουσαν σταδίους <b>ἑξήκοντα</b> ἀπὸ Ἱερουσαλήμ, ᾗ ὄνομα Ἐμμαούς""",ἑξήκοντα,BibleHub
Ἐμμαούς,(em-mah-ooce'),"Emmaus, a place 60 stadia (7.5 miles) west of Jer",,,"Proper Noun, Indeclinable","""ἑξήκοντα ἀπὸ Ἱερουσαλήμ, ᾗ ὄνομα <b>ἐμμαούς</b>. καὶ αὐτοὶ ὡμίλουν πρὸς ἀλλήλους""",Ἐμμαούς,BibleHub
ὁμιλέω,(hom-il-eh'-o),"to consort with, to converse with",ἐν τῷ ὁμιλεῖν αὐτοὺς καὶ<br><br>ἱκανόν τε ὁμιλήσας ἄχρι αὐγῆς<br><br>αὐτὸν μεταπεμπόμενος ὡμίλει αὐτῷ , as talked they and<br><br> for long and having talked until daybreak<br><br> him sending for he talked with him,Verb,"""ᾗ ὄνομα Ἐμμαούς. καὶ αὐτοὶ <b>ὡμίλουν</b> πρὸς ἀλλήλους περὶ πάντων τῶν""",ὡμίλουν,BibleHub
συμβαίνω,(soom-bah'-ee-no),"to come together, (of events) to come to pass",πάντων τῶν συμβεβηκότων τούτων <br><br>ἐπὶ τῷ συμβεβηκότι αὐτῷ <br><br>πειρασμῶν τῶν συμβάντων μοι ἐν, all which had taken place these things<br><br> at that which had happened to him<br><br> temptations having happened to me through,Verb,"""πρὸς ἀλλήλους περὶ πάντων τῶν <b>συμβεβηκότων</b> τούτων. καὶ ἐγένετο ἐν τῷ""",συμβεβηκότων,BibleHub
συζητέω,(sood-zay-teh'-o),"to examine together, to dispute",καὶ ἤρξαντο συζητεῖν αὐτῷ ζητοῦντες<br><br>πρὸς ἑαυτοὺς συζητοῦντες τί ἐστιν<br><br>καὶ γραμματεῖς συζητοῦντας πρὸς αὐτούς, and began to dispute with him seeking<br><br> among themselves questioning what is<br><br> and scribes arguing with them,Verb,"""ἐγένετο ἐν τῷ ὁμιλεῖν αὐτοὺς καὶ <b>συζητεῖν</b>, καὶ αὐτὸς ὁ Ἰησοῦς ἐγγίσας""",συζητεῖν,BibleHub
ἐγγίζω,(eng-id'-zo),"to make near, to come near",λέγειν Μετανοεῖτε ἤγγικεν γὰρ ἡ<br><br>λέγοντες ὅτι Ἤγγικεν ἡ βασιλεία<br><br>Καὶ ὅτε ἤγγισαν εἰς Ἰεροσόλυμα, to say Repent has drawn near indeed the<br><br> saying Has drawn near the kingdom<br><br> And when they drew near to Jerusalem,Verb,"""καὶ συζητεῖν, καὶ αὐτὸς ὁ Ἰησοῦς <b>ἐγγίσας</b> συνεπορεύετο αὐτοῖς. οἱ δὲ""",ἐγγίσας,BibleHub
συμπορεύομαι,(soom-por-yoo'-om-ahee),"to journey together, to come together",Ναίν καὶ συνεπορεύοντο αὐτῷ οἱ<br><br>Συνεπορεύοντο δὲ αὐτῷ<br><br>Ἰησοῦς ἐγγίσας συνεπορεύετο αὐτοῖς , Nain and went with him the<br><br> were going with moreover him<br><br> Jesus having drawn near went with them,Verb,"""καὶ αὐτὸς ὁ Ἰησοῦς ἐγγίσας <b>συνεπορεύετο</b> αὐτοῖς. οἱ δὲ ὀφθαλμοὶ αὐτῶν""",συνεπορεύετο,BibleHub
κρατέω,(krat-eh'-o),"to be strong, rule",βόθυνον οὐχὶ κρατήσει αὐτὸ καὶ<br><br>γὰρ Ἡρῴδης κρατήσας τὸν Ἰωάνην<br><br>δηνάρια καὶ κρατήσας αὐτὸν ἔπνιγεν, a pit will not he lay hold of it and<br><br> For Herod having seized John<br><br> denarii and having seized him he throttled [him],Verb,"""αὐτοῖς. οἱ δὲ ὀφθαλμοὶ αὐτῶν <b>ἐκρατοῦντο</b> τοῦ μὴ ἐπιγνῶναι αὐτόν. εἶπε""",ἐκρατοῦντο,BibleHub
ἐπιγινώσκω,(ep-ig-in-oce'-ko),"to know exactly, to recognize",καρπῶν αὐτῶν ἐπιγνώσεσθε αὐτούς <br><br>καὶ οὐδεὶς ἐπιγινώσκει τὸν υἱὸν<br><br>πατέρα τις ἐπιγινώσκει εἰ μὴ, fruits of them you will know them<br><br> And no one knows the Son<br><br> Father any one does know if not,Verb,"""ὀφθαλμοὶ αὐτῶν ἐκρατοῦντο τοῦ μὴ <b>ἐπιγνῶναι</b> αὐτόν. εἶπε δὲ πρὸς αὐτούς,""",ἐπιγνῶναι,BibleHub
τίς,(tis),who? which? what?,μωρανθῇ ἐν τίνι ἁλισθήσεται εἰς<br><br>ἀγαπῶντας ὑμᾶς τίνα μισθὸν ἔχετε<br><br>ὑμῶν μόνον τί περισσὸν ποιεῖτε, become tasteless with what will it be salted for<br><br> love you what reward have you<br><br> of you only what extraordinary do you,Interrogative Pronoun,"""αὐτόν. εἶπε δὲ πρὸς αὐτούς, <b>τίνες</b> οἱ λόγοι οὗτοι οὓς ἀντιβάλλετε""",Τίνες,BibleHub
ἀντιβάλλω,(an-tee-bal'-lo),"to throw in turn, exchange",,,Verb,"""Τίνες οἱ λόγοι οὗτοι οὓς <b>ἀντιβάλλετε</b> πρὸς ἀλλήλους περιπατοῦντες,""",ἀντιβάλλετε,BibleHub
ἀποκρίνομαι,(ap-ok-ree'-nom-ahee),to answer,ὁ δὲ ἀποκριθεὶς εἶπεν Γέγραπται<br><br>ἀποκριθεὶς καὶ ὁ<br><br>καὶ ἀποκριθεὶς ὁ Ἰησοῦς, moreover having answered he said It has been written<br><br> having answered moreover the<br><br> And having answered Jesus,Verb,"""καί ἐστὲ σκυθρωποί; <b>ἀποκριθεὶς</b> δὲ ὁ εἷς, ᾧ ὄνομα Κλεόπας,""",ἀποκριθεὶς,BibleHub
Κλεοπᾶς,(kleh-op'-as),"Cleopas, a Christian",,,"Noun, Masculine","""ἀποκριθεὶς δὲ ὁ εἷς, ᾧ ὄνομα <b>κλεόπας</b>, εἶπε πρὸς αὐτόν, Σὺ μόνος""",Κλεόπας,BibleHub
ἱερεύς,(hee-er-yooce'),a priest,μὴ τοῖς ἱερεῦσιν μόνοις <br><br>σάββασιν οἱ ἱερεῖς ἐν τῷ<br><br>δεῖξον τῷ ἱερεῖ καὶ προσένεγκε, not for the priests only<br><br> Sabbath the priests in the<br><br> show to the priest and offer,"Noun, Masculine","""ᾧ ὄνομα Κλεόπας, εἶπε πρὸς αὐτόν, <b>σὺ</b> μόνος παροικεῖς ἐν Ἱερουσαλήμ, καὶ""",Σὺ,BibleHub
παροικέω,(par-oy-keh'-o),"to dwell near, reside as a foreigner",Πίστει παρῴκησεν εἰς γῆν, By faith he sojourned in land,Verb,"""εἶπε πρὸς αὐτόν, Σὺ μόνος <b>παροικεῖς</b> ἐν Ἱερουσαλήμ, καὶ οὐκ ἔγνως τὰ""",παροικεῖς,BibleHub
ποῖος,(poy'-os),of what sort?,λέγοντες Ἐν ποίᾳ ἐξουσίᾳ ταῦτα<br><br>ἐρῶ ἐν ποίᾳ ἐξουσίᾳ ταῦτα<br><br>ὑμῖν ἐν ποίᾳ ἐξουσίᾳ ταῦτα, saying By what authority these things<br><br> will say by what authority these things<br><br> you by what authority these things,Interrogative Pronoun,"""ταύταις; καὶ εἶπεν αὐτοῖς, <b>ποῖα</b>; οἱ δὲ εἶπον αὐτῷ, Τὰ περὶ Ἰησοῦ""",Ποῖα,BibleHub
Ναζωραῖος,(nad-zo-rah'-yos),"a Nazarene, an inhabitant of Nazareth",Ἰησοῦ τοῦ Ναζωραίου <br><br>Ἰησοῦς ὁ Ναζωραῖος παρέρχεται <br><br>Ἰησοῦν τὸν Ναζωραῖον λέγει αὐτοῖς, Jesus of Nazareth<br><br> Jesus of Nazareth is passing by<br><br> Jesus of Nazareth He Says to them,"Noun, Masculine","""εἶπον αὐτῷ, Τὰ περὶ Ἰησοῦ τοῦ <b>ναζωραίου</b>, ὃς ἐγένετο ἀνὴρ προφήτης""",Ναζωραίου,BibleHub
ἀνήρ,(an'-ayr),a man,δὲ ὁ ἀνὴρ αὐτῆς δίκαιος<br><br>αὐτούς ὁμοιωθήσεται ἀνδρὶ φρονίμῳ ὅστις<br><br>αὐτοὺς ὁμοιωθήσεται ἀνδρὶ μωρῷ ὅστις, moreover the husband of her righteous<br><br> them will be like a man wise who<br><br> them he will be likened to a man foolish who,"Noun, Masculine","""Ἰησοῦ τοῦ Ναζωραίου, ὃς ἐγένετο <b>ἀνὴρ</b> προφήτης δυνατὸς ἐν ἔργῳ καὶ λόγῳ""",ἀνὴρ,BibleHub
δυνατός,(doo-nat-os'),"strong, mighty, powerful",πλανῆσαι εἰ δυνατὸν καὶ τοὺς<br><br>μου εἰ δυνατόν ἐστιν παρελθάτω<br><br>δύνῃ πάντα δυνατὰ τῷ πιστεύοντι, to mislead if possible even the<br><br> of me if possible it is let pass<br><br> you are able all things are possible to him that believes,Adjective,"""ὃς ἐγένετο ἀνὴρ προφήτης <b>δυνατὸς</b> ἐν ἔργῳ καὶ λόγῳ ἐναντίον τοῦ""",δυνατὸς,BibleHub
ἐναντίον,(en-an-tee'-on),"before, in the presence of",αὐτοῦ ῥήματος ἐναντίον τοῦ λαοῦ<br><br>καὶ λόγῳ ἐναντίον τοῦ θεοῦ<br><br>καὶ σοφίαν ἐναντίον Φαραὼ βασιλέως, his word before the people<br><br> and word before God<br><br> and wisdom before Pharoah king,Adverb,"""δυνατὸς ἐν ἔργῳ καὶ λόγῳ <b>ἐναντίον</b> τοῦ Θεοῦ καὶ παντὸς τοῦ λαοῦ·""",ἐναντίον,BibleHub
παραδίδωμι,(par-ad-id'-o-mee),"to hand over, to give or deliver over, to betray",ποτέ σε παραδῷ ὁ ἀντίδικος<br><br>ὁ καὶ παραδοὺς αὐτόν <br><br>τῶν ἀνθρώπων παραδώσουσιν γὰρ ὑμᾶς, ever you deliver the adversary<br><br> who also having betrayed him<br><br> men they will deliver indeed you,Verb,"""καὶ παντὸς τοῦ λαοῦ· ὅπως τε <b>παρέδωκαν</b> αὐτὸν οἱ ἀρχιερεῖς καὶ οἱ""",παρέδωκαν,BibleHub
ἀρχιερεύς,(ar-khee-er-yuce'),high priest,πρεσβυτέρων καὶ ἀρχιερέων καὶ γραμματέων<br><br>παραδοθήσεται τοῖς ἀρχιερεῦσιν καὶ γραμματεῦσιν<br><br>δὲ οἱ ἀρχιερεῖς καὶ οἱ, elders and chief priests and scribes<br><br> will be betrayed to the chief priests and scribes<br><br> moreover the chief priests and the,"Noun, Masculine","""λαοῦ· ὅπως τε παρέδωκαν αὐτὸν οἱ <b>ἀρχιερεῖς</b> καὶ οἱ ἄρχοντες ἡμῶν εἰς κρίμα""",ἀρχιερεῖς,BibleHub
ἄρχων,(ar'-khone),"ruler, chief",οἰκίαν τοῦ ἄρχοντος καὶ ἰδὼν<br><br>Ἐν τῷ ἄρχοντι τῶν δαιμονίων<br><br>τῷ Βεελζεβοὺλ ἄρχοντι τῶν δαιμονίων, house of the ruler and having seen<br><br> By the prince of the demons<br><br> Beelzebul prince of the demons,"Noun, Masculine","""αὐτὸν οἱ ἀρχιερεῖς καὶ οἱ <b>ἄρχοντες</b> ἡμῶν εἰς κρίμα θανάτου, καὶ""",ἄρχοντες,BibleHub
κρίμα,(kree'-mah),a judgment,λήψεσθε περισσότερον κρίμα <br><br>λήμψονται περισσότερον κρίμα <br><br>λήμψονται περισσότερον κρίμα , you shall receive more abundant judgment<br><br> will receive greater judgment<br><br> will receive more abundant judgment,"Noun, Neuter","""ἀρχιερεῖς καὶ οἱ ἄρχοντες ἡμῶν εἰς <b>κρίμα</b> θανάτου, καὶ ἐσταύρωσαν αὐτόν.""",κρίμα,BibleHub
σταυρόω,(stow-ro'-o),"to fence with stakes, to crucify",ἀποκτενεῖτε καὶ σταυρώσετε καὶ ἐξ<br><br>εἰς τὸ σταυρωθῆναι <br><br>λέγουσιν πάντες Σταυρωθήτω , you will kill and crucify and [some] of<br><br> over to be crucified<br><br> They say all Let [him] be crucified,Verb,"""ἡμῶν εἰς κρίμα θανάτου, καὶ <b>ἐσταύρωσαν</b> αὐτόν. ἡμεῖς δὲ ἠλπίζομεν ὅτι""",ἐσταύρωσαν,BibleHub
λυτρόω,(loo-tro'-o),"to release by paying a ransom, to redeem",ἡμῶν ἵνα λυτρώσηται ἡμᾶς ἀπὸ<br><br>ἢ χρυσίῳ ἐλυτρώθητε ἐκ τῆς, us that he might redeem us from<br><br> or by gold you were redeemed from the,Verb,"""ὅτι αὐτός ἐστιν ὁ μέλλων <b>λυτροῦσθαι</b> τὸν Ἰσραήλ. ἀλλά γε σὺν πᾶσι""",λυτροῦσθαι,BibleHub
Ἰσραήλ,(is-rah-ale'),"Israel, the name of the Jewish people and their land",εἰς γῆν Ἰσραήλ τεθνήκασιν γὰρ<br><br>εἰς γῆν Ἰσραήλ <br><br>ἐν τῷ Ἰσραὴλ εὗρον , into [the] land of Israel they have died indeed<br><br> into [the] land of Israel<br><br> in Israel have I found,"Proper Noun, Indeclinable","""ἐστιν ὁ μέλλων λυτροῦσθαι τὸν <b>ἰσραήλ</b>. ἀλλά γε σὺν πᾶσι τούτοις τρίτην""",Ἰσραήλ,BibleHub
ἄγω,(ag'-o),"to lead, bring, carry",αὐτῆς λύσαντες ἀγάγετέ μοι <br><br>ἤγαγον τὴν ὄνον<br><br>ἐγείρεσθε ἄγωμεν ἰδοὺ ἤγγικεν, her having untied [them] bring [them] to me<br><br> they brought the donkey<br><br> Rise up let us go behold has drawn near,Verb,"""πᾶσι τούτοις τρίτην ταύτην ἡμέραν <b>ἄγει</b> σήμερον ἀφ ’ οὗ ταῦτα ἐγένετο.""",ἄγει,BibleHub
γυνή,(goo-nay'),a woman,παρέλαβεν τὴν γυναῖκα αὐτοῦ <br><br>ὁ βλέπων γυναῖκα πρὸς τὸ<br><br>ἀπολύσῃ τὴν γυναῖκα αὐτοῦ δότω, took to [him] the wife of him<br><br> that looks upon a woman to<br><br> shall divorce the wife of him let him give,"Noun, Feminine","""ἀφ ’ οὗ ταῦτα ἐγένετο. ἀλλὰ καὶ <b>γυναῖκές</b> τινες ἐξ ἡμῶν ἐξέστησαν ἡμᾶς,""",γυναῖκές,BibleHub
ἐξίστημι,(ex-is'-tay-mee),"to displace, to stand aside from",πάντων ὥστε ἐξίστασθαι πάντας καὶ<br><br>γὰρ ὅτι ἐξέστη <br><br>δώδεκα καὶ ἐξέστησαν εὐθὺς ἐκστάσει, all so that were amazed all and<br><br> indeed He is out of his mind<br><br> twelve And they were overcome immediately with amazement,Verb,"""ἀλλὰ καὶ γυναῖκές τινες ἐξ ἡμῶν <b>ἐξέστησαν</b> ἡμᾶς, γενόμεναι ὄρθριαι ἐπὶ τὸ""",ἐξέστησαν,BibleHub
ὄρθριος,(or'-three-os),early,,,Adjective,"""ἡμῶν ἐξέστησαν ἡμᾶς, γενόμεναι <b>ὄρθριαι</b> ἐπὶ τὸ μνημεῖον· καὶ μὴ εὑροῦσαι""",ὄρθριαι,BibleHub
ὀπτασία,(op-tas-ee'-ah),an appearing,λέγουσαι καὶ ὀπτασίαν ἀγγέλων ἑωρακέναι<br><br>τῇ οὐρανίῳ ὀπτασίᾳ <br><br>δὲ εἰς ὀπτασίας καὶ ἀποκαλύψεις, declaring also a vision of angels to have seen<br><br> to the heavenly vision<br><br> moreover to visions and revelations,"Noun, Feminine","""σῶμα αὐτοῦ, ἦλθον λέγουσαι καὶ <b>ὀπτασίαν</b> ἀγγέλων ἑωρακέναι, οἳ λέγουσιν""",ὀπτασίαν,BibleHub
ζάω,(dzah'-o),to live,αὐτήν καὶ ζήσεται <br><br>θεοῦ τοῦ ζῶντος <br><br>νεκρῶν ἀλλὰ ζώντων , her and she will live<br><br> God the living<br><br> of [the] dead but of [the] living,Verb,"""ἑωρακέναι, οἳ λέγουσιν αὐτὸν <b>ζῇν</b>. καὶ ἀπῆλθόν τινες τῶν σὺν ἡμῖν""",ζῇν,BibleHub
ἀπέρχομαι,(ap-erkh'-om-ahee),"to go away, go after",καὶ ἀπῆλθεν ἡ ἀκοὴ<br><br>εἰς γέενναν ἀπέλθῃ <br><br>αὐτὸν ἐκέλευσεν ἀπελθεῖν εἰς τὸ, And went out the news<br><br> into hell be cast<br><br> him he commanded to depart to the,Verb,"""οἳ λέγουσιν αὐτὸν ζῇν. καὶ <b>ἀπῆλθόν</b> τινες τῶν σὺν ἡμῖν ἐπὶ τὸ""",ἀπῆλθόν,BibleHub
οἶδα,(i'-do),"be aware, behold, consider, perceive",ἔθνη ἐπιζητοῦσιν οἶδεν γὰρ ὁ<br><br>πονηροὶ ὄντες οἴδατε δόματα ἀγαθὰ<br><br>ἵνα δὲ εἰδῆτε ὅτι ἐξουσίαν, Gentiles seek after knows indeed the<br><br> evil being know [how] gifts good<br><br> that however you might know that authority,Verb,"""αἱ γυναῖκες εἶπον· αὐτὸν δὲ οὐκ <b>εἶδον</b>. καὶ αὐτὸς εἶπε πρὸς αὐτούς, Ὦ""",εἶδον,BibleHub
ἀνόητος,(an-o'-ay-tos),not understanding,τε καὶ ἀνοήτοις ὀφειλέτης εἰμί<br><br>Ὦ ἀνόητοι Γαλάται τίς<br><br>οὕτως ἀνόητοί ἐστε ἐναρξάμενοι, both and foolish a debtor I am<br><br> O foolish Galatians who<br><br> So foolish are you Having begun,Adjective,"""καὶ αὐτὸς εἶπε πρὸς αὐτούς, Ὦ <b>ἀνόητοι</b> καὶ βραδεῖς τῇ καρδίᾳ τοῦ""",ἀνόητοι,BibleHub
βραδύς,(brad-ooce'),slow,τὸ ἀκοῦσαι βραδὺς εἰς τὸ<br><br>τὸ λαλῆσαι βραδὺς εἰς ὀργήν, to hear slow for<br><br> to speak slow to anger,Adjective,"""εἶπε πρὸς αὐτούς, Ὦ ἀνόητοι καὶ <b>βραδεῖς</b> τῇ καρδίᾳ τοῦ πιστεύειν ἐπὶ πᾶσιν""",βραδεῖς,BibleHub
δεῖ,(die),it is necessary,ὅτι Ἠλίαν δεῖ ἐλθεῖν πρῶτον<br><br>οὐκ ἔδει καὶ σὲ<br><br>ταῦτα δὲ ἔδει ποιῆσαι κἀκεῖνα, that Elijah must come first<br><br> not did it behove also you<br><br> these moreover it behoved [you] to do and those [others],Verb,"""ἐλάλησαν οἱ προφῆται· οὐχὶ ταῦτα <b>ἔδει</b> παθεῖν τὸν Χριστόν, καὶ εἰσελθεῖν""",ἔδει,BibleHub
Χριστός,(khris-tos'),"the Anointed One, Messiah, Christ",ὁ λεγόμενος Χριστός <br><br>ἕως τοῦ χριστοῦ γενεαὶ δεκατέσσαρες<br><br>ΔΕ ΙΗΣΟΥ ΧΡΙΣΤΟΥ ἡ γένεσις, who is called Christ<br><br> to the Christ generations fourteen<br><br> now of Jesus Christ the birth,"Noun, Masculine","""οὐχὶ ταῦτα ἔδει παθεῖν τὸν <b>χριστόν</b>, καὶ εἰσελθεῖν εἰς τὴν δόξαν""",Χριστόν,BibleHub
ἄρχομαι,(ar'-khom-ahee),"commence, rule",δὲ πορευομένων ἤρξατο ὁ Ἰησοῦς<br><br>Τότε ἤρξατο ὀνειδίζειν τὰς<br><br>ἐπείνασαν καὶ ἤρξαντο τίλλειν στάχυας, moreover were going began Jesus<br><br> Then he began to insult the<br><br> were hungry and began to pluck [the] heads of grain,Verb,"""εἰς τὴν δόξαν αὐτοῦ; καὶ <b>ἀρξάμενος</b> ἀπὸ Μωσέως καὶ ἀπὸ πάντων τῶν""",ἀρξάμενος,BibleHub
Μωσῆς,(moce-yoos'),"Moses, a leader of Isr",ὤφθη αὐτοῖς Μωυσῆς καὶ Ἠλίας<br><br>μίαν καὶ Μωυσεῖ μίαν καὶ<br><br>Τί οὖν Μωυσῆς ἐνετείλατο δοῦναι, appeared to them Moses and Elijah<br><br> one and for Moses one and<br><br> Why then Moses did command to give,"Noun, Masculine","""δόξαν αὐτοῦ; καὶ ἀρξάμενος ἀπὸ <b>μωσέως</b> καὶ ἀπὸ πάντων τῶν προφητῶν,""",Μωσέως,BibleHub
διερμηνεύω,(dee-er-main-yoo'-o),"to explain thoroughly, by implication to translate",Ταβιθά ἣ διερμηνευομένη λέγεται Δορκάς<br><br>μὴ πάντες διερμηνεύουσιν <br><br>εἰ μὴ διερμηνεύῃ ἵνα ἡ, Tabitha which translated is called Dorcas<br><br> not all do interpret<br><br> if not he should interpret that the,Verb,"""καὶ ἀπὸ πάντων τῶν προφητῶν, <b>διηρμήνευεν</b> αὐτοῖς ἐν πάσαις ταῖς γραφαῖς""",διηρμήνευεν,BibleHub
γραφή,(graf-ay'),"a writing, scripture",εἰδότες τὰς γραφὰς μηδὲ τὴν<br><br>πληρωθῶσιν αἱ γραφαὶ ὅτι οὕτως<br><br>πληρωθῶσιν αἱ γραφαὶ τῶν προφητῶν, knowing the Scriptures nor the<br><br> should be fulfilled the Scriptures that thus<br><br> might be fulfilled the Scriptures of the prophets,"Noun, Feminine","""διηρμήνευεν αὐτοῖς ἐν πάσαις ταῖς <b>γραφαῖς</b> τὰ περὶ ἑαυτοῦ. καὶ ἤγγισαν εἰς""",γραφαῖς,BibleHub
προσποιέω,(pros-poy-eh'-om-ahee),"to attach to, take to oneself, to pretend",,,Verb,"""κώμην οὗ ἐπορεύοντο· καὶ αὐτὸς <b>προσεποιεῖτο</b> πορρωτέρω πορεύεσθαι. καὶ""",προσεποιεῖτο,BibleHub
πόρρω,(por'-rho),far off,καρδία αὐτῶν πόρρω ἀπέχει ἀπ'<br><br>ἔτι αὐτοῦ πόρρω ὄντος πρεσβείαν<br><br>αὐτὸς προσεποιήσατο πορρώτερον πορεύεσθαι , [the] heart of them far is far away from<br><br> still of him far off being an embassy<br><br> he appeared farther to be going,"Adverb; Adverb, Comparative","""καὶ αὐτὸς προσεποιεῖτο <b>πορρωτέρω</b> πορεύεσθαι. καὶ παρεβιάσαντο""",πορρωτέρω,BibleHub
ἔρχομαι,(er'-khom-ahee),"to come, go",ὅπως κἀγὼ ἐλθὼν προσκυνήσω αὐτῷ<br><br>αὐτούς ἕως ἐλθὼν ἐστάθη ἐπάνω<br><br>καὶ ἐλθόντες εἰς τὴν, that I also having come might worship him<br><br> them until having come it stood over<br><br> And having come into the,Verb,"""αὐτὸς προσεποιεῖτο πορρωτέρω <b>πορεύεσθαι</b>. καὶ παρεβιάσαντο αὐτόν,""",πορεύεσθαι,BibleHub
παραβιάζομαι,(par-ab-ee-ad'-zom-ahee),to force against (nature),μένετε καὶ παρεβιάσατο ἡμᾶς , abide And she persuaded us,Verb,"""πορρωτέρω πορεύεσθαι. καὶ <b>παρεβιάσαντο</b> αὐτόν, λέγοντες, Μεῖνον μεθ""",παρεβιάσαντο,BibleHub
μένω,(men'-o),"to stay, abide, remain",ἐν σοί ἔμεινεν ἂν μέχρι<br><br>ἕως θανάτου μείνατε ὧδε καὶ<br><br>οἰκίαν ἐκεῖ μένετε ἕως ἂν, in you it had remained anyhow until<br><br> even to death remain here and<br><br> a house there remain until anyhow,Verb,"""παρεβιάσαντο αὐτόν, λέγοντες, <b>μεῖνον</b> μεθ ’ ἡμῶν, ὅτι πρὸς ἑσπέραν""",Μεῖνον,BibleHub
ἑσπέρα,(hes-per'-ah),evening,ἦν γὰρ ἑσπέρα ἤδη <br><br>πρωὶ ἕως ἑσπέρας , it was indeed evening already<br><br> morning to evening,"Noun, Feminine","""Μεῖνον μεθ ’ ἡμῶν, ὅτι πρὸς <b>ἑσπέραν</b> ἐστί, καὶ κέκλικεν ἡ ἡμέρα. καὶ""",ἑσπέραν,BibleHub
κατακλίνω,(kat-ak-lee'-no),to make to lie down,μαθητὰς αὐτοῦ Κατακλίνατε αὐτοὺς κλισίας<br><br>οὕτως καὶ κατέκλιναν ἅπαντας <br><br>γάμους μὴ κατακλιθῇς εἰς τὴν, disciples of him Make sit down them groups<br><br> so and made sit down all<br><br> wedding feasts not do recline in the,Verb,"""σὺν αὐτοῖς. καὶ ἐγένετο ἐν τῷ <b>κατακλιθῆναι</b> αὐτὸν μετ ’ αὐτῶν, λαβὼν τὸν""",κατακλιθῆναι,BibleHub
ἀγαπάω,(ag-ap-ah'-o),to love,λέγω ὑμῖν ἀγαπᾶτε τοὺς ἐχθροὺς<br><br>ἐὰν γὰρ ἀγαπήσητε τοὺς ἀγαπῶντας<br><br>ἀγαπήσητε τοὺς ἀγαπῶντας ὑμᾶς τίνα, say to you Love enemies<br><br> if indeed you love those who love<br><br> you love those who love you what,Verb,"""μετ ’ αὐτῶν, λαβὼν τὸν ἄρτον <b>εὐλόγησε</b>, καὶ κλάσας ἐπεδίδου αὐτοῖς.""",εὐλόγησε,BibleHub
κλάω,(klah'-o),to break,καὶ εὐχαριστήσας ἔκλασεν καὶ ἐδίδου<br><br>καὶ εὐλογήσας ἔκλασεν καὶ δοὺς<br><br>ἄρτους εὐχαριστήσας ἔκλασεν καὶ ἐδίδου, and having given thanks he broke and gave<br><br> and having blessed broke and having given<br><br> loaves having given thanks he broke and gave,Verb,"""λαβὼν τὸν ἄρτον εὐλόγησε, καὶ <b>κλάσας</b> ἐπεδίδου αὐτοῖς. αὐτῶν δὲ""",κλάσας,BibleHub
ἐπιδίδωμι,(ep-ee-did'-o-mee),"to give over, give way",μὴ ὄφιν ἐπιδώσει αὐτῷ <br><br>καὶ ἐπεδόθη αὐτῷ βιβλίον<br><br>ὄφιν αὐτῷ ἐπιδώσει , not a serpent will he give him<br><br> and there was given to him [the] scroll of<br><br> a serpent to him will he give,Verb,"""τὸν ἄρτον εὐλόγησε, καὶ κλάσας <b>ἐπεδίδου</b> αὐτοῖς. αὐτῶν δὲ διηνοίχθησαν""",ἐπεδίδου,BibleHub
διανοίγω,(dee-an-oy'-go),to open up completely,Πᾶν ἄρσεν διανοῖγον μήτραν ἅγιον<br><br>αὐτῶν δὲ διηνοίχθησαν οἱ ὀφθαλμοὶ<br><br>ὁδῷ ὡς διήνοιγεν ἡμῖν τὰς, every male opening a womb holy<br><br> of them moreover were opened the eyes<br><br> road as he was opening to us the,Verb,"""ἐπεδίδου αὐτοῖς. αὐτῶν δὲ <b>διηνοίχθησαν</b> οἱ ὀφθαλμοί, καὶ ἐπέγνωσαν""",διηνοίχθησαν,BibleHub
ἄφαντος,(af'-an-tos),invisible,,,Adjective,"""καὶ ἐπέγνωσαν αὐτόν· καὶ αὐτὸς <b>ἄφαντος</b> ἐγένετο ἀπ ’ αὐτῶν. καὶ εἶπον""",ἄφαντος,BibleHub
οὐχί,(oo-khee'),"not, not at all",περισσὸν ποιεῖτε οὐχὶ καὶ οἱ<br><br>τί ἐνδύσησθε οὐχὶ ἡ ψυχὴ<br><br>οὐχὶ δύο στρουθία, extraordinary do you Do not also the<br><br> what you should put on Is not the life<br><br> Not two sparrows,"Particle, Interrogative; Particle, Negative","""πᾶσιν οἷς ἐλάλησαν οἱ προφῆται· <b>οὐχὶ</b> ταῦτα ἔδει παθεῖν τὸν Χριστόν,""",Οὐχὶ,BibleHub
καίω,(kah'-yo),"to kindle, burn",οἱ λύχνοι καιόμενοι <br><br>καρδία ἡμῶν καιομένη ἦν ἐν<br><br>λύχνος ὁ καιόμενος καὶ φαίνων, the lamps burning<br><br> heart our burning was within<br><br> lamp burning and shining,Verb,"""ἀλλήλους, Οὐχὶ ἡ καρδία ἡμῶν <b>καιομένη</b> ἦν ἐν ἡμῖν, ὡς ἐλάλει ἡμῖν ἐν""",καιομένη,BibleHub
ὑποστρέφω,(hoop-os-tref'-o),"to turn back, return",καὶ ὑπέστρεψαν οἱ ποιμένες<br><br>ἐν τῷ ὑποστρέφειν αὐτοὺς ὑπέμεινεν<br><br>μὴ εὑρόντες ὑπέστρεψαν εἰς Ἰερουσαλὴμ, And returned the shepherds<br><br> as were returning they remained behind<br><br> not having found [him] they returned to Jerusalem,Verb,"""καὶ ἀναστάντες αὐτῇ τῇ ὥρᾳ, <b>ὑπέστρεψαν</b> εἰς Ἱερουσαλήμ, καὶ εὗρον""",ὑπέστρεψαν,BibleHub
συναθροίζω,(soon-ath-royd'-zo),to gather together,ἦσαν ἱκανοὶ συνηθροισμένοι καὶ προσευχόμενοι<br><br>οὓς συναθροίσας καὶ τοὺς, were many gathered together and are praying<br><br> whom having brought together also the,Verb,"""εἰς Ἱερουσαλήμ, καὶ εὗρον <b>συνηθροισμένους</b> τοὺς ἕνδεκα καὶ τοὺς σὺν""",συνηθροισμένους,BibleHub
ἕνδεκα,(hen'-dek-ah),eleven,αὐτοῖς τοῖς ἕνδεκα ἐφανερώθη καὶ<br><br>πάντα τοῖς ἕνδεκα καὶ πᾶσιν<br><br>ἠθροισμένους τοὺς ἕνδεκα καὶ τοὺς, they to the eleven he appeared and<br><br> all to the eleven and to all<br><br> gathered together the eleven and those,Indeclinable Numeral (Adjective),"""καὶ εὗρον συνηθροισμένους τοὺς <b>ἕνδεκα</b> καὶ τοὺς σὺν αὐτοῖς, λέγοντας""",ἕνδεκα,BibleHub
ἐγείρω,(eg-i'-ro),"to waken, to raise up",Ἰωσὴφ λέγων Ἐγερθεὶς παράλαβε τὸ<br><br>ὁ δὲ ἐγερθεὶς παρέλαβεν τὸ<br><br>λέγων Ἐγερθεὶς παράλαβε τὸ, to Joseph saying Having risen take with [you] the<br><br> moreover he having risen took with [him] the<br><br> saying Having risen take with [you] the,Verb,"""τοὺς σὺν αὐτοῖς, λέγοντας ὅτι <b>ἠγέρθη</b> ὀ Κύριος ὄντως, καὶ ὤφθη Σίμωνι""",Ἠγέρθη,BibleHub
ὄνομα,(on'-om-ah),"a name, authority, cause",καλέσουσιν τὸ ὄνομα αὐτοῦ Ἐμμανουήλ<br><br>ἐκάλεσεν τὸ ὄνομα αὐτοῦ Ἰησοῦν<br><br>Ἁγιασθήτω τὸ ὄνομά σου , they will call the name of him Immanuel<br><br> he called the name of him Jesus<br><br> hallowed be the name of you,"Noun, Neuter","""σὺν αὐτοῖς, λέγοντας ὅτι Ἠγέρθη <b>ὀ</b> Κύριος ὄντως, καὶ ὤφθη Σίμωνι. καὶ""",ὀ,BibleHub
Σίμων,(see'-mone),"Simon, the name of several Israelites",ταῦτα πρῶτος Σίμων ὁ λεγόμενος<br><br>Σίμων ὁ Καναναῖος<br><br>Ἰωσὴφ καὶ Σίμων καὶ Ἰούδας, these first Simon who is called<br><br> Simon the Zealot<br><br> Joseph and Simon and Judas,"Noun, Masculine","""Ἠγέρθη ὀ Κύριος ὄντως, καὶ ὤφθη <b>σίμωνι</b>. καὶ αὐτοὶ ἐξηγοῦντο τὰ ἐν τῇ""",Σίμωνι,BibleHub
ἐξηγέομαι,(ex-ayg-eh'-om-ahee),to show the way,πατρὸς ἐκεῖνος ἐξηγήσατο <br><br>καὶ ἐξηγησάμενος ἅπαντα αὐτοῖς<br><br>καὶ Παύλου ἐξηγουμένων ὅσα ἐποίησεν, Father he declared<br><br> and having related all things to them<br><br> and Paul relating what did,Verb,"""καὶ ὤφθη Σίμωνι. καὶ αὐτοὶ <b>ἐξηγοῦντο</b> τὰ ἐν τῇ ὁδῷ, καὶ ὡς ἐγνώσθη""",ἐξηγοῦντο,BibleHub
κλάσις,(klas'-is),a breaking,κοινωνίᾳ τῇ κλάσει τοῦ ἄρτου, in fellowship the breaking of the bread,"Noun, Feminine","""ὁδῷ, καὶ ὡς ἐγνώσθη αὐτοῖς ἐν τῇ <b>κλάσει</b> τοῦ ἄρτου. Καὶ ἐλθόντι αὐτῷ εἰς""",κλάσει,BibleHub
πέραν,(per'-an),on the other side,Ἰουδαίας καὶ πέραν τοῦ Ἰορδάνου<br><br>εἰς τὸ πέραν <br><br>εἰς τὸ πέραν εἰς τὴν, Judea and beyond the Jordan<br><br> to the other side<br><br> to the other side to the,Adverb,"""ἄρτου. Καὶ ἐλθόντι αὐτῷ εἰς τὸ <b>πέραν</b> εἰς τὴν χώραν τῶν Γεργεσηνῶν,""",πέραν,BibleHub
χώρα,(kho'-rah),"a space, place, land",καθημένοις ἐν χώρᾳ καὶ σκιᾷ<br><br>εἰς τὴν χώραν τῶν Γαδαρηνῶν<br><br>ἡ Ἰουδαία χώρα καὶ οἱ, were sitting in [the] land and shadow<br><br> to the region of the Gadarenes<br><br> the of Judea region and they,"Noun, Feminine","""ἐλθόντι αὐτῷ εἰς τὸ πέραν εἰς τὴν <b>χώραν</b> τῶν Γεργεσηνῶν, ὑπήντησαν αὐτῷ""",χώραν,BibleHub
ὑπαντάω,(hoop-an-tah'-o),"to go to meet, to meet",ἰδοὺ Ἰησοῦς ὑπήντησεν αὐταῖς λέγων<br><br>πλοίου εὐθὺς ὑπήντησεν αὐτῷ ἐκ<br><br>τὴν γῆν ὑπήντησεν ἀνήρ τις, behold Jesus met them saying<br><br> boat immediately met him out of<br><br> the land met [him] a man certain,Verb,"""εἰς τὴν χώραν τῶν Γεργεσηνῶν, <b>ὑπήντησαν</b> αὐτῷ δύο δαιμονιζόμενοι ἐκ τῶν""",ὑπήντησαν,BibleHub
δαιμονίζομαι,(dahee-mon-id'-zom-ahee),to be possessed by a demon,προσήνεγκαν αὐτῷ δαιμονιζομένους πολλούς καὶ<br><br>αὐτῷ δύο δαιμονιζόμενοι ἐκ τῶν<br><br>τὰ τῶν δαιμονιζομένων , they brought to him possessed with demons many and<br><br> him two possessed by demons out of the<br><br> the [events] of the [men] being possessed by demons,Verb,"""ὑπήντησαν αὐτῷ δύο <b>δαιμονιζόμενοι</b> ἐκ τῶν μνημείων ἐξερχόμενοι,""",δαιμονιζόμενοι,BibleHub
μνημεῖον,(mnay-mi'-on),"a memorial, a monument",κοσμεῖτε τὰ μνημεῖα τῶν δικαίων<br><br>καὶ τὰ μνημεῖα ἀνεῴχθησαν καὶ<br><br>ἐκ τῶν μνημείων μετὰ τὴν, adorn the monuments of the righteous<br><br> and the tombs were opened and<br><br> out of the tombs after the,"Noun, Neuter","""αὐτῷ δύο δαιμονιζόμενοι ἐκ τῶν <b>μνημείων</b> ἐξερχόμενοι, χαλεποὶ λίαν,""",μνημείων,BibleHub
χαλεπός,(khal-ep-os'),hard (to do or bear),ἐνστήσονται καιροὶ χαλεποί , will be present times difficult,Adjective,"""ἐκ τῶν μνημείων ἐξερχόμενοι, <b>χαλεποὶ</b> λίαν, ὥστε μὴ ἰσχύειν τινὰ""",χαλεποὶ,BibleHub
ὥστε,(hoce'-teh),"so as to, so then, therefore",χαλεποὶ λίαν ὥστε μὴ ἰσχύειν<br><br>πνευμάτων ἀκαθάρτων ὥστε ἐκβάλλειν αὐτὰ<br><br>ἄνθρωπος προβάτου ὥστε ἔξεστιν τοῖς, violent very so that not was able<br><br> over spirits unclean so as to cast out them<br><br> a man than a sheep So that it is lawful on the,Conjunction,"""ἐξερχόμενοι, χαλεποὶ λίαν, <b>ὥστε</b> μὴ ἰσχύειν τινὰ παρελθεῖν διὰ τῆς""",ὥστε,BibleHub
ἰσχύω,(is-khoo'-o),"to be strong, have power",ὥστε μὴ ἰσχύειν τινὰ παρελθεῖν<br><br>ἔχουσιν οἱ ἰσχύοντες ἰατροῦ ἀλλ'<br><br>Οὕτως οὐκ ἰσχύσατε μίαν ὥραν, so that not was able any one to pass<br><br> have they who are strong of a physician but<br><br> Thus not were you able one hour,Verb,"""χαλεποὶ λίαν, ὥστε μὴ <b>ἰσχύειν</b> τινὰ παρελθεῖν διὰ τῆς ὁδοῦ""",ἰσχύειν,BibleHub
παρέρχομαι,(par-er'-khom-ahee),"to pass by, to come to",οὐ μὴ παρέλθῃ ἀπὸ τοῦ<br><br>ἰσχύειν τινὰ παρελθεῖν διὰ τῆς<br><br>ὥρα ἤδη παρῆλθεν ἀπόλυσον τοὺς, no not shall pass away from the<br><br> was able any one to pass by the<br><br> time already is gone by dismiss the,Verb,"""λίαν, ὥστε μὴ ἰσχύειν τινὰ <b>παρελθεῖν</b> διὰ τῆς ὁδοῦ ἐκείνης· καὶ ἰδού,""",παρελθεῖν,BibleHub
κράζω,(krad'-zo),"to scream, cry out",δύο τυφλοὶ κράζοντες καὶ λέγοντες<br><br>τοῦ φόβου ἔκραξαν <br><br>ἀρξάμενος καταποντίζεσθαι ἔκραξεν λέγων Κύριε, two blind [men] crying and saying<br><br> fear they cried out<br><br> having begun to sink he cried out saying master,Verb,"""διὰ τῆς ὁδοῦ ἐκείνης· καὶ ἰδού, <b>ἔκραξαν</b> λέγοντες, Τί ἡμῖν καὶ σοί,""",ἔκραξαν,BibleHub
ὧδε,(ho'-deh),"so, to here, here",μεῖζόν ἐστιν ὧδε <br><br>πλεῖον Ἰωνᾶ ὧδε <br><br>πλεῖον Σολομῶνος ὧδε , a greater is here<br><br> greater than Jonah here<br><br> greater than Solomon here,Adverb,"""σοί, Ἰησοῦ, υἱὲ τοῦ Θεοῦ; ἦλθες <b>ὧδε</b> πρὸ καιροῦ βασανίσαι ἡμᾶς; ἦν δὲ""",ὧδε,BibleHub
βασανίζω,(bas-an-id'-zo),to torture,πρὸ καιροῦ βασανίσαι ἡμᾶς <br><br>γῆς ἀπεῖχεν βασανιζόμενον ὑπὸ τῶν<br><br>μή με βασανίσῃς , before [the] time to torment us<br><br> land being tossed by the<br><br> not me torment,Verb,"""τοῦ Θεοῦ; ἦλθες ὧδε πρὸ καιροῦ <b>βασανίσαι</b> ἡμᾶς; ἦν δὲ μακρὰν ἀπ ’ αὐτῶν""",βασανίσαι,BibleHub
μακράν,(mak-ran'),"a long way, far",αὐτῷ Οὐ μακρὰν εἶ ἀπὸ<br><br>αὐτοῦ οὐ μακρὰν ἀπέχοντος ἀπὸ<br><br>δὲ αὐτοῦ μακρὰν ἀπέχοντος εἶδεν, to him Not far are you from<br><br> he not far being distant from<br><br> moreover he far being distant saw,Adverb,"""πρὸ καιροῦ βασανίσαι ἡμᾶς; ἦν δὲ <b>μακρὰν</b> ἀπ ’ αὐτῶν ἀγέλη χοίρων πολλῶν""",μακρὰν,BibleHub
βόσκω,(bos'-ko),to feed,Οἱ δὲ βόσκοντες ἔφυγον καὶ<br><br>χοίρων μεγάλη βοσκομένη <br><br>Καὶ οἱ βόσκοντες αὐτοὺς ἔφυγον, Those moreover [who] fed [them] fled and<br><br> of pigs great feeding<br><br> And those who fed them fled,Verb,"""ἀπ ’ αὐτῶν ἀγέλη χοίρων πολλῶν <b>βοσκομένη</b>. οἱ δὲ δαίμονες παρεκάλουν""",βοσκομένη,BibleHub
δαίμων,(dah'-ee-mown),a demon,,,"Noun, Masculine","""χοίρων πολλῶν βοσκομένη. οἱ δὲ <b>δαίμονες</b> παρεκάλουν αὐτόν, λέγοντες, Εἰ""",δαίμονες,BibleHub
εἰ,(i),"forasmuch as, if, that",λέγει αὐτῷ Εἰ υἱὸς εἶ<br><br>ἰσχύει ἔτι εἰ μὴ βληθὲν<br><br>εἰ δὲ ὁ, says to him If Son you are<br><br> it is potent any longer if not having been cast<br><br> if moreover the,Conditional Particle Or Conjunction,"""παρεκάλουν αὐτόν, λέγοντες, <b>εἰ</b> ἐκβάλλεις ἡμᾶς, ἐπίτρεψον ἡμῖν""",Εἰ,BibleHub
ἐπιτρέπω,(ep-ee-trep'-o),"to turn to, entrust, to permit",σκληροκαρδίαν ὑμῶν ἐπέτρεψεν ὑμῖν ἀπολῦσαι<br><br>καὶ ἐπέτρεψεν αὐτοῖς καὶ<br><br>δὲ εἶπαν Ἐπέτρεψεν Μωυσῆς βιβλίον, hardness of heart of you allowed you to divorce<br><br> And he allowed them And<br><br> and they said allowed Moses a bill,Verb,"""λέγοντες, Εἰ ἐκβάλλεις ἡμᾶς, <b>ἐπίτρεψον</b> ἡμῖν ἀπελθεῖν εἰς τὴν ἀγέλην τῶν""",ἐπίτρεψον,BibleHub
ὑπάγω,(hoop-ag'-o),"to lead or bring under, to lead on slowly, to depart",θυσιαστηρίου καὶ ὕπαγε πρῶτον διαλλάγηθι<br><br>μίλιον ἕν ὕπαγε μετ' αὐτοῦ<br><br>εἴπῃς ἀλλὰ ὕπαγε σεαυτὸν δεῖξον, altar and go away first be reconciled<br><br> mile one go with him<br><br> you tell but go yourself show,Verb,"""τῶν χοίρων. καὶ εἶπεν αὐτοῖς, <b>ὑπάγετε</b>. οἱ δὲ ἐξελθόντες ἀπῆλθον εἰς""",Ὑπάγετε,BibleHub
ὁρμάω,(hor-mah'-o),"to set in motion, to hasten on",χοίρους καὶ ὥρμησεν ἡ ἀγέλη<br><br>χοίρους καὶ ὥρμησεν ἡ ἀγέλη<br><br>αὐτῶν καὶ ὥρμησαν ὁμοθυμαδὸν ἐπ', pigs and rushed the herd<br><br> pigs and rushed the herd<br><br> of them and rushed with one accord upon,Verb,"""τὴν ἀγέλην τῶν χοίρων· καὶ ἰδού, <b>ὥρμησε</b> πᾶσα ἡ ἀγέλη τῶν χοίρων κατὰ τοῦ""",ὥρμησε,BibleHub
κρημνός,(krame-nos'),a steep bank,κατὰ τοῦ κρημνοῦ εἰς τὴν<br><br>κατὰ τοῦ κρημνοῦ εἰς τὴν, down the steep into the<br><br> down the steep into the,"Noun, Masculine","""πᾶσα ἡ ἀγέλη τῶν χοίρων κατὰ τοῦ <b>κρημνοῦ</b> εἰς τὴν θάλασσαν, καὶ ἀπέθανον""",κρημνοῦ,BibleHub
θάλασσα,(thal'-as-sah),the sea,παρὰ τὴν θάλασσαν τῆς Γαλιλαίας<br><br>εἰς τὴν θάλασσαν ἦσαν γὰρ<br><br>ἐν τῇ θαλάσσῃ ὥστε τὸ, by the sea of Galilee<br><br> into the sea they were indeed<br><br> in the sea so that the,"Noun, Feminine","""χοίρων κατὰ τοῦ κρημνοῦ εἰς τὴν <b>θάλασσαν</b>, καὶ ἀπέθανον ἐν τοῖς ὕδασιν.""",θάλασσαν,BibleHub
ἀποθνῄσκω,(ap-oth-nace'-ko),to die,οὐ γὰρ ἀπέθανεν τὸ κοράσιον<br><br>Ἐάν τις ἀποθάνῃ μὴ ἔχων<br><br>δὲ πάντων ἀπέθανεν ἡ γυνή, not indeed is dead the girl<br><br> If anyone should die not having<br><br> moreover of all died the woman,Verb,"""κρημνοῦ εἰς τὴν θάλασσαν, καὶ <b>ἀπέθανον</b> ἐν τοῖς ὕδασιν. οἱ δὲ βόσκοντες""",ἀπέθανον,BibleHub
ὕδωρ,(hoo'-dore),water,ἀπὸ τοῦ ὕδατος καὶ ἰδοὺ<br><br>ἐν τοῖς ὕδασιν <br><br>ἐπὶ τὰ ὕδατα , from the water and behold<br><br> in the waters<br><br> upon the waters,"Noun, Neuter","""θάλασσαν, καὶ ἀπέθανον ἐν τοῖς <b>ὕδασιν</b>. οἱ δὲ βόσκοντες ἔφυγον, καὶ""",ὕδασιν,BibleHub
φεύγω,(fyoo'-go),to flee,ὑπέδειξεν ὑμῖν φυγεῖν ἀπὸ τῆς<br><br>δὲ βόσκοντες ἔφυγον καὶ ἀπελθόντες<br><br>πόλει ταύτῃ φεύγετε εἰς τὴν, forewarned you to flee from the<br><br> moreover [who] fed [them] fled and having gone away<br><br> city one flee to the,Verb,"""ἐν τοῖς ὕδασιν. οἱ δὲ βόσκοντες <b>ἔφυγον</b>, καὶ ἀπελθόντες εἰς τὴν πόλιν""",ἔφυγον,BibleHub
ἀπαγγέλλω,(ap-ang-el'-lo),"to report, announce",τὴν πόλιν ἀπήγγειλαν πάντα καὶ<br><br>αὐτοῖς Πορευθέντες ἀπαγγείλατε Ἰωάννῃ ἃ<br><br>τοῖς ἔθνεσιν ἀπαγγελεῖ , the city related everything including<br><br> to them Having gone relate to John what<br><br> to the Gentiles he will declare,Verb,"""καὶ ἀπελθόντες εἰς τὴν πόλιν <b>ἀπήγγειλαν</b> πάντα, καὶ τὰ τῶν""",ἀπήγγειλαν,BibleHub
πόλις,(pol'-is),a city,τὴν ἁγίαν πόλιν καὶ ἔστησεν<br><br>οὐ δύναται πόλις κρυβῆναι ἐπάνω<br><br>Ἰεροσόλυμα ὅτι πόλις ἐστὶν τοῦ, the holy city and sets<br><br> not is able A city to be hidden on<br><br> Jerusalem because [the] city it is of the,"Noun, Feminine","""δαιμονιζομένων. καὶ ἰδού, πᾶσα ἡ <b>πόλις</b> ἐξῆλθεν εἰς συνάντησιν τῷ Ἰησοῦ·""",πόλις,BibleHub
συνάντησις,(soon-an'-tay-sis),meet,,,"Noun, Feminine","""ἰδού, πᾶσα ἡ πόλις ἐξῆλθεν εἰς <b>συνάντησιν</b> τῷ Ἰησοῦ· καὶ ἰδόντες αὐτόν,""",συνάντησιν,BibleHub
ὁράω,(hor-ah'-o),"to see, perceive, attend to",Ἰδοὺ ἡ παρθένος<br><br>τοῦ βασιλέως ἰδοὺ μάγοι ἀπὸ<br><br>τῶν Ἰουδαίων εἴδομεν γὰρ αὐτοῦ, Behold the virgin<br><br> the king behold magi from [the]<br><br> of the Jews we saw indeed of him,Verb,"""εἰς συνάντησιν τῷ Ἰησοῦ· καὶ <b>ἰδόντες</b> αὐτόν, παρεκάλεσαν ὅπως μεταβῇ""",ἰδόντες,BibleHub
μεταβαίνω,(met-ab-ah'-ee-no),"to pass over, withdraw, depart",μαθηταῖς αὐτοῦ μετέβη ἐκεῖθεν τοῦ<br><br>Καὶ μεταβὰς ἐκεῖθεν ἦλθεν<br><br>Καὶ μεταβὰς ἐκεῖθεν ὁ, disciples his he departed from there<br><br> And having departed from there he went<br><br> And having departed from there,Verb,"""ἰδόντες αὐτόν, παρεκάλεσαν ὅπως <b>μεταβῇ</b> ἀπὸ τῶν ὁρίων αὐτῶν. Καὶ ἐμβὰς""",μεταβῇ,BibleHub
ἐμβαίνω,(em-ba'-hee-no),"to walk on, to step into, embark",Καὶ ἐμβὰς εἰς πλοῖον<br><br>εἰς πλοῖον ἐμβάντα καθῆσθαι καὶ<br><br>τοὺς μαθητὰς ἐμβῆναι εἰς τὸ, And having entered into boat<br><br> into a boat having entered sat down and<br><br> the disciples to enter into the,Verb,"""μεταβῇ ἀπὸ τῶν ὁρίων αὐτῶν. Καὶ <b>ἐμβὰς</b> εἰς τὸ πλοῖον διεπέρασε καὶ ἦλθεν""",ἐμβὰς,BibleHub
πλοῖον,(ploy'-on),a boat,ἀφέντες τὸ πλοῖον καὶ τὸν<br><br>εἰς τὸ πλοῖον ἠκολούθησαν αὐτῷ<br><br>ὥστε τὸ πλοῖον καλύπτεσθαι ὑπὸ, having left the boat and the<br><br> into the boat followed him<br><br> so that the boat was covered by,"Noun, Neuter","""ὁρίων αὐτῶν. Καὶ ἐμβὰς εἰς τὸ <b>πλοῖον</b> διεπέρασε καὶ ἦλθεν εἰς τὴν ἰδίαν""",πλοῖον,BibleHub
διαπεράω,(dee-ap-er-ah'-o),to cross over,Καὶ διαπεράσαντες ἦλθον ἐπὶ<br><br>Καὶ διαπεράσαντος τοῦ Ἰησοῦ<br><br>Καὶ διαπεράσαντες ἐπὶ τὴν, And having crossed over they came to<br><br> And having passed over Jesus<br><br> And having passed over to the,Verb,"""αὐτῶν. Καὶ ἐμβὰς εἰς τὸ πλοῖον <b>διεπέρασε</b> καὶ ἦλθεν εἰς τὴν ἰδίαν πόλιν""",διεπέρασε,BibleHub
κώμη,(ko'-may),a village,πόλιν ἢ κώμην εἰσέλθητε ἐξετάσατε<br><br>εἰς τὰς κώμας ἀγοράσωσιν ἑαυτοῖς<br><br>εἰς τὴν κώμην τὴν κατέναντι, city or village you enter inquire<br><br> into the villages they might buy for themselves<br><br> into the village that [is] in front,"Noun, Feminine","""πορευόμενοι ἐν αὐτῇ τῇ ἡμέρᾳ εἰς <b>κώμην</b> ἀπέχουσαν σταδίους ἑξήκοντα ἀπὸ""",κώμην,BibleHub
λέγω,(leg'-o),to say,ἐφάνη αὐτῷ λέγων Ἰωσὴφ υἱὸς<br><br>τοῦ προφήτου λέγοντος <br><br>λέγοντες Ποῦ ἐστὶν, appeared to him saying Joseph son<br><br> the prophet saying<br><br> saying Where is,Verb,"""αὐτῇ ἐν ταῖς ἡμέραις ταύταις; καὶ <b>εἶπεν</b> αὐτοῖς, Ποῖα; οἱ δὲ εἶπον αὐτῷ,""",εἶπεν,BibleHub
Ἰησοῦς,(ee-ay-sooce'),"Jesus or Joshua, the name of the Messiah, also three other Isr",ἧς ἐγεννήθη Ἰησοῦς ὁ λεγόμενος<br><br>ΤΟΥ ΔΕ ΙΗΣΟΥ ΧΡΙΣΤΟΥ ἡ<br><br>ὄνομα αὐτοῦ Ἰησοῦν αὐτὸς γὰρ, whom was born Jesus who is called<br><br> now of Jesus Christ the<br><br> name of him Jesus he indeed,"Noun, Masculine","""Ποῖα; οἱ δὲ εἶπον αὐτῷ, Τὰ περὶ <b>ἰησοῦ</b> τοῦ Ναζωραίου, ὃς ἐγένετο ἀνὴρ""",Ἰησοῦ,BibleHub
θεός,(theh'-os),"God, a god",δύναται ὁ θεὸς ἐκ τῶν<br><br>πνεῦμα τοῦ θεοῦ καταβαῖνον ὡσεὶ<br><br>εἶ τοῦ θεοῦ εἰπὲ ἵνα, able is God from the<br><br> Spirit of God descending as<br><br> you are of God speak that,"Noun, Feminine; Noun, Masculine","""ἐν ἔργῳ καὶ λόγῳ ἐναντίον τοῦ <b>θεοῦ</b> καὶ παντὸς τοῦ λαοῦ· ὅπως τε""",Θεοῦ,BibleHub
ἀγέλη,(ag-el'-ay),a herd,εἰς τὴν ἀγέλην τῶν χοίρων<br><br>πᾶσα ἡ ἀγέλη κατὰ τοῦ<br><br>τῷ ὄρει ἀγέλη χοίρων μεγάλη, into the herd of the pigs<br><br> all the herd down the<br><br> the mountain a herd of pigs great,"Noun, Feminine","""ἡμᾶς; ἦν δὲ μακρὰν ἀπ ’ αὐτῶν <b>ἀγέλη</b> χοίρων πολλῶν βοσκομένη. οἱ δὲ""",ἀγέλη,BibleHub
Ἱερουσαλήμ,(hee-er-oo-sal-ame'),"Jerusalem, the capital of united Israel and Judah, also a future heavenly city",Ἰερουσαλήμ Ἰερουσαλήμ ἡ ἀποκτείνουσα<br><br>ἦν ἐν Ἰερουσαλὴμ ᾧ ὄνομα<br><br>προσδεχομένοις λύτρωσιν Ἰερουσαλήμ , Jerusalem Jerusalem who kill<br><br> there was in Jerusalem whose name [was]<br><br> waiting for [the] redemption of Jerusalem,"Proper Noun, Indeclinable","""ἀπέχουσαν σταδίους ἑξήκοντα ἀπὸ <b>ἱερουσαλήμ</b>, ᾗ ὄνομα Ἐμμαούς. καὶ αὐτοὶ""",Ἱερουσαλήμ,BibleHub
χοῖρος,(khoy'-ros),a swine,αὐτῶν ἀγέλη χοίρων πολλῶν βοσκομένη<br><br>ἀγέλην τῶν χοίρων <br><br>εἰς τοὺς χοίρους καὶ ἰδοὺ, them a herd of pigs many feeding<br><br> herd of the pigs<br><br> into the pigs and behold,"Noun, Masculine","""ἦν δὲ μακρὰν ἀπ ’ αὐτῶν ἀγέλη <b>χοίρων</b> πολλῶν βοσκομένη. οἱ δὲ δαίμονες""",χοίρων,BibleHub
ἰδού,(id-oo'),"look, behold",,,Verb,"""ἑαυτὸν θαυμάζων τὸ γεγονός. Καὶ <b>ἰδού</b>, δύο ἐξ αὐτῶν ἦσαν πορευόμενοι ἐν""",ἰδού,BibleHub
