προσέχω,(pros-ekh'-o),"to hold to, turn to, attend to",Προσέχετε ἀπὸ τῶν<br><br>προσέχετε δὲ ἀπὸ<br><br>Ὁρᾶτε καὶ προσέχετε ἀπὸ τῆς, But beware of the<br><br> beware however of<br><br> See and beware of the,Verb,"""<b>προσέχετε</b> τὴν ἐλεημοσύνην ὑμῶν μὴ ποιεῖν""",Προσέχετε,BibleHub
ἔμπροσθεν,(em'-pros-then),"before, in front of (in place or time)",δῶρόν σου ἔμπροσθεν τοῦ θυσιαστηρίου<br><br>μὴ ποιεῖν ἔμπροσθεν τῶν ἀνθρώπων<br><br>μὴ σαλπίσῃς ἔμπροσθέν σου ὥσπερ, gift of you before the altar<br><br> not to do before the men<br><br> not do sound a trumpet before you as,"Adverb, Preposition","""τὴν ἐλεημοσύνην ὑμῶν μὴ ποιεῖν <b>ἔμπροσθεν</b> τῶν ἀνθρώπων, πρὸς τὸ θεαθῆναι""",ἔμπροσθεν,BibleHub
θεάομαι,(theh-ah'-om-ahee),"to behold, look upon",τὴν ἔρημον θεάσασθαι κάλαμον ὑπὸ<br><br>ὁ βασιλεὺς θεάσασθαι τοὺς ἀνακειμένους<br><br>πρὸς τὸ θεαθῆναι τοῖς ἀνθρώποις, the wilderness to look at a reed by [the]<br><br> the king to see the guests<br><br> to be seen by men,Verb,"""ἔμπροσθεν τῶν ἀνθρώπων, πρὸς τὸ <b>θεαθῆναι</b> αὐτοῖς· εἰ δὲ μήγε, μισθὸν οὐκ""",θεαθῆναι,BibleHub
γε,(gheh),emphasizes the word to which it is joined,διά γε τὸ παρέχειν<br><br>Ἰσραήλ ἀλλά γε καὶ σὺν<br><br>καί γε ἐπὶ τοὺς, because yet causes<br><br> Israel but really also with<br><br> and even upon the,"Particle, Disjunctive Particle","""πρὸς τὸ θεαθῆναι αὐτοῖς· εἰ δὲ <b>μήγε</b>, μισθὸν οὐκ ἔχετε παρὰ τῷ πατρὶ""",μήγε,BibleHub
σαλπίζω,(sal-pid'-zo),to sound a trumpet,ἐσχάτῃ σάλπιγγι σαλπίσει γάρ καὶ<br><br>αὑτοὺς ἵνα σαλπίσωσιν <br><br>ὁ πρῶτος ἐσάλπισεν καὶ ἐγένετο, last trumpet a trumpet will sound indeed and<br><br> themselves that they might sound [their] trumpets<br><br> the first sounded [his] trumpet and there was,Verb,"""Ὅταν οὖν ποιῇς ἐλεημοσύνην, μὴ <b>σαλπίσῃς</b> ἔμπροσθέν σου, ὥσπερ οἱ""",σαλπίσῃς,BibleHub
ποιέω,(poy-eh'-o),"to make, do",Κυρίου εὐθείας ποιεῖτε τὰς τρίβους<br><br>ποιήσατε οὖν καρπὸν<br><br>δένδρον μὴ ποιοῦν καρπὸν καλὸν, of [the] Lord straight make the paths<br><br> Produce therefore fruit<br><br> tree not producing fruit good,Verb,"""σου, ὥσπερ οἱ ὑποκριταὶ <b>ποιοῦσιν</b> ἐν ταῖς συναγωγαῖς καὶ ἐν ταῖς""",ποιοῦσιν,BibleHub
ῥύμη,(hroo'-may),"the rush (of a moving body), a (crowded) street",πλατείας καὶ ῥύμας τῆς πόλεως<br><br>ἐπὶ τὴν ῥύμην τὴν καλουμένην<br><br>ἐξελθόντες προῆλθον ῥύμην μίαν καὶ, streets and lanes of the city<br><br> into the street which is called<br><br> having gone out they went on through street one and,"Noun, Feminine","""ἐν ταῖς συναγωγαῖς καὶ ἐν ταῖς <b>ῥύμαις</b>, ὅπως δοξασθῶσιν ὑπὸ τῶν""",ῥύμαις,BibleHub
ἀριστερός,(ar-is-ter-os'),"better,  left, on the left",εἷς ἐξ ἀριστερῶν καθίσωμεν ἐν<br><br>δὲ ἐξ ἀριστερῶν <br><br>δεξιῶν καὶ ἀριστερῶν , one at your left hand we might sit in<br><br> moreover on [the] left<br><br> right hand and left,Adjective,"""ἐλεημοσύνην, μὴ γνώτω ἡ <b>ἀριστερά</b> σου τί ποιεῖ ἡ δεξιά σου, 4""",ἀριστερά,BibleHub
γωνία,(go-nee'-ah),"an angle, a corner",εἰς κεφαλὴν γωνίας παρὰ Κυρίου<br><br>εἰς κεφαλὴν γωνίας <br><br>εἰς κεφαλὴν γωνίας , the chief corner from [the] Lord<br><br> the chief corner<br><br> into [the] head of [the] corner,"Noun, Feminine","""ἐν ταῖς συναγωγαῖς καὶ ἐν ταῖς <b>γωνίαις</b> τῶν πλατειῶν ἑστῶτες προσεύχεσθαι""",γωνίαις,BibleHub
πλατεῖα,(plat-i'-ah),"a wide road, street",ἐν ταῖς πλατείαις τὴν φωνὴν<br><br>εἰς τὰς πλατείας αὐτῆς εἴπατε<br><br>ἐν ταῖς πλατείαις ἡμῶν ἐδίδαξας, in the streets the voice<br><br> into the streets of it say<br><br> in the streets of us you did teach,"Noun, Feminine","""καὶ ἐν ταῖς γωνίαις τῶν <b>πλατειῶν</b> ἑστῶτες προσεύχεσθαι, ὅπως ἂν""",πλατειῶν,BibleHub
ἄν,(an),"usually untranslatable, but generally denoting supposition, wish, possibility or uncertainty",ὑμῖν ἕως ἂν παρέλθῃ ὁ<br><br>νόμου ἕως ἂν πάντα γένηται<br><br>ὃς δ' ἂν ποιήσῃ καὶ, to you until anyhow shall pass away<br><br> law until anyhow all come to pass<br><br> whoever moreover anyhow shall practice and,"Particle, Disjunctive Particle","""ἑστῶτες προσεύχεσθαι, ὅπως <b>ἂν</b> φανῶσι τοῖς ἀνθρώποις· ἀμὴν λέγω""",ἂν,BibleHub
ταμεῖον,(tam-i'-on),an inner chamber,ἐν τοῖς ταμείοις μὴ πιστεύσητε<br><br>ἐν τοῖς ταμείοις κηρυχθήσεται ἐπὶ<br><br>οὐκ ἔστιν ταμεῖον οὐδὲ ἀποθήκη, [he is] in the inner rooms not believe [it]<br><br> in the chambers will be proclaimed upon<br><br> not there is storehouse nor barn,"Noun, Neuter","""ὅταν προσεύχῃ, εἴσελθε εἰς τὸ <b>ταμιεῖόν</b> σου, καὶ κλείσας τὴν θύραν σου""",ταμιεῖόν,BibleHub
κλείω,(kli'-o),to shut,ὑποκριταί ὅτι κλείετε τὴν βασιλείαν<br><br>γάμους καὶ ἐκλείσθη ἡ θύρα<br><br>Ἰσραήλ ὅτε ἐκλείσθη ὁ οὐρανὸς, hypocrites for you shut up the kingdom<br><br> wedding feast and was shut the door<br><br> Israel when was shut up the heaven,Verb,"""εἴσελθε εἰς τὸ ταμιεῖόν σου, καὶ <b>κλείσας</b> τὴν θύραν σου, πρόσευξαι τῷ""",κλείσας,BibleHub
θύρα,(thoo'-rah),a door,ἐστιν ἐπὶ θύραις <br><br>ἐκλείσθη ἡ θύρα <br><br>μέγαν τῇ θύρᾳ τοῦ μνημείου, it is at [the] doors<br><br> was shut the door<br><br> great to the door of the tomb,"Noun, Feminine","""τὸ ταμιεῖόν σου, καὶ κλείσας τὴν <b>θύραν</b> σου, πρόσευξαι τῷ πατρί σου τῷ ἐν""",θύραν,BibleHub
βαττολογέω,(bat-tol-og-eh'-o),to stammer,,,Verb,"""φανερῷ. 7 προσευχόμενοι δὲ μὴ <b>βαττολογήσητε</b>, ὥσπερ οἱ ἐθνικοί· δοκοῦσι""",βαττολογήσητε,BibleHub
παρεισάγω,(par-ice-ag'-o),"to introduce, to bring in secretly",,,Verb,"""βαττολογήσητε, ὥσπερ οἱ ἐθνικοί· <b>δοκοῦσι</b> γὰρ ὅτι ἐν τῇ πολυλογίᾳ αὐτῶν""",δοκοῦσι,BibleHub
πολυλογία,(pol-oo-log-ee'-ah),much speaking,,,"Noun, Feminine","""ἐθνικοί· δοκοῦσι γὰρ ὅτι ἐν τῇ <b>πολυλογίᾳ</b> αὐτῶν εἰσακουσθήσονται. 8 μὴ""",πολυλογίᾳ,BibleHub
εἰσακούω,(ice-ak-oo'-o),"to listen, to obey",Ζαχαρία διότι εἰσηκούσθη ἡ δέησίς<br><br>φησίν Κορνήλιε εἰσηκούσθη σου ἡ<br><br>οὐδ' οὕτως εἰσακούσονταί μου λέγει, Zechariah because has been heard the prayer<br><br> said Cornelius was heard your<br><br> not even thus will they hear me says,Verb,"""ὅτι ἐν τῇ πολυλογίᾳ αὐτῶν <b>εἰσακουσθήσονται</b>. 8 μὴ οὖν ὁμοιωθῆτε αὐτοῖς·""",εἰσακουσθήσονται,BibleHub
ὁμοιόω,(hom-oy-o'-o),to make like,ποιεῖ αὐτούς ὁμοιωθήσεται ἀνδρὶ φρονίμῳ<br><br>ποιῶν αὐτοὺς ὁμοιωθήσεται ἀνδρὶ μωρῷ<br><br>Τίνι δὲ ὁμοιώσω τὴν γενεὰν, does them will be like a man wise<br><br> does do them he will be likened to a man foolish<br><br> to what moreover will I liken the generation,Verb,"""εἰσακουσθήσονται. 8 μὴ οὖν <b>ὁμοιωθῆτε</b> αὐτοῖς· οἶδε γὰρ ὁ πατὴρ ὑμῶν ὧν""",ὁμοιωθῆτε,BibleHub
ἀφανίζω,(af-an-id'-zo),"to make unseen, destroy",καὶ βρῶσις ἀφανίζει καὶ ὅπου<br><br>οὔτε βρῶσις ἀφανίζει καὶ ὅπου<br><br>θαυμάσατε καὶ ἀφανίσθητε ὅτι ἔργον, and rust destroy and where<br><br> nor rust destroys and where<br><br> wonder and perish for a work,Verb,"""ὥσπερ οἱ ὑποκριταὶ σκυθρωποί· <b>ἀφανίζουσι</b> γὰρ τὰ πρόσωπα αὐτῶν, ὅπως""",ἀφανίζουσι,BibleHub
ἀλείφω,(al-i'-fo),anoint,ἐξέβαλλον καὶ ἤλειφον ἐλαίῳ πολλοὺς<br><br>ἵνα ἐλθοῦσαι ἀλείψωσιν αὐτόν <br><br>αὐτοῦ καὶ ἤλειφεν τῷ μύρῳ, they cast out and anointed with oil many<br><br> that having come they might anoint him<br><br> of him and was anointing [them] with the ointment,Verb,"""μισθὸν αὐτῶν. 17 σὺ δὲ νηστεύων <b>ἄλειψαί</b> σου τὴν κεφαλήν, καὶ τὸ πρόσωπόν""",ἄλειψαί,BibleHub
νίπτω,(nip'-to),to wash,οὐ γὰρ νίπτονται τὰς χεῖρας<br><br>μὴ πυγμῇ νίψωνται τὰς χεῖρας<br><br>αὐτῷ Ὕπαγε νίψαι εἰς τὴν, not for they wash the hands<br><br> not carefully they wash the hands<br><br> to him Go wash in the,Verb,"""τὴν κεφαλήν, καὶ τὸ πρόσωπόν σου <b>νίψαι</b>, 18 ὅπως μὴ φανῇς τοῖς ἀνθρώποις""",νίψαι,BibleHub
φαίνω,(fah'-ee-no),"to bring to light, to cause to appear",χρόνον τοῦ φαινομένου ἀστέρος <br><br>ἄγγελος Κυρίου φαίνεται κατ' ὄναρ<br><br>ἄγγελος Κυρίου φαίνεται κατ' ὄναρ, time of the appearing star<br><br> an angel of [the] Lord appears in a dream<br><br> an angel of [the] Lord appears in a dream,Verb,"""τὸ πρόσωπόν σου νίψαι, 18 ὅπως μὴ <b>φανῇς</b> τοῖς ἀνθρώποις νηστεύων, ἀλλὰ τῷ""",φανῇς,BibleHub
διορύσσω,(dee-or-oos'-so),to dig through (as of breaking into a house),κλέπται οὐ διορύσσουσιν οὐδὲ κλέπτουσιν<br><br>ἂν εἴασεν διορυχθῆναι τὴν οἰκίαν<br><br>οὐκ ἀφῆκεν διορυχθῆναι τὸν οἶκον, theives not do break in nor steal<br><br> anyhow have allowed to be dug through the house<br><br> not would have allowed to be broken into the house,Verb,"""ἀφανίζει, καὶ ὅπου κλέπται <b>διορύσσουσι</b> καὶ κλέπτουσι· 20 θησαυρίζετε""",διορύσσουσι,BibleHub
θησαυρός,(thay-sow-ros'),treasure,θησαυρίζετε ὑμῖν θησαυροὺς ἐπὶ τῆς<br><br>δὲ ὑμῖν θησαυροὺς ἐν οὐρανῷ<br><br>ἐστιν ὁ θησαυρός σου ἐκεῖ, store up up for yourselves treasures upon the<br><br> however for youselves treasures in heaven<br><br> is the treasure of you there,"Noun, Masculine","""κλέπτουσιν. 21 ὅπου γάρ ἐστιν ὁ <b>θησαυρὸς</b> ὑμῶν, ἐκεῖ ἔσται καὶ ἡ καρδία""",θησαυρὸς,BibleHub
ἐκεῖ,(ek-i'),"there,  to there",καὶ ἦν ἐκεῖ ἕως τῆς<br><br>Ἡρῴδου ἐφοβήθη ἐκεῖ ἀπελθεῖν χρηματισθεὶς<br><br>ἄφες ἐκεῖ τὸ δῶρόν, and remained there until the<br><br> Herod he was afraid there to go having been divinely warned<br><br> leave there the gift,Adverb,"""ὅπου γάρ ἐστιν ὁ θησαυρὸς ὑμῶν, <b>ἐκεῖ</b> ἔσται καὶ ἡ καρδία ὑμῶν. 22 ὁ""",ἐκεῖ,BibleHub
καρδία,(kar-dee'-ah),heart,ἐν τῇ καρδίᾳ αὐτοῦ <br><br>καὶ ἡ καρδία σου <br><br>ἐν ταῖς καρδίαις ὑμῶν , in the heart of him<br><br> also the heart of you<br><br> in the hearts of you,"Noun, Feminine","""θησαυρὸς ὑμῶν, ἐκεῖ ἔσται καὶ ἡ <b>καρδία</b> ὑμῶν. 22 ὁ λύχνος τοῦ σώματός""",καρδία,BibleHub
λύχνος,(lookh'-nos),a (portable) lamp,Ὁ λύχνος τοῦ σώματός<br><br>ἔρχεται ὁ λύχνος ἵνα ὑπὸ<br><br>Οὐδεὶς δὲ λύχνον ἅψας καλύπτει, The lamp of the body<br><br> is brought a lamp so that under<br><br> no one moreover a lamp having lighted covers,"Noun, Masculine","""ἔσται καὶ ἡ καρδία ὑμῶν. 22 ὁ <b>λύχνος</b> τοῦ σώματός ἐστιν ὁ ὀφθαλμός· ἐὰν""",λύχνος,BibleHub
ἁπλοῦς,(hap-looce'),"simple, single",ὀφθαλμός σου ἁπλοῦς ᾖ καὶ, eye of you clear be also,Adjective,"""ὀφθαλμός· ἐὰν οὖν ὁ ὀφθαλμός σου <b>ἁπλοῦς</b> ᾖ, ὅλον τὸ σῶμά σου φωτεινὸν""",ἁπλοῦς,BibleHub
φωτεινός,(fo-ti-nos'),"bright, light",ἰδοὺ νεφέλη φωτεινὴ ἐπεσκίασεν αὐτούς<br><br>σῶμά σου φωτεινόν ἐστιν ἐπὰν<br><br>σου ὅλον φωτεινόν μὴ ἔχον, behold a cloud bright overshadowed them<br><br> body of you light is when<br><br> of you full [is] of light not having,Adjective,"""σου ἁπλοῦς ᾖ, ὅλον τὸ σῶμά σου <b>φωτεινὸν</b> ἔσται· 23 ἐὰν δὲ ὁ ὀφθαλμός σου""",φωτεινὸν,BibleHub
σκοτεινός,(skot-i-nos'),dark,σῶμά σου σκοτεινόν <br><br>μέρος τι σκοτεινόν ἔσται φωτεινὸν, body of you [is] dark<br><br> part any dark it will be light,Adjective,"""σου πονηρὸς ᾖ, ὅλον τὸ σῶμά σου <b>σκοτεινὸν</b> ἔσται. εἰ οὖν τὸ φῶς τὸ ἐν σοὶ""",σκοτεινὸν,BibleHub
ἕτερος,(het'-er-os),other,καὶ τοῦ ἑτέρου καταφρονήσει οὐ<br><br>Ἕτερος δὲ τῶν<br><br>εἰς τὴν ἑτέραν ἀμὴν γὰρ, and the other he will despise not<br><br> Another moreover of the<br><br> to the next truly indeed,Adjective,"""ἢ γὰρ τὸν ἕνα μισήσει, καὶ τὸν <b>ἕτερον</b> ἀγαπήσει· ἢ ἑνὸς ἀνθέξεται, καὶ""",ἕτερον,BibleHub
ἀντέχομαι,(an-tekh'-om-ahee),"to hold against, to hold firmly to",ἢ ἑνὸς ἀνθέξεται καὶ τοῦ<br><br>τοὺς ὀλιγοψύχους ἀντέχεσθε τῶν ἀσθενῶν<br><br>ἀντεχόμενον τοῦ κατὰ, or one he will be devoted to and the<br><br> the faint-hearted help the weak<br><br> holding to the according to,Verb,"""καὶ τὸν ἕτερον ἀγαπήσει· ἢ ἑνὸς <b>ἀνθέξεται</b>, καὶ τοῦ ἑτέρου καταφρονήσει.""",ἀνθέξεται,BibleHub
καταφρονέω,(kat-af-ron-eh'-o),to think little of,Ὁρᾶτε μὴ καταφρονήσητε ἑνὸς τῶν<br><br>τοῦ ἑτέρου καταφρονήσει οὐ δύνασθε<br><br>τῆς μακροθυμίας καταφρονεῖς ἀγνοῶν ὅτι, See not you despise one of the<br><br> the other he will despise not you are able<br><br> the patience despise you not knowing that,Verb,"""ἀνθέξεται, καὶ τοῦ ἑτέρου <b>καταφρονήσει</b>. οὐ δύνασθε Θεῷ δουλεύειν καὶ""",καταφρονήσει,BibleHub
εὐχαριστέω,(yoo-khar-is-teh'-o),to be thankful,ποτήριον καὶ εὐχαριστήσας ἔδωκεν αὐτοῖς<br><br>ἑπτὰ ἄρτους εὐχαριστήσας ἔκλασεν καὶ<br><br>λαβὼν ποτήριον εὐχαριστήσας ἔδωκεν αὐτοῖς, a cup and having given thanks he gave [it] to them<br><br> seven loaves having given thanks he broke and<br><br> having taken the cup having given thanks he gave to them,Verb,"""ἑτέρου καταφρονήσει. οὐ δύνασθε <b>θεῷ</b> δουλεύειν καὶ μαμμωνᾷ. 25 διὰ""",Θεῷ,BibleHub
δουλεύω,(dool-yoo'-o),"to be a slave, to serve",δύνασθε θεῷ δουλεύειν καὶ μαμωνᾷ<br><br>τοσαῦτα ἔτη δουλεύω σοι καὶ<br><br>δυσὶ κυρίοις δουλεύειν ἢ γὰρ, You are able God to serve and money<br><br> so many years I serve you and<br><br> two masters to serve either indeed,Verb,"""καταφρονήσει. οὐ δύνασθε Θεῷ <b>δουλεύειν</b> καὶ μαμμωνᾷ. 25 διὰ τοῦτο λέγω""",δουλεύειν,BibleHub
φάγω,(fag'-o),eat ,λέγοντες Τί φάγωμεν ἤ Τί<br><br>τῆς προθέσεως ἔφαγον ὃ οὐκ<br><br>ἦν αὐτῷ φαγεῖν οὐδὲ τοῖς, saying What shall we eat or what<br><br> of the presentation he ate which not<br><br> it was for him to eat nor for those,Verb,"""μὴ μεριμνᾶτε τῇ ψυχῇ ὑμῶν, τί <b>φάγητε</b> καὶ τί πίητε· μηδὲ τῷ σώματι ὑμῶν""",φάγητε,BibleHub
μηδέ,(may-deh'),"but not, and not",τοῖς κυσίν μηδὲ βάλητε τοὺς<br><br>κτήσησθε χρυσὸν μηδὲ ἄργυρον μηδὲ<br><br>μηδὲ ἄργυρον μηδὲ χαλκὸν εἰς, to the dogs nor cast the<br><br> take along gold nor silver nor<br><br> nor silver nor money in,"Conjunction,Negative","""ὑμῶν, τί φάγητε καὶ τί πίητε· <b>μηδὲ</b> τῷ σώματι ὑμῶν, τί ἐνδύσησθε.""",μηδὲ,BibleHub
ἐνδύω,(en-doo'-o),to clothe or be clothed with (in the sense of sinking into a garment),ἄνθρωπον οὐκ ἐνδεδυμένον ἔνδυμα γάμου<br><br>χλαμύδα καὶ ἐνέδυσαν αὐτὸν τὰ<br><br>ὁ Ἰωάννης ἐνδεδυμένος τρίχας καμήλου, a man not clothed with clothes of wedding<br><br> robe and they put on him the<br><br> John clothed in hair of a camel,Verb,"""πίητε· μηδὲ τῷ σώματι ὑμῶν, τί <b>ἐνδύσησθε</b>. οὐχὶ ἡ ψυχὴ πλεῖόν ἐστι τῆς""",ἐνδύσησθε,BibleHub
πλείων,(pli-own),"more excellent, very great, many ",ἡ ψυχὴ πλεῖόν ἐστιν τῆς<br><br>καὶ ἰδοὺ πλεῖον Ἰωνᾶ ὧδε<br><br>καὶ ἰδοὺ πλεῖον Σολομῶνος ὧδε, the life more is than the<br><br> and behold greater than Jonah here<br><br> and behold greater than Solomon here,Adjective,"""ὑμῶν, τί ἐνδύσησθε. οὐχὶ ἡ ψυχὴ <b>πλεῖόν</b> ἐστι τῆς τροφῆς, καὶ τὸ σῶμα τοῦ""",πλεῖόν,BibleHub
τροφή,(trof-ay'),"nourishment, food",ἐστιν τῆς τροφῆς καὶ τὸ<br><br>ἐργάτης τῆς τροφῆς αὐτοῦ <br><br>αὐτοῖς τὴν τροφὴν ἐν καιρῷ, is than the food and the<br><br> workman of the provisions of him<br><br> to them the food in season,"Noun, Feminine","""οὐχὶ ἡ ψυχὴ πλεῖόν ἐστι τῆς <b>τροφῆς</b>, καὶ τὸ σῶμα τοῦ ἐνδύματος; 26""",τροφῆς,BibleHub
ἐμβλέπω,(em-blep'-o),"to look at, to consider",ἐμβλέψας δὲ ὁ<br><br>ἀπεκατέστη καὶ ἐνέβλεπεν τηλαυγῶς ἅπαντα<br><br>δὲ Ἰησοῦς ἐμβλέψας αὐτῷ ἠγάπησεν, having looked on [them] moreover<br><br> he was restored and looked on clearly all<br><br> moreover Jesus having looked upon him loved,Verb,"""καὶ τὸ σῶμα τοῦ ἐνδύματος; 26 <b>ἐμβλέψατε</b> εἰς τὰ πετεινὰ τοῦ οὐρανοῦ, ὅτι""",ἐμβλέψατε,BibleHub
πετεινόν,(pet-i-non'),winged,καὶ τὰ πετεινὰ τοῦ οὐρανοῦ<br><br>ἐλθόντα τὰ πετεινὰ κατέφαγεν αὐτά<br><br>ἐλθεῖν τὰ πετεινὰ τοῦ οὐρανοῦ, and the birds of the air<br><br> having come the birds [and] devoured them<br><br> come the birds of the air,"Noun, Neuter","""ἐνδύματος; 26 ἐμβλέψατε εἰς τὰ <b>πετεινὰ</b> τοῦ οὐρανοῦ, ὅτι οὐ σπείρουσιν""",πετεινὰ,BibleHub
σπείρω,(spi'-ro),to sow (seed),ἐξῆλθεν ὁ σπείρων τοῦ σπείρειν<br><br>σπείρων τοῦ σπείρειν <br><br>ἐν τῷ σπείρειν αὐτὸν ἃ, went out the sower to sow<br><br> sower to sow<br><br> as sowed he some,Verb,"""τὰ πετεινὰ τοῦ οὐρανοῦ, ὅτι οὐ <b>σπείρουσιν</b> οὐδὲ θερίζουσιν, οὐδὲ""",σπείρουσιν,BibleHub
θερίζω,(ther-id'-zo),to reap,εἶ ἄνθρωπος θερίζων ὅπου οὐκ<br><br>ᾔδεις ὅτι θερίζω ὅπου οὐκ<br><br>σπείρουσιν οὐδὲ θερίζουσιν οἷς οὐκ, you are a man reaping where not<br><br> you knew that I reap where not<br><br> they sow nor reap to which not,Verb,"""ὅτι οὐ σπείρουσιν οὐδὲ <b>θερίζουσιν</b>, οὐδὲ συνάγουσιν εἰς ἀποθήκας""",θερίζουσιν,BibleHub
συνάγω,(soon-ag'-o),"to lead together, bring together, come together (pass.), entertain",αὐτοῦ καὶ συνάξει τὸν σῖτον<br><br>θερίζουσιν οὐδὲ συνάγουσιν εἰς ἀποθήκας<br><br>ὁ μὴ συνάγων μετ' ἐμοῦ, of him and will gather the wheat<br><br> do they reap nor do they gather into barns<br><br> he who not gathers with me,Verb,"""οὐδὲ θερίζουσιν, οὐδὲ <b>συνάγουσιν</b> εἰς ἀποθήκας, καὶ ὁ πατὴρ ὑμῶν""",συνάγουσιν,BibleHub
ἀποθήκη,(ap-oth-ay'-kay),"a place for putting away, a storehouse",συνάγουσιν εἰς ἀποθήκας καὶ ὁ<br><br>εἰς τὴν ἀποθήκην μου <br><br>εἰς τὴν ἀποθήκην αὐτοῦ τὸ, do they gather into barns and the<br><br> into the barn of me<br><br> into the barn of him,"Noun, Feminine","""θερίζουσιν, οὐδὲ συνάγουσιν εἰς <b>ἀποθήκας</b>, καὶ ὁ πατὴρ ὑμῶν ὁ οὐράνιος""",ἀποθήκας,BibleHub
τρέφω,(tref'-o),"to make to grow, to nourish, feed",πεινῶντα καὶ ἐθρέψαμεν ἢ διψῶντα<br><br>οὗ ἦν τεθραμμένος καὶ εἰσῆλθεν<br><br>ὁ θεὸς τρέφει αὐτούς πόσῳ, hungering and fed [you] or thirsting<br><br> where he was brought up and he entered<br><br> God feeds them How much,Verb,"""καὶ ὁ πατὴρ ὑμῶν ὁ οὐράνιος <b>τρέφει</b> αὐτά· οὐχ ὑμεῖς μᾶλλον διαφέρετε""",τρέφει,BibleHub
διαφέρω,(dee-af-er'-o),"to carry through, carry about, to differ, make a difference, surpass",πολλῶν στρουθίων διαφέρετε ὑμεῖς <br><br>πόσῳ οὖν διαφέρει ἄνθρωπος προβάτου<br><br>ἵνα τις διενέγκῃ σκεῦος διὰ, than many sparrows are worth more you<br><br> How much then is more valuable a man than a sheep<br><br> that anyone should carry a vessel through,Verb,"""τρέφει αὐτά· οὐχ ὑμεῖς μᾶλλον <b>διαφέρετε</b> αὐτῶν; 27 τίς δὲ ἐξ ὑμῶν""",διαφέρετε,BibleHub
μεριμνάω,(mer-im-nah'-o),"to be anxious, to care for",ἐξ ὑμῶν μεριμνῶν δύναται προσθεῖναι<br><br>ἐνδύματος τί μεριμνᾶτε καταμάθετε τὰ<br><br>μὴ οὖν μεριμνήσητε λέγοντες Τί, out of you by being anxious is able to add<br><br> clothing why are you anxious observe the<br><br> not therefore be anxious saying What,Verb,"""αὐτῶν; 27 τίς δὲ ἐξ ὑμῶν <b>μεριμνῶν</b> δύναται προσθεῖναι ἐπὶ τὴν""",μεριμνῶν,BibleHub
προστίθημι,(pros-tith'-ay-mee),"to put to, add",ταῦτα πάντα προστεθήσεται ὑμῖν <br><br>ὑμῖν καὶ προστεθήσεται ὑμῖν <br><br>προσέθηκεν καὶ τοῦτο, these things all will be added to you<br><br> to you and more will be added to you<br><br> added also this,Verb,"""τίς δὲ ἐξ ὑμῶν μεριμνῶν δύναται <b>προσθεῖναι</b> ἐπὶ τὴν ἡλικίαν αὐτοῦ πῆχυν ἕνα""",προσθεῖναι,BibleHub
ἡλικία,(hay-lik-ee'-ah),"maturity, age",σοφίᾳ καὶ ἡλικίᾳ καὶ χάριτι<br><br>ἐπὶ τὴν ἡλικίαν αὐτοῦ προσθεῖναι<br><br>ὅτι τῇ ἡλικίᾳ μικρὸς ἦν, wisdom and stature and in favor<br><br> to the lifespan of him to add<br><br> because in stature small he was,"Noun, Feminine","""δύναται προσθεῖναι ἐπὶ τὴν <b>ἡλικίαν</b> αὐτοῦ πῆχυν ἕνα; 28 καὶ περὶ""",ἡλικίαν,BibleHub
πῆχυς,(pay'-khoos),"the forearm, a cubit",αὐτοῦ προσθεῖναι πῆχυν <br><br>ὡς ἀπὸ πηχῶν διακοσίων σύροντες<br><br>τεσσεράκοντα τεσσάρων πηχῶν μέτρον ἀνθρώπου, of him to add one hour<br><br> about from cubits two hundred dragging<br><br> [and] forty four cubits measure of a man,"Noun, Masculine","""προσθεῖναι ἐπὶ τὴν ἡλικίαν αὐτοῦ <b>πῆχυν</b> ἕνα; 28 καὶ περὶ ἐνδύματος τί""",πῆχυν,BibleHub
καταμανθάνω,(kat-am-an-than'-o),to learn thoroughly,,,Verb,"""περὶ ἐνδύματος τί μεριμνᾶτε; <b>καταμάθετε</b> τὰ κρίνα τοῦ ἀγροῦ, πῶς""",καταμάθετε,BibleHub
κρίνον,(kree'-non),a lily,κατανοήσατε τὰ κρίνα πῶς αὐξάνει, Consider the lilies how they grow,"Noun, Neuter","""τί μεριμνᾶτε; καταμάθετε τὰ <b>κρίνα</b> τοῦ ἀγροῦ, πῶς αὐξάνει· οὐ κοπιᾷ""",κρίνα,BibleHub
πῶς,(poce),how?,ἢ πῶς ἐρεῖς τῷ<br><br>μὴ μεριμνήσητε πῶς ἢ τί<br><br>πῶς εἰσῆλθεν εἰς, Or how will you say to the<br><br> not be anxious how or what<br><br> How he entered into,"Adverb; Adverb, Interrogative","""καταμάθετε τὰ κρίνα τοῦ ἀγροῦ, <b>πῶς</b> αὐξάνει· οὐ κοπιᾷ, οὐδὲ νήθει· 29""",πῶς,BibleHub
κοπιάω,(kop-ee-ah'-o),"to grow weary, toil",πάντες οἱ κοπιῶντες καὶ πεφορτισμένοι<br><br>ὅλης νυκτὸς κοπιάσαντες οὐδὲν ἐλάβομεν<br><br>αὐξάνει οὐ κοπιᾷ οὐδὲ νήθει, all you who toil and are burdened<br><br> whole night having toiled nothing have we taken<br><br> they grow not labor nor do they spin,Verb,"""κρίνα τοῦ ἀγροῦ, πῶς αὐξάνει· οὐ <b>κοπιᾷ</b>, οὐδὲ νήθει· 29 λέγω δὲ ὑμῖν ὅτι""",κοπιᾷ,BibleHub
Σολομών,(sol-om-one'),"Solomon, a son of David and king of Isr",Σολομὼν δὲ ἐγέννησεν<br><br>ὅτι οὐδὲ Σολομὼν ἐν πάσῃ<br><br>τὴν σοφίαν Σολομῶνος καὶ ἰδοὺ, Solomon moreover was father of<br><br> that not even Solomon in all<br><br> the wisdom of Solomon and behold,"Noun, Masculine","""νήθει· 29 λέγω δὲ ὑμῖν ὅτι οὐδὲ <b>σολομὼν</b> ἐν πάσῃ τῇ δόξῃ αὐτοῦ περιεβάλετο""",Σολομὼν,BibleHub
περιβάλλω,(per-ee-bal'-lo),"to throw around, put on",ἤ Τί περιβαλώμεθα <br><br>γυμνὸς καὶ περιεβάλετέ με ἠσθένησα<br><br>γυμνὸν καὶ περιεβάλομεν , or with what shall we be clothed<br><br> naked and you clothed me I was sick<br><br> naked and clothed [you],Verb,"""Σολομὼν ἐν πάσῃ τῇ δόξῃ αὐτοῦ <b>περιεβάλετο</b> ὡς ἓν τούτων. 30 εἰ δὲ τὸν""",περιεβάλετο,BibleHub
χόρτος,(khor'-tos),"a feeding place, food, grass",ἐβλάστησεν ὁ χόρτος καὶ καρπὸν<br><br>ἐπὶ τοῦ χόρτου λαβὼν τοὺς<br><br>καρποφορεῖ πρῶτον χόρτον εἶτα στάχυν, sprouted the plants and fruit<br><br> on the grass having taken the<br><br> brings forth fruit first a plant then an ear,"Noun, Masculine","""ὡς ἓν τούτων. 30 εἰ δὲ τὸν <b>χόρτον</b> τοῦ ἀγροῦ, σήμερον ὄντα, καὶ""",χόρτον,BibleHub
βάλλω,(bal'-lo),"to throw, cast",τοῦ θεοῦ βάλε σεαυτὸν κάτω<br><br>ἀδελφὸν αὐτοῦ βάλλοντας ἀμφίβληστρον εἰς<br><br>εἰ μὴ βληθὲν ἔξω καταπατεῖσθαι, of God throw yourself down<br><br> brother of him casting a large net into<br><br> if not having been cast out to be trampled upon,Verb,"""ὄντα, καὶ αὔριον εἰς κλίβανον <b>βαλλόμενον</b>, ὁ Θεὸς οὕτως ἀμφιέννυσιν, οὐ""",βαλλόμενον,BibleHub
θεός,(theh'-os),"God, a god",δύναται ὁ θεὸς ἐκ τῶν<br><br>πνεῦμα τοῦ θεοῦ καταβαῖνον ὡσεὶ<br><br>εἶ τοῦ θεοῦ εἰπὲ ἵνα, able is God from the<br><br> Spirit of God descending as<br><br> you are of God speak that,"Noun, Feminine; Noun, Masculine","""αὔριον εἰς κλίβανον βαλλόμενον, ὁ <b>θεὸς</b> οὕτως ἀμφιέννυσιν, οὐ πολλῷ""",Θεὸς,BibleHub
ἀμφιέννυμι,(am-fee-en'-noo-mee),to clothe,ἐν μαλακοῖς ἠμφιεσμένον ἰδοὺ οἱ<br><br>μαλακοῖς ἱματίοις ἠμφιεσμένον ἰδοὺ οἱ<br><br>θεὸς οὕτως ἀμφιέζει πόσῳ μᾶλλον, in fine [clothes] having been dressed Behold those who<br><br> fine clothing arrayed Behold they who<br><br> God thus arrays how much rather,Verb,"""βαλλόμενον, ὁ Θεὸς οὕτως <b>ἀμφιέννυσιν</b>, οὐ πολλῷ μᾶλλον ὑμᾶς,""",ἀμφιέννυσιν,BibleHub
ὀλιγόπιστος,(ol-ig-op'-is-tos),little faith,δειλοί ἐστε ὀλιγόπιστοι τότε ἐγερθεὶς<br><br>λέγει αὐτῷ Ὀλιγόπιστε εἰς τί<br><br>ἐν ἑαυτοῖς ὀλιγόπιστοι ὅτι ἄρτους, fearful are you O [you] of little faith Then having arisen<br><br> says to him [you] of little faith of why<br><br> among yourselves O [you] of little faith because bread,Adjective,"""οὐ πολλῷ μᾶλλον ὑμᾶς, <b>ὀλιγόπιστοι</b>; 31 μὴ οὖν μεριμνήσητε,""",ὀλιγόπιστοι,BibleHub
τίς,(tis),who? which? what?,μωρανθῇ ἐν τίνι ἁλισθήσεται εἰς<br><br>ἀγαπῶντας ὑμᾶς τίνα μισθὸν ἔχετε<br><br>ὑμῶν μόνον τί περισσὸν ποιεῖτε, become tasteless with what will it be salted for<br><br> love you what reward have you<br><br> of you only what extraordinary do you,Interrogative Pronoun,"""μὴ γνώτω ἡ ἀριστερά σου <b>τί</b> ποιεῖ ἡ δεξιά σου, 4 ὅπως ᾖ σου ἡ""",Τί,BibleHub
πίνω,(pee'-no),to drink,ἤ Τί πίωμεν ἤ Τί<br><br>ἐσθίων μήτε πίνων καὶ λέγουσιν<br><br>ἐσθίων καὶ πίνων καὶ λέγουσιν, or what shall we drink or with what<br><br> eating nor drinking and they say<br><br> eating and drinking and they say,Verb,"""λέγοντες, Τί φάγωμεν, ἢ τί <b>πίωμεν</b>, ἢ τί περιβαλώμεθα; 32 πάντα""",πίωμεν,BibleHub
χρῄζω,(khrade'-zo),"to need, have need of",αὐτῷ ὅσων χρῄζει <br><br>οἶδεν ὅτι χρῄζετε τούτων <br><br>ἂν ὑμῶν χρῄζῃ πράγματι καὶ, him as much as he needs<br><br> knows that you have need of these things<br><br> anyhow of you she might need matter also,Verb,"""γὰρ ὁ πατὴρ ὑμῶν ὁ οὐράνιος ὅτι <b>χρῄζετε</b> τούτων ἁπάντων. 33 ζητεῖτε δὲ""",χρῄζετε,BibleHub
ἅπας,(hap'-as),"all, the whole",καὶ ἦρεν ἅπαντας οὕτως ἔσται<br><br>τοῖς ἀρχιερεῦσιν ἅπαντα τὰ γενόμενα<br><br>καὶ ἐθαμβήθησαν ἅπαντες ὥστε συζητεῖν, and took away all thus will be<br><br> to the chief priests all things that having were done<br><br> And were astonished all so that they questioned,Adjective,"""ὁ οὐράνιος ὅτι χρῄζετε τούτων <b>ἁπάντων</b>. 33 ζητεῖτε δὲ πρῶτον τὴν""",ἁπάντων,BibleHub
δικαιοσύνη,(dik-ah-yos-oo'-nay),"righteousness, justice",διψῶντες τὴν δικαιοσύνην ὅτι αὐτοὶ<br><br>δεδιωγμένοι ἕνεκεν δικαιοσύνης ὅτι αὐτῶν<br><br>ὑμῶν ἡ δικαιοσύνη πλεῖον τῶν, thirst for righteousness for they<br><br> have been persecuted on account of righteousness for theirs<br><br> your righteousness above [that] of the,"Noun, Feminine","""τὴν βασιλείαν τοῦ Θεοῦ καὶ τὴν <b>δικαιοσύνην</b> αὐτοῦ, καὶ ταῦτα πάντα""",δικαιοσύνην,BibleHub
ἀρκετός,(ar-ket-os'),sufficient,ἀρκετὸν τῷ μαθητῇ<br><br>ἀρκετὸς γὰρ ὁ, Sufficient for the disciple<br><br> sufficient indeed the,Adjective,"""γὰρ αὔριον μεριμνήσει τὰ ἑαυτῆς· <b>ἀρκετὸν</b> τῇ ἡμέρᾳ ἡ κακία αὐτῆς""",ἀρκετὸν,BibleHub
κακία,(kak-ee'-ah),wickedness,ἀπὸ τῆς κακίας σου ταύτης<br><br>πονηρίᾳ πλεονεξίᾳ κακίᾳ μεστοὺς φθόνου<br><br>ἐν ζύμῃ κακίας καὶ πονηρίας, of the wickedness of you this<br><br> wickedness covetousness malice full of envy<br><br> with leaven of malice and wickedness,"Noun, Feminine","""τὰ ἑαυτῆς· ἀρκετὸν τῇ ἡμέρᾳ ἡ <b>κακία</b> αὐτῆς""",κακία,BibleHub
οὐρανός,(oo-ran-os'),heaven,αὐτῷ οἱ οὐρανοί καὶ εἶδεν<br><br>ἐκ τῶν οὐρανῶν λέγουσα Οὗτός<br><br>βασιλεία τῶν οὐρανῶν , to him the heavens and he saw<br><br> out of the heavens saying This<br><br> kingdom of the heavens,"Noun, Masculine","""παρὰ τῷ πατρὶ ὑμῶν τῷ ἐν τοῖς <b>οὐρανοῖς</b>. 2 Ὅταν οὖν ποιῇς ἐλεημοσύνην,""",οὐρανοῖς,BibleHub
ὅταν,(hot'-an),whenever,Ὅταν οὖν ποιῇς<br><br>Καὶ ὅταν προσεύχησθε οὐκ<br><br>σὺ δὲ ὅταν προσεύχῃ εἴσελθε, When therefore you do<br><br> And when you pray not<br><br> you moreover when you pray enter,Conjunction,"""πατρὶ ὑμῶν τῷ ἐν τοῖς οὐρανοῖς. 2 <b>ὅταν</b> οὖν ποιῇς ἐλεημοσύνην, μὴ""",Ὅταν,BibleHub
ὑποκριτής,(hoop-ok-ree-tace'),"one who answers, an actor, a hypocrite",ὡς οἱ ὑποκριταί ὅτι φιλοῦσιν<br><br>ὡς οἱ ὑποκριταὶ σκυθρωποί ἀφανίζουσιν<br><br>ὑποκριτά ἔκβαλε πρῶτον, as the hyprocrites for they love<br><br> as the hypocrites downcast in countenance they disfigure<br><br> hypocrite cast out first,"Noun, Masculine","""ἔμπροσθέν σου, ὥσπερ οἱ <b>ὑποκριταὶ</b> ποιοῦσιν ἐν ταῖς συναγωγαῖς καὶ""",ὑποκριταὶ,BibleHub
συναγωγή,(soon-ag-o-gay'),"a bringing together,  an assembling, a synagogue",ἐν ταῖς συναγωγαῖς καὶ ἐν<br><br>ἐν ταῖς συναγωγαῖς καὶ ἐν<br><br>ἐν ταῖς συναγωγαῖς αὐτῶν καὶ, in the synagogues and in<br><br> in the synagogues and on<br><br> in the synagogues of them and,"Noun, Feminine","""οἱ ὑποκριταὶ ποιοῦσιν ἐν ταῖς <b>συναγωγαῖς</b> καὶ ἐν ταῖς ῥύμαις, ὅπως""",συναγωγαῖς,BibleHub
οὕτως,(hoo'-to),"in this way, thus",τῆς Ἰουδαίας οὕτως γὰρ γέγραπται<br><br>Ἄφες ἄρτι οὕτως γὰρ πρέπον<br><br>τοῖς οὐρανοῖς οὕτως γὰρ ἐδίωξαν, of Judea thus indeed it has been written<br><br> Permit [it] presently thus indeed fitting<br><br> the heavens thus indeed they persecuted,Adverb,"""πρὸ τοῦ ὑμᾶς αἰτῆσαι αὐτόν. 9 <b>οὕτως</b> οὖν προσεύχεσθε ὑμεῖς· Πάτερ ἡμῶν""",οὕτως,BibleHub
θησαυρίζω,(thay-sow-rid'-zo),"to lay up, store up",θησαυρίζετε δὲ ὑμῖν<br><br>Οὕτως ὁ θησαυρίζων ἑαυτῷ καὶ<br><br>ἀμετανόητον καρδίαν θησαυρίζεις σεαυτῷ ὀργὴν, store up however for youselves<br><br> Thus [is] he who treasures up for himself and<br><br> unrepentant heart treasure up to yourself wrath,Verb,"""σοι ἐν τῷ φανερῷ. 19 Μὴ <b>θησαυρίζετε</b> ὑμῖν θησαυροὺς ἐπὶ τῆς γῆς,""",θησαυρίζετε,BibleHub
σής,(sace),a moth,ὅπου οὔτε σὴς οὔτε βρῶσις<br><br>ἐγγίζει οὐδὲ σὴς διαφθείρει , where neither moth nor rust<br><br> does draw near nor moth destroy,"Noun, Masculine","""ὑμῖν θησαυροὺς ἐπὶ τῆς γῆς, ὅπου <b>σὴς</b> καὶ βρῶσις ἀφανίζει, καὶ ὅπου""",σὴς,BibleHub
βρῶσις,(bro'-sis),"eating, food",σὴς οὔτε βρῶσις ἀφανίζει καὶ<br><br>αὐτοῖς Ἐγὼ βρῶσιν ἔχω φαγεῖν<br><br>μὴ τὴν βρῶσιν τὴν ἀπολλυμένην, moth nor rust destroys and<br><br> to them I food have to eat<br><br> not [for] the food that perishes,"Noun, Feminine","""ἐπὶ τῆς γῆς, ὅπου σὴς καὶ <b>βρῶσις</b> ἀφανίζει, καὶ ὅπου κλέπται""",βρῶσις,BibleHub
κλέπτης,(klep'-tace),a thief,καὶ ὅπου κλέπται οὐ διορύσσουσιν<br><br>φυλακῇ ὁ κλέπτης ἔρχεται ἐγρηγόρησεν<br><br>οὐρανοῖς ὅπου κλέπτης οὐκ ἐγγίζει, and where theives not do break in<br><br> time of night the thief comes he would have watched<br><br> heavens where thief not does draw near,"Noun, Masculine","""καὶ βρῶσις ἀφανίζει, καὶ ὅπου <b>κλέπται</b> διορύσσουσι καὶ κλέπτουσι· 20""",κλέπται,BibleHub
ὅλος,(hol'-os),"whole, complete",περιῆγεν ἐν ὅλῃ τῇ Γαλιλαίᾳ<br><br>αὐτοῦ εἰς ὅλην τὴν Συρίαν<br><br>καὶ μὴ ὅλον τὸ σῶμά, he went throughout all Galilee<br><br> of him into all Syria<br><br> and not all the body,Adjective,"""ἐὰν οὖν ὁ ὀφθαλμός σου ἁπλοῦς ᾖ, <b>ὅλον</b> τὸ σῶμά σου φωτεινὸν ἔσται· 23 ἐὰν""",ὅλον,BibleHub
σκότος,(skot'-os),darkness,ἐν σοὶ σκότος ἐστίν τὸ<br><br>ἐστίν τὸ σκότος πόσον <br><br>εἰς τὸ σκότος τὸ ἐξώτερον, in you darkness is that<br><br> is that darkness how great<br><br> into the darkness the outer,"Noun, Masculine; Noun, Neuter","""ἔσται. εἰ οὖν τὸ φῶς τὸ ἐν σοὶ <b>σκότος</b> ἐστί, τὸ <b>σκότος</b> πόσον; 24""",σκότος,BibleHub
ἔνδυμα,(en'-doo-mah),apparel (esp. the outer robe),σῶμα τοῦ ἐνδύματος <br><br>καὶ περὶ ἐνδύματος τί μεριμνᾶτε<br><br>ὑμᾶς ἐν ἐνδύμασιν προβάτων ἔσωθεν, body than clothing<br><br> and about clothing why are you anxious<br><br> you in clothing of sheep inwardly,"Noun, Neuter","""τῆς τροφῆς, καὶ τὸ σῶμα τοῦ <b>ἐνδύματος</b>; 26 ἐμβλέψατε εἰς τὰ πετεινὰ""",ἐνδύματος,BibleHub
οὐράνιος,(oo-ran'-ee-os),of or in heaven,ὑμῶν ὁ οὐράνιος <br><br>ὑμῶν ὁ οὐράνιος τρέφει αὐτά<br><br>ὑμῶν ὁ οὐράνιος ὅτι χρῄζετε, of you heavenly<br><br> of you Heavenly feeds them<br><br> of you Heavenly that you have need,Adjective,"""ἀποθήκας, καὶ ὁ πατὴρ ὑμῶν ὁ <b>οὐράνιος</b> τρέφει αὐτά· οὐχ ὑμεῖς μᾶλλον""",οὐράνιος,BibleHub
ἀγρός,(ag-ros'),"a field, the country",χόρτον τοῦ ἀγροῦ σήμερον ὄντα<br><br>ἐν τῷ ἀγρῷ αὐτοῦ <br><br>τῷ σῷ ἀγρῷ πόθεν οὖν, grass of the field today which is<br><br> in the field of him<br><br> your field from where then,"Noun, Masculine","""καταμάθετε τὰ κρίνα τοῦ <b>ἀγροῦ</b>, πῶς αὐξάνει· οὐ κοπιᾷ, οὐδὲ""",ἀγροῦ,BibleHub
αὔριον,(ow'-ree-on),tomorrow,εἰς τὴν αὔριον ἡ γὰρ<br><br>ἡ γὰρ αὔριον μεριμνήσει ἑαυτῆς<br><br>ἐπὶ τὴν αὔριον ἐκβαλὼν δύο, about things tomorrow indeed<br><br> indeed tomorrow will be anxious about itself<br><br> on the next day having taken out two,Adverb,"""τοῦ ἀγροῦ, σήμερον ὄντα, καὶ <b>αὔριον</b> εἰς κλίβανον βαλλόμενον, ὁ Θεὸς""",αὔριον,BibleHub
ἀμήν,(am-ane'),truly,ἀμὴν λέγω σοι<br><br>τῶν ἀνθρώπων ἀμὴν λέγω ὑμῖν<br><br>τοῖς ἀνθρώποις ἀμὴν λέγω ὑμῖν, Truly I say to you<br><br> the men Truly I say to you<br><br> by men Truly I say to you,Hebrew Form (Indclinable),"""ὅπως δοξασθῶσιν ὑπὸ τῶν ἀνθρώπων· <b>ἀμὴν</b> λέγω ὑμῖν, ἀπέχουσι τὸν μισθὸν""",ἀμὴν,BibleHub
κρυπτός,(kroop-tos'),hidden,ἐν τῷ κρυπτῷ ἀποδώσει σοι<br><br>ἐν τῷ κρυπτῷ καὶ ὁ<br><br>ἐν τῷ κρυπτῷ ἀποδώσει σοι, in secret will reward you<br><br> in secret and the<br><br> in secret will reward you,Adjective,"""καὶ ὁ πατήρ σου ὁ βλέπων ἐν τῷ <b>κρυπτῷ</b> αὐτὸς ἀποδώσει σοι ἐν τῷ φανερῷ.""",κρυπτῷ,BibleHub
φανερός,(fan-er-os'),"visible, manifest",μὴ αὐτὸν φανερὸν ποιήσωσιν <br><br>ἔλθῃ εἰς φανερόν <br><br>βασιλεὺς Ἡρῴδης φανερὸν γὰρ ἐγένετο, not him known they should make<br><br> it should come to light<br><br> king Herod [of him] well known indeed became,Adjective,"""κρυπτῷ αὐτὸς ἀποδώσει σοι ἐν τῷ <b>φανερῷ</b>. 5 Καὶ ὅταν προσεύχῃ, οὐκ ἔσῃ""",φανερῷ,BibleHub
παράπτωμα,(par-ap'-to-mah),"a false step, a trespass",ἀνθρώποις τὰ παραπτώματα αὐτῶν οὐδὲ<br><br>ἀφήσει τὰ παραπτώματα ὑμῶν <br><br>ὑμῖν τὰ παραπτώματα ὑμῶν , men the trespasses of them neither<br><br> will forgive the trespasses of you<br><br> you the trespasses of you,"Noun, Neuter","""ἐὰν γὰρ ἀφῆτε τοῖς ἀνθρώποις τὰ <b>παραπτώματα</b> αὐτῶν, ἀφήσει καὶ ὑμῖν ὁ πατὴρ""",παραπτώματα,BibleHub
ὥσπερ,(hoce'-per),"just as, even as",μὴ βατταλογήσητε ὥσπερ οἱ ἐθνικοί<br><br>ὥσπερ γὰρ ἦν<br><br>ὥσπερ οὖν συλλέγεται, not do use vain repetitions as the pagans<br><br> just as indeed was<br><br> As therefore is gathered,Adverb,"""μὴ σαλπίσῃς ἔμπροσθέν σου, <b>ὥσπερ</b> οἱ ὑποκριταὶ ποιοῦσιν ἐν ταῖς""",ὥσπερ,BibleHub
ὅπου,(hop'-oo),where,ἀφανίζει καὶ ὅπου κλέπται διορύσσουσιν<br><br>ἐν οὐρανῷ ὅπου οὔτε σὴς<br><br>ἀφανίζει καὶ ὅπου κλέπται οὐ, destroy and where thieves break in<br><br> in heaven where neither moth<br><br> destroys and where theives not,Adverb,"""ὑμῖν θησαυροὺς ἐπὶ τῆς γῆς, <b>ὅπου</b> σὴς καὶ βρῶσις ἀφανίζει, καὶ <b>ὅπου</b>""",ὅπου,BibleHub
γε,(gheh),emphasizes the word to which it is joined,διά γε τὸ παρέχειν<br><br>Ἰσραήλ ἀλλά γε καὶ σὺν<br><br>καί γε ἐπὶ τοὺς, because yet causes<br><br> Israel but really also with<br><br> and even upon the,"Particle, Disjunctive Particle","""πρὸς τὸ θεαθῆναι αὐτοῖς; εἰ δὲ <b>μήγε</b>, μισθὸν οὐκ ἔχετε παρὰ τῷ πατρὶ""",μήγε,BibleHub
ἔμπροσθεν,(em'-pros-then),"before, in front of (in place or time)",δῶρόν σου ἔμπροσθεν τοῦ θυσιαστηρίου<br><br>μὴ ποιεῖν ἔμπροσθεν τῶν ἀνθρώπων<br><br>μὴ σαλπίσῃς ἔμπροσθέν σου ὥσπερ, gift of you before the altar<br><br> not to do before the men<br><br> not do sound a trumpet before you as,"Adverb, Preposition","""ποιῇς ἐλεημοσύνην, μὴ σαλπίσῃς <b>ἔμπροσθέν</b> σου, ὥσπερ οἱ ὑποκριταὶ""",ἔμπροσθέν,BibleHub
ῥύμη,(hroo'-may),"the rush (of a moving body), a (crowded) street",πλατείας καὶ ῥύμας τῆς πόλεως<br><br>ἐπὶ τὴν ῥύμην τὴν καλουμένην<br><br>ἐξελθόντες προῆλθον ῥύμην μίαν καὶ, streets and lanes of the city<br><br> into the street which is called<br><br> having gone out they went on through street one and,"Noun, Feminine","""ἐν ταῖς συναγωγαῖς καὶ ἐν ταῖς <b>ῥύμαις</b>, ὅπως δοξασθῶσιν ὑπὸ τῶν""",ῥύμαις,BibleHub
γωνία,(go-nee'-ah),"an angle, a corner",εἰς κεφαλὴν γωνίας παρὰ Κυρίου<br><br>εἰς κεφαλὴν γωνίας <br><br>εἰς κεφαλὴν γωνίας , the chief corner from [the] Lord<br><br> the chief corner<br><br> into [the] head of [the] corner,"Noun, Feminine","""ἐν ταῖς συναγωγαῖς καὶ ἐν ταῖς <b>γωνίαις</b> τῶν πλατειῶν ἑστῶτες προσεύχεσθαι""",γωνίαις,BibleHub
ἄν,(an),"usually untranslatable, but generally denoting supposition, wish, possibility or uncertainty",ὑμῖν ἕως ἂν παρέλθῃ ὁ<br><br>νόμου ἕως ἂν πάντα γένηται<br><br>ὃς δ' ἂν ποιήσῃ καὶ, to you until anyhow shall pass away<br><br> law until anyhow all come to pass<br><br> whoever moreover anyhow shall practice and,"Particle, Disjunctive Particle","""ἑστῶτες προσεύχεσθαι, ὅπως <b>ἂν</b> φανῶσι τοῖς ἀνθρώποις; ἀμὴν λέγω""",ἂν,BibleHub
κλείω,(kli'-o),to shut,ὑποκριταί ὅτι κλείετε τὴν βασιλείαν<br><br>γάμους καὶ ἐκλείσθη ἡ θύρα<br><br>Ἰσραήλ ὅτε ἐκλείσθη ὁ οὐρανὸς, hypocrites for you shut up the kingdom<br><br> wedding feast and was shut the door<br><br> Israel when was shut up the heaven,Verb,"""εἴσελθε εἰς τὸ ταμιεῖόν σου, καὶ <b>κλείσας</b> τὴν θύραν σου, πρόσευξαι τῷ""",κλείσας,BibleHub
βαττολογέω,(bat-tol-og-eh'-o),to stammer,,,Verb,"""φανερῷ. προσευχόμενοι δὲ μὴ <b>βαττολογήσητε</b>, ὥσπερ οἱ ἐθνικοί; δοκοῦσι""",βαττολογήσητε,BibleHub
παρεισάγω,(par-ice-ag'-o),"to introduce, to bring in secretly",,,Verb,"""ὥσπερ οἱ ἐθνικοί; <b>δοκοῦσι</b> γὰρ ὅτι ἐν τῇ πολυλογίᾳ αὐτῶν""",δοκοῦσι,BibleHub
εἰσακούω,(ice-ak-oo'-o),"to listen, to obey",Ζαχαρία διότι εἰσηκούσθη ἡ δέησίς<br><br>φησίν Κορνήλιε εἰσηκούσθη σου ἡ<br><br>οὐδ' οὕτως εἰσακούσονταί μου λέγει, Zechariah because has been heard the prayer<br><br> said Cornelius was heard your<br><br> not even thus will they hear me says,Verb,"""ὅτι ἐν τῇ πολυλογίᾳ αὐτῶν <b>εἰσακουσθήσονται</b>. μὴ οὖν ὁμοιωθῆτε αὐτοῖς;""",εἰσακουσθήσονται,BibleHub
φαίνω,(fah'-ee-no),"to bring to light, to cause to appear",χρόνον τοῦ φαινομένου ἀστέρος <br><br>ἄγγελος Κυρίου φαίνεται κατ' ὄναρ<br><br>ἄγγελος Κυρίου φαίνεται κατ' ὄναρ, time of the appearing star<br><br> an angel of [the] Lord appears in a dream<br><br> an angel of [the] Lord appears in a dream,Verb,"""τὸ πρόσωπόν σου νίψαι, ὅπως μὴ <b>φανῇς</b> τοῖς ἀνθρώποις νηστεύων, ἀλλὰ τῷ""",φανῇς,BibleHub
διορύσσω,(dee-or-oos'-so),to dig through (as of breaking into a house),κλέπται οὐ διορύσσουσιν οὐδὲ κλέπτουσιν<br><br>ἂν εἴασεν διορυχθῆναι τὴν οἰκίαν<br><br>οὐκ ἀφῆκεν διορυχθῆναι τὸν οἶκον, theives not do break in nor steal<br><br> anyhow have allowed to be dug through the house<br><br> not would have allowed to be broken into the house,Verb,"""ἀφανίζει, καὶ ὅπου κλέπται οὐ <b>διορύσσουσιν</b> οὐδὲ κλέπτουσιν. ὅπου γάρ""",διορύσσουσιν,BibleHub
ἕτερος,(het'-er-os),other,καὶ τοῦ ἑτέρου καταφρονήσει οὐ<br><br>Ἕτερος δὲ τῶν<br><br>εἰς τὴν ἑτέραν ἀμὴν γὰρ, and the other he will despise not<br><br> Another moreover of the<br><br> to the next truly indeed,Adjective,"""ἢ γὰρ τὸν ἕνα μισήσει, καὶ τὸν <b>ἕτερον</b> ἀγαπήσει; ἢ ἑνὸς ἀνθέξεται, καὶ""",ἕτερον,BibleHub
πίνω,(pee'-no),to drink,ἤ Τί πίωμεν ἤ Τί<br><br>ἐσθίων μήτε πίνων καὶ λέγουσιν<br><br>ἐσθίων καὶ πίνων καὶ λέγουσιν, or what shall we drink or with what<br><br> eating nor drinking and they say<br><br> eating and drinking and they say,Verb,"""τῇ ψυχῇ ὑμῶν, τί φάγητε καὶ τί <b>πίητε</b>; μηδὲ τῷ σώματι ὑμῶν, τί""",πίητε,BibleHub
ἐνδύω,(en-doo'-o),to clothe or be clothed with (in the sense of sinking into a garment),ἄνθρωπον οὐκ ἐνδεδυμένον ἔνδυμα γάμου<br><br>χλαμύδα καὶ ἐνέδυσαν αὐτὸν τὰ<br><br>ὁ Ἰωάννης ἐνδεδυμένος τρίχας καμήλου, a man not clothed with clothes of wedding<br><br> robe and they put on him the<br><br> John clothed in hair of a camel,Verb,"""πίητε; μηδὲ τῷ σώματι ὑμῶν, τί <b>ἐνδύσησθε</b>. οὐχὶ ἡ ψυχὴ πλεῖόν ἐστι τῆς""",ἐνδύσησθε,BibleHub
ἐμβλέπω,(em-blep'-o),"to look at, to consider",ἐμβλέψας δὲ ὁ<br><br>ἀπεκατέστη καὶ ἐνέβλεπεν τηλαυγῶς ἅπαντα<br><br>δὲ Ἰησοῦς ἐμβλέψας αὐτῷ ἠγάπησεν, having looked on [them] moreover<br><br> he was restored and looked on clearly all<br><br> moreover Jesus having looked upon him loved,Verb,"""καὶ τὸ σῶμα τοῦ ἐνδύματος; <b>ἐμβλέψατε</b> εἰς τὰ πετεινὰ τοῦ οὐρανοῦ, ὅτι""",ἐμβλέψατε,BibleHub
θερίζω,(ther-id'-zo),to reap,εἶ ἄνθρωπος θερίζων ὅπου οὐκ<br><br>ᾔδεις ὅτι θερίζω ὅπου οὐκ<br><br>σπείρουσιν οὐδὲ θερίζουσιν οἷς οὐκ, you are a man reaping where not<br><br> you knew that I reap where not<br><br> they sow nor reap to which not,Verb,"""ὅτι οὐ σπείρουσιν οὐδὲ <b>θερίζουσιν</b>, οὐδὲ συνάγουσιν εἰς ἀποθήκας""",θερίζουσιν,BibleHub
ἀποθήκη,(ap-oth-ay'-kay),"a place for putting away, a storehouse",συνάγουσιν εἰς ἀποθήκας καὶ ὁ<br><br>εἰς τὴν ἀποθήκην μου <br><br>εἰς τὴν ἀποθήκην αὐτοῦ τὸ, do they gather into barns and the<br><br> into the barn of me<br><br> into the barn of him,"Noun, Feminine","""θερίζουσιν, οὐδὲ συνάγουσιν εἰς <b>ἀποθήκας</b>, καὶ ὁ πατὴρ ὑμῶν ὁ οὐράνιος""",ἀποθήκας,BibleHub
διαφέρω,(dee-af-er'-o),"to carry through, carry about, to differ, make a difference, surpass",πολλῶν στρουθίων διαφέρετε ὑμεῖς <br><br>πόσῳ οὖν διαφέρει ἄνθρωπος προβάτου<br><br>ἵνα τις διενέγκῃ σκεῦος διὰ, than many sparrows are worth more you<br><br> How much then is more valuable a man than a sheep<br><br> that anyone should carry a vessel through,Verb,"""τρέφει αὐτά; οὐχ ὑμεῖς μᾶλλον <b>διαφέρετε</b> αὐτῶν; τίς δὲ ἐξ ὑμῶν μεριμνῶν""",διαφέρετε,BibleHub
προστίθημι,(pros-tith'-ay-mee),"to put to, add",ταῦτα πάντα προστεθήσεται ὑμῖν <br><br>ὑμῖν καὶ προστεθήσεται ὑμῖν <br><br>προσέθηκεν καὶ τοῦτο, these things all will be added to you<br><br> to you and more will be added to you<br><br> added also this,Verb,"""τίς δὲ ἐξ ὑμῶν μεριμνῶν δύναται <b>προσθεῖναι</b> ἐπὶ τὴν ἡλικίαν αὐτοῦ πῆχυν ἕνα""",προσθεῖναι,BibleHub
πῆχυς,(pay'-khoos),"the forearm, a cubit",αὐτοῦ προσθεῖναι πῆχυν <br><br>ὡς ἀπὸ πηχῶν διακοσίων σύροντες<br><br>τεσσεράκοντα τεσσάρων πηχῶν μέτρον ἀνθρώπου, of him to add one hour<br><br> about from cubits two hundred dragging<br><br> [and] forty four cubits measure of a man,"Noun, Masculine","""προσθεῖναι ἐπὶ τὴν ἡλικίαν αὐτοῦ <b>πῆχυν</b> ἕνα; καὶ περὶ ἐνδύματος τί""",πῆχυν,BibleHub
κρίνον,(kree'-non),a lily,κατανοήσατε τὰ κρίνα πῶς αὐξάνει, Consider the lilies how they grow,"Noun, Neuter","""τί μεριμνᾶτε; καταμάθετε τὰ <b>κρίνα</b> τοῦ ἀγροῦ, πῶς αὐξάνει; οὐ κοπιᾷ""",κρίνα,BibleHub
κοπιάω,(kop-ee-ah'-o),"to grow weary, toil",πάντες οἱ κοπιῶντες καὶ πεφορτισμένοι<br><br>ὅλης νυκτὸς κοπιάσαντες οὐδὲν ἐλάβομεν<br><br>αὐξάνει οὐ κοπιᾷ οὐδὲ νήθει, all you who toil and are burdened<br><br> whole night having toiled nothing have we taken<br><br> they grow not labor nor do they spin,Verb,"""κρίνα τοῦ ἀγροῦ, πῶς αὐξάνει; οὐ <b>κοπιᾷ</b>, οὐδὲ νήθει; λέγω δὲ ὑμῖν ὅτι""",κοπιᾷ,BibleHub
χόρτος,(khor'-tos),"a feeding place, food, grass",ἐβλάστησεν ὁ χόρτος καὶ καρπὸν<br><br>ἐπὶ τοῦ χόρτου λαβὼν τοὺς<br><br>καρποφορεῖ πρῶτον χόρτον εἶτα στάχυν, sprouted the plants and fruit<br><br> on the grass having taken the<br><br> brings forth fruit first a plant then an ear,"Noun, Masculine","""ὡς ἓν τούτων. εἰ δὲ τὸν <b>χόρτον</b> τοῦ ἀγροῦ, σήμερον ὄντα, καὶ""",χόρτον,BibleHub
ὀλιγόπιστος,(ol-ig-op'-is-tos),little faith,δειλοί ἐστε ὀλιγόπιστοι τότε ἐγερθεὶς<br><br>λέγει αὐτῷ Ὀλιγόπιστε εἰς τί<br><br>ἐν ἑαυτοῖς ὀλιγόπιστοι ὅτι ἄρτους, fearful are you O [you] of little faith Then having arisen<br><br> says to him [you] of little faith of why<br><br> among yourselves O [you] of little faith because bread,Adjective,"""οὐ πολλῷ μᾶλλον ὑμᾶς, <b>ὀλιγόπιστοι</b>; μὴ οὖν μεριμνήσητε, λέγοντες""",ὀλιγόπιστοι,BibleHub
ἐπιζητέω,(ep-eed-zay-teh'-o),to inquire for,μοιχαλὶς σημεῖον ἐπιζητεῖ καὶ σημεῖον<br><br>μοιχαλὶς σημεῖον ἐπιζητεῖ καὶ σημεῖον<br><br>οἱ ὄχλοι ἐπεζήτουν αὐτόν καὶ, adulterous a sign seeks for and a sign<br><br> adulterous a sign seeks and a sign<br><br> the crowds sought him and,Verb,"""πάντα γὰρ ταῦτα τὰ ἔθνη <b>ἐπιζητεῖ</b>; οἶδε γὰρ ὁ πατὴρ ὑμῶν ὁ""",ἐπιζητεῖ,BibleHub
ἅπας,(hap'-as),"all, the whole",καὶ ἦρεν ἅπαντας οὕτως ἔσται<br><br>τοῖς ἀρχιερεῦσιν ἅπαντα τὰ γενόμενα<br><br>καὶ ἐθαμβήθησαν ἅπαντες ὥστε συζητεῖν, and took away all thus will be<br><br> to the chief priests all things that having were done<br><br> And were astonished all so that they questioned,Adjective,"""ὁ οὐράνιος ὅτι χρῄζετε τούτων <b>ἁπάντων</b>. ζητεῖτε δὲ πρῶτον τὴν βασιλείαν""",ἁπάντων,BibleHub
ὅταν,(hot'-an),whenever,Ὅταν οὖν ποιῇς<br><br>Καὶ ὅταν προσεύχησθε οὐκ<br><br>σὺ δὲ ὅταν προσεύχῃ εἴσελθε, When therefore you do<br><br> And when you pray not<br><br> you moreover when you pray enter,Conjunction,"""πατρὶ ὑμῶν τῷ ἐν τοῖς οὐρανοῖς. <b>ὅταν</b> οὖν ποιῇς ἐλεημοσύνην, μὴ""",ὅταν,BibleHub
θησαυρός,(thay-sow-ros'),treasure,θησαυρίζετε ὑμῖν θησαυροὺς ἐπὶ τῆς<br><br>δὲ ὑμῖν θησαυροὺς ἐν οὐρανῷ<br><br>ἐστιν ὁ θησαυρός σου ἐκεῖ, store up up for yourselves treasures upon the<br><br> however for youselves treasures in heaven<br><br> is the treasure of you there,"Noun, Masculine","""τῷ φανερῷ. Μὴ θησαυρίζετε ὑμῖν <b>θησαυροὺς</b> ἐπὶ τῆς γῆς, ὅπου σὴς καὶ""",θησαυροὺς,BibleHub
κλέπτης,(klep'-tace),a thief,καὶ ὅπου κλέπται οὐ διορύσσουσιν<br><br>φυλακῇ ὁ κλέπτης ἔρχεται ἐγρηγόρησεν<br><br>οὐρανοῖς ὅπου κλέπτης οὐκ ἐγγίζει, and where theives not do break in<br><br> time of night the thief comes he would have watched<br><br> heavens where thief not does draw near,"Noun, Masculine","""καὶ βρῶσις ἀφανίζει, καὶ ὅπου <b>κλέπται</b> διορύσσουσι καὶ κλέπτουσι;""",κλέπται,BibleHub
μεριμνάω,(mer-im-nah'-o),"to be anxious, to care for",ἐξ ὑμῶν μεριμνῶν δύναται προσθεῖναι<br><br>ἐνδύματος τί μεριμνᾶτε καταμάθετε τὰ<br><br>μὴ οὖν μεριμνήσητε λέγοντες Τί, out of you by being anxious is able to add<br><br> clothing why are you anxious observe the<br><br> not therefore be anxious saying What,Verb,"""διὰ τοῦτο λέγω ὑμῖν, μὴ <b>μεριμνᾶτε</b> τῇ ψυχῇ ὑμῶν, τί φάγητε καὶ τί""",μεριμνᾶτε,BibleHub
ἀγρός,(ag-ros'),"a field, the country",χόρτον τοῦ ἀγροῦ σήμερον ὄντα<br><br>ἐν τῷ ἀγρῷ αὐτοῦ <br><br>τῷ σῷ ἀγρῷ πόθεν οὖν, grass of the field today which is<br><br> in the field of him<br><br> your field from where then,"Noun, Masculine","""καταμάθετε τὰ κρίνα τοῦ <b>ἀγροῦ</b>, πῶς αὐξάνει; οὐ κοπιᾷ, οὐδὲ""",ἀγροῦ,BibleHub
παράπτωμα,(par-ap'-to-mah),"a false step, a trespass",ἀνθρώποις τὰ παραπτώματα αὐτῶν οὐδὲ<br><br>ἀφήσει τὰ παραπτώματα ὑμῶν <br><br>ὑμῖν τὰ παραπτώματα ὑμῶν , men the trespasses of them neither<br><br> will forgive the trespasses of you<br><br> you the trespasses of you,"Noun, Neuter","""ἐὰν γὰρ ἀφῆτε τοῖς ἀνθρώποις τὰ <b>παραπτώματα</b> αὐτῶν, ἀφήσει καὶ ὑμῖν ὁ πατὴρ""",παραπτώματα,BibleHub
τίς,(tis),who? which? what?,μωρανθῇ ἐν τίνι ἁλισθήσεται εἰς<br><br>ἀγαπῶντας ὑμᾶς τίνα μισθὸν ἔχετε<br><br>ὑμῶν μόνον τί περισσὸν ποιεῖτε, become tasteless with what will it be salted for<br><br> love you what reward have you<br><br> of you only what extraordinary do you,Interrogative Pronoun,"""μὴ γνώτω ἡ ἀριστερά σου <b>τί</b> ποιεῖ ἡ δεξιά σου, ὅπως ᾖ σου ἡ""",τί,BibleHub
ποιέω,(poy-eh'-o),"to make, do",Κυρίου εὐθείας ποιεῖτε τὰς τρίβους<br><br>ποιήσατε οὖν καρπὸν<br><br>δένδρον μὴ ποιοῦν καρπὸν καλὸν, of [the] Lord straight make the paths<br><br> Produce therefore fruit<br><br> tree not producing fruit good,Verb,"""σου, ὥσπερ οἱ ὑποκριταὶ <b>ποιοῦσιν</b> ἐν ταῖς συναγωγαῖς καὶ ἐν ταῖς""",ποιοῦσιν,BibleHub
ποιέω,(poy-eh'-o),"to make, do",Κυρίου εὐθείας ποιεῖτε τὰς τρίβους<br><br>ποιήσατε οὖν καρπὸν<br><br>δένδρον μὴ ποιοῦν καρπὸν καλὸν, of [the] Lord straight make the paths<br><br> Produce therefore fruit<br><br> tree not producing fruit good,Verb,"""σου, ὥσπερ οἱ ὑποκριταὶ <b>ποιοῦσιν</b> ἐν ταῖς συναγωγαῖς καὶ ἐν ταῖς""",ποιοῦσιν,BibleHub
ἄν,(an),"usually untranslatable, but generally denoting supposition, wish, possibility or uncertainty",ὑμῖν ἕως ἂν παρέλθῃ ὁ<br><br>νόμου ἕως ἂν πάντα γένηται<br><br>ὃς δ' ἂν ποιήσῃ καὶ, to you until anyhow shall pass away<br><br> law until anyhow all come to pass<br><br> whoever moreover anyhow shall practice and,"Particle, Disjunctive Particle","""ἑστῶτες προσεύχεσθαι, ὅπως <b>ἂν</b> φανῶσι τοῖς ἀνθρώποις; ἀμὴν λέγω""",ἂν,BibleHub
ταμεῖον,(tam-i'-on),an inner chamber,ἐν τοῖς ταμείοις μὴ πιστεύσητε<br><br>ἐν τοῖς ταμείοις κηρυχθήσεται ἐπὶ<br><br>οὐκ ἔστιν ταμεῖον οὐδὲ ἀποθήκη, [he is] in the inner rooms not believe [it]<br><br> in the chambers will be proclaimed upon<br><br> not there is storehouse nor barn,"Noun, Neuter","""ὅταν προσεύχῃ, εἴσελθε εἰς τὸ <b>ταμιεῖόν</b> σου, καὶ κλείσας τὴν θύραν σου""",ταμιεῖόν,BibleHub
κλείω,(kli'-o),to shut,ὑποκριταί ὅτι κλείετε τὴν βασιλείαν<br><br>γάμους καὶ ἐκλείσθη ἡ θύρα<br><br>Ἰσραήλ ὅτε ἐκλείσθη ὁ οὐρανὸς, hypocrites for you shut up the kingdom<br><br> wedding feast and was shut the door<br><br> Israel when was shut up the heaven,Verb,"""εἴσελθε εἰς τὸ ταμιεῖόν σου, καὶ <b>κλείσας</b> τὴν θύραν σου, πρόσευξαι τῷ""",κλείσας,BibleHub
ἐθνικός,(eth-nee-kos'),"national, foreign, a Gentile",ὥσπερ οἱ ἐθνικοί δοκοῦσιν γὰρ<br><br>ὥσπερ ὁ ἐθνικὸς καὶ ὁ<br><br>ἀπὸ τῶν ἐθνικῶν , as the pagans they think indeed<br><br> as the pagan and the<br><br> from the Gentiles,Adjective,"""δὲ μὴ βαττολογήσητε, ὥσπερ οἱ <b>ἐθνικοί</b>; δοκοῦσι γὰρ ὅτι ἐν τῇ πολυλογίᾳ""",ἐθνικοί,BibleHub
