ὁράω,(hor-ah'-o),"to see, perceive, attend to",Ἰδοὺ ἡ παρθένος<br><br>τοῦ βασιλέως ἰδοὺ μάγοι ἀπὸ<br><br>τῶν Ἰουδαίων εἴδομεν γὰρ αὐτοῦ, Behold the virgin<br><br> the king behold magi from [the]<br><br> of the Jews we saw indeed of him,Verb,"""<b>ἰδὼν</b> δὲ τοὺς ὄχλους ἀνέβη εἰς τὸ ὄρος.""",Ἰδὼν,BibleHub
ὄχλος,(okh'los),"a crowd, multitude, the common people",δὲ τοὺς ὄχλους ἀνέβη εἰς<br><br>ἐξεπλήσσοντο οἱ ὄχλοι ἐπὶ τῇ<br><br>ἠκολούθησαν αὐτῷ ὄχλοι πολλοί , moreover the crowds he went up on<br><br> were astonished the crowds at the<br><br> followed him crowds great,"Noun, Masculine","""δὲ τοὺς <b>ὄχλους</b> ἀνέβη εἰς τὸ ὄρος. καὶ""",ὄχλους,BibleHub
ἀναβαίνω,(an-ab-ah'-ee-no),"to go up, ascend",τοὺς ὄχλους ἀνέβη εἰς τὸ<br><br>ἀκάνθας καὶ ἀνέβησαν αἱ ἄκανθαι<br><br>τοὺς ὄχλους ἀνέβη εἰς τὸ, the crowds he went up on the<br><br> thorns and grew up the thorns<br><br> the crowds he went up on the,Verb,"""δὲ τοὺς ὄχλους <b>ἀνέβη</b> εἰς τὸ ὄρος. καὶ καθίσαντος αὐτοῦ""",ἀνέβη,BibleHub
ὄρος,(or'-os),a mountain,εἰς τὸ ὄρος καὶ καθίσαντος<br><br>κρυβῆναι ἐπάνω ὄρους κειμένη <br><br>ἀπὸ τοῦ ὄρους ἠκολούθησαν αὐτῷ, on the mountain and having sat down<br><br> to be hidden on a hill set<br><br> from the mountain followed him,"Noun, Neuter","""δὲ τοὺς ὄχλους ἀνέβη εἰς τὸ <b>ὄρος</b>. καὶ καθίσαντος αὐτοῦ, προσῆλθον""",ὄρος,BibleHub
καθίζω,(kath-id'-zo),"to make to sit down, to sit down",αἰγιαλὸν καὶ καθίσαντες συνέλεξαν τὰ<br><br>παλινγενεσίᾳ ὅταν καθίσῃ ὁ υἱὸς<br><br>Εἰπὲ ἵνα καθίσωσιν οὗτοι οἱ, shore and having sat down they collected the<br><br> regeneration when shall sit down the Son<br><br> Say that might sit these,Verb,"""ὄχλους ἀνέβη εἰς τὸ ὄρος. καὶ <b>καθίσαντος</b> αὐτοῦ, προσῆλθον αὐτῷ οἱ""",καθίσαντος,BibleHub
προσέρχομαι,(pros-er'-khom-ahee),"to approach, to draw near",ἰδοὺ ἄγγελοι προσῆλθον καὶ διηκόνουν<br><br>καθίσαντος αὐτοῦ προσῆλθαν αὐτῷ οἱ<br><br>ἰδοὺ λεπρὸς προσελθὼν προσεκύνει αὐτῷ, behold angels came and ministered<br><br> having sat down him came to him the<br><br> behold a leper having come worshipped him,Verb,"""τὸ ὄρος. καὶ καθίσαντος αὐτοῦ, <b>προσῆλθον</b> αὐτῷ οἱ μαθηταὶ αὐτοῦ. καὶ""",προσῆλθον,BibleHub
μαθητής,(math-ay-tes'),a disciple,δὲ τῶν μαθητῶν αὐτοῦ εἶπεν<br><br>αὐτῷ οἱ μαθηταὶ αὐτοῦ <br><br>καὶ τοῖς μαθηταῖς αὐτοῦ , moreover of the disciples of him said<br><br> him the disciples him<br><br> and the disciples of him,"Noun, Masculine","""αὐτοῦ, προσῆλθον αὐτῷ οἱ <b>μαθηταὶ</b> αὐτοῦ. καὶ ἀνοίξας τὸ στόμα""",μαθηταὶ,BibleHub
ἀνοίγω,(an-oy'-go),to open,καὶ ἰδοὺ ἠνεῴχθησαν αὐτῷ οἱ<br><br>καὶ ἀνοίξας τὸ στόμα<br><br>κρούετε καὶ ἀνοιγήσεται ὑμῖν , and behold were opened to him the<br><br> And having opened the mouth<br><br> knock and it will be opened to you,Verb,"""αὐτῷ οἱ μαθηταὶ αὐτοῦ. καὶ <b>ἀνοίξας</b> τὸ στόμα αὐτοῦ, ἐδίδασκεν αὐτούς""",ἀνοίξας,BibleHub
διδάσκω,(did-as'-ko),to teach,στόμα αὐτοῦ ἐδίδασκεν αὐτοὺς λέγων<br><br>ἐλαχίστων καὶ διδάξῃ οὕτως τοὺς<br><br>ποιήσῃ καὶ διδάξῃ οὗτος μέγας, mouth of him he taught them saying<br><br> least and shall teach so the<br><br> shall practice and shall teach [them] this [one] great,Verb,"""καὶ ἀνοίξας τὸ στόμα αὐτοῦ, <b>ἐδίδασκεν</b> αὐτούς, λέγων, Μακάριοι οἱ""",ἐδίδασκεν,BibleHub
πτωχός,(pto-khos'),"(of one who crouches and cowers, hence) beggarly, poor",ἐγείρονται καὶ πτωχοὶ εὐαγγελίζονται <br><br>δὸς τοῖς πτωχοῖς καὶ ἕξεις<br><br>καὶ δοθῆναι πτωχοῖς , are raised and poor are evangelized<br><br> give the to poor and you will have<br><br> and have been given to [the] poor,Adjective,"""αὐτούς, λέγων, Μακάριοι οἱ <b>πτωχοὶ</b> τῷ πνεύματι. ὅτι αὐτῶν ἐστιν ἡ""",πτωχοὶ,BibleHub
πενθέω,(pen-theh'-o),"to mourn, lament",τοῦ νυμφῶνος πενθεῖν ἐφ' ὅσον<br><br>αὐτοῦ γενομένοις πενθοῦσι καὶ κλαίουσιν<br><br>νῦν ὅτι πενθήσετε καὶ κλαύσετε, of the bridechamber mourn as as long as<br><br> him having been [who were] mourning and weeping<br><br> now for you will mourn and weep,Verb,"""τῶν οὐρανῶν. Μακάριοι οἱ <b>πενθοῦντες</b>. ὅτι αὐτοὶ παρακληθήσονται.""",πενθοῦντες,BibleHub
κληρονομέω,(klay-ron-om-eh'-o),to inherit,ζωὴν αἰώνιον κληρονομήσει <br><br>πατρός μου κληρονομήσατε τὴν ἡτοιμασμένην<br><br>ζωὴν αἰώνιον κληρονομήσω , life eternal will inherit<br><br> Father of me inherit the prepared<br><br> life eternal I might inherit,Verb,"""οἱ πρᾳεῖς. ὅτι αὐτοὶ <b>κληρονομήσουσι</b> τὴν γῆν. Μακάριοι οἱ""",κληρονομήσουσι,BibleHub
πεινάω,(pi-nah'-o),"to hunger, be hungry",μακάριοι οἱ πεινῶντες καὶ διψῶντες<br><br>μαθηταὶ αὐτοῦ ἐπείνασαν καὶ ἤρξαντο<br><br>Δαυὶδ ὅτε ἐπείνασεν καὶ οἱ, Blessed they who hunger and thirst for<br><br> [the] disciples of him were hungry and began<br><br> David when he hungered and those,Verb,"""τὴν γῆν. Μακάριοι οἱ <b>πεινῶντες</b> καὶ διψῶντες τὴν δικαιοσύνην.""",πεινῶντες,BibleHub
διψάω,(dip-sah'-o),to thirst,μοι φαγεῖν ἐδίψησα καὶ ἐποτίσατέ<br><br>ἐθρέψαμεν ἢ διψῶντα καὶ ἐποτίσαμεν<br><br>φαγεῖν καὶ ἐδίψησα καὶ οὐκ, me to eat I thirsted and you gave to drink<br><br> fed [you] or thirsting and gave [you] to drink<br><br> to eat and I thirsted and nothing,Verb,"""γῆν. Μακάριοι οἱ πεινῶντες καὶ <b>διψῶντες</b> τὴν δικαιοσύνην. ὅτι αὐτοὶ""",διψῶντες,BibleHub
χορτάζω,(khor-tad'-zo),"to feed, fatten, fill, satisfy",πάντες καὶ ἐχορτάσθησαν καὶ ἦραν<br><br>τοσοῦτοι ὥστε χορτάσαι ὄχλον τοσοῦτον<br><br>πάντες καὶ ἐχορτάσθησαν καὶ τὸ, all and were satisfied and they took up<br><br> so many as to satisfy a crowd so great<br><br> all and were satisfied and that which,Verb,"""τὴν δικαιοσύνην. ὅτι αὐτοὶ <b>χορτασθήσονται</b>. Μακάριοι οἱ ἐλεήμονες. ὅτι""",χορτασθήσονται,BibleHub
ἐλεήμων,(el-eh-ay'-mone),merciful,ὁμοιωθῆναι ἵνα ἐλεήμων γένηται καὶ, to be made like that a merciful he might be and,Adjective,"""χορτασθήσονται. Μακάριοι οἱ <b>ἐλεήμονες</b>. ὅτι αὐτοὶ ἐλεηθήσονται.""",ἐλεήμονες,BibleHub
ἐλεέω,(el-eh-eh'-o),"to have pity or mercy on, to show mercy",καὶ λέγοντες Ἐλέησον ἡμᾶς υἱὸς<br><br>ἔκραζεν λέγουσα Ἐλέησόν με κύριε<br><br>λέγων Κύριε ἐλέησόν μου τὸν, and saying Have mercy on us Son<br><br> cried saying Have mercy on me master<br><br> saying master Have mercy on my,Verb,"""οἱ ἐλεήμονες. ὅτι αὐτοὶ <b>ἐλεηθήσονται</b>. Μακάριοι οἱ καθαροὶ τῇ""",ἐλεηθήσονται,BibleHub
καθαρός,(kath-ar-os'),clean (adjective),ἐκτὸς αὐτοῦ καθαρόν <br><br>ἐν σινδόνι καθαρᾷ <br><br>ἰδοὺ πάντα καθαρὰ ὑμῖν ἐστίν, outside of them clean<br><br> in a linen cloth clean<br><br> Behold all things clean to you are,Adjective,"""αὐτοὶ ἐλεηθήσονται. Μακάριοι οἱ <b>καθαροὶ</b> τῇ καρδίᾳ. ὅτι αὐτοὶ τὸν Θεὸν""",καθαροὶ,BibleHub
εἰρηνοποιός,(i-ray-nop-oy-os'),"peacemaking, a peacemaker",,,Adjective,"""τὸν Θεὸν ὄψονται. Μακάριοι οἱ <b>εἰρηνοποιοί</b>. ὅτι αὐτοὶ υἱοὶ Θεοῦ""",εἰρηνοποιοί,BibleHub
καλέω,(kal-eh'-o),to call,υἱόν καὶ καλέσουσιν τὸ ὄνομα<br><br>υἱόν καὶ ἐκάλεσεν τὸ ὄνομα<br><br>Ἡρῴδης λάθρᾳ καλέσας τοὺς μάγους, a son and they will call the name<br><br> a son and he called the name<br><br> Herod secretly having called the magi,Verb,"""ὅτι αὐτοὶ υἱοὶ Θεοῦ <b>κληθήσονται</b>. Μακάριοι οἱ δεδιωγμένοι""",κληθήσονται,BibleHub
μακάριος,(mak-ar'-ee-os),"blessed, happy",μακάριοι οἱ πενθοῦντες<br><br>μακάριοι οἱ πραεῖς<br><br>μακάριοι οἱ πεινῶντες, Blessed they who mourn<br><br> Blessed the meek<br><br> Blessed they who hunger,Adjective,"""ἐστιν ἡ βασιλεία τῶν οὐρανῶν. <b>μακάριοί</b> ἐστε, ὅταν ὀνειδίσωσιν ὑμᾶς καὶ""",Μακάριοί,BibleHub
ὀνειδίζω,(on-i-did'-zo),to reproach,Τότε ἤρξατο ὀνειδίζειν τὰς πόλεις<br><br>σὺν αὐτῷ ὠνείδιζον αὐτόν <br><br>σὺν αὐτῷ ὠνείδιζον αὐτόν , Then he began to insult the cities<br><br> with him insulted him<br><br> with him insulted him,Verb,"""οὐρανῶν. Μακάριοί ἐστε, ὅταν <b>ὀνειδίσωσιν</b> ὑμᾶς καὶ διώξωσι, καὶ εἴπωσι""",ὀνειδίσωσιν,BibleHub
ψεύδομαι,(psyoo'-dom-ahee),to lie,καρδίαν σου ψεύσασθαί σε τὸ<br><br>τοῦτο οὐκ ἐψεύσω ἀνθρώποις ἀλλὰ<br><br>Χριστῷ οὐ ψεύδομαι συμμαρτυρούσης μοι, heart of you to lie to [for] you the<br><br> this not You did lie to men but<br><br> Christ not I lie bearing witness with me,Verb,"""ὑμᾶς καὶ διώξωσι, καὶ <b>εἴπωσι</b> πᾶν πονηρὸν ῥῆμα καθ ’ ὑμῶν""",εἴπωσι,BibleHub
ῥῆμα,(hray'-mah),"a word, by implication a matter",ὅτι πᾶν ῥῆμα ἀργὸν ὃ<br><br>σταθῇ πᾶν ῥῆμα <br><br>Πέτρος τοῦ ῥήματος Ἰησοῦ εἰρηκότος, that every word careless that<br><br> might be strengthened every word<br><br> Peter the word of Jesus who had said,"Noun, Neuter","""διώξωσι, καὶ εἴπωσι πᾶν πονηρὸν <b>ῥῆμα</b> καθ ’ ὑμῶν ψευδόμενοι, ἕνεκεν""",ῥῆμα,BibleHub
σύ,(soo),you (early mod. Eng. thou),Καὶ σύ Βηθλεὲμ γῆ<br><br>Ἰούδα ἐκ σοῦ γὰρ ἐξελεύσεται<br><br>ἂν εἴπω σοι μέλλει γὰρ, And you Bethlehem land<br><br> of Judah out of you for will go forth<br><br> anyhow I should tell you is about for,Personal Pronoun,"""τοὺς προφήτας τοὺς πρὸ ὑμῶν. <b>ὑμεῖς</b> ἐστε τὸ ἅλας τῆς γῆς. ἐὰν δὲ τὸ""",Ὑμεῖς,BibleHub
μωραίνω,(mo-rah'-ee-no),to be foolish,τὸ ἅλας μωρανθῇ ἐν τίνι<br><br>εἶναι σοφοὶ ἐμωράνθησαν <br><br>τούτου οὐχὶ ἐμώρανεν ὁ θεὸς, the salt become tasteless with what<br><br> to be wise they became fools<br><br> of this not did make foolish God,Verb,"""τὸ ἅλας τῆς γῆς. ἐὰν δὲ τὸ ἅλας <b>μωρανθῇ</b>, ἐν τίνι ἁλισθήσεται; εἰς οὐδὲν""",μωρανθῇ,BibleHub
δίδωμι,(did'-o-mee),to give,γυναῖκα αὐτοῦ δότω αὐτῇ ἀποστάσιον<br><br>αἰτοῦντί σε δός καὶ τὸν<br><br>τὸν ἐπιούσιον δὸς ἡμῖν σήμερον, wife of him let him give to her a letter of divorce<br><br> asks of you give and<br><br> daily give us today,Verb,"""γῆς. ἐὰν δὲ τὸ ἅλας μωρανθῇ, ἐν <b>τίνι</b> ἁλισθήσεται; εἰς οὐδὲν ἰσχύει ἔτι""",τίνι,BibleHub
ἁλίζω,(hal-id'-zo),to salt,γὰρ πυρὶ ἁλισθήσεται καὶ πᾶσα<br><br>θυσία ἀλὶ ἁλισθήσεται , indeed with fire will be salted and every<br><br> sacrifice with salt shall be salted,Verb,"""δὲ τὸ ἅλας μωρανθῇ, ἐν τίνι <b>ἁλισθήσεται</b>; εἰς οὐδὲν ἰσχύει ἔτι, εἰ μὴ""",ἁλισθήσεται,BibleHub
ἔτι,(et'-ee),"still, yet",Ἔτι αὐτοῦ λαλοῦντος<br><br>ἔτι αὐτοῦ λαλοῦντος<br><br>μετὰ σοῦ ἔτι ἕνα ἢ, But while yet he was speaking<br><br> While yet he was speaking<br><br> with you more one or,Adverb,"""τίνι ἁλισθήσεται; εἰς οὐδὲν ἰσχύει <b>ἔτι</b>, εἰ μὴ βληθῆναι ἔξω καὶ""",ἔτι,BibleHub
ἔξω,(ex'-o),"outside, without",ὑμῶν ἐξερχόμενοι ἔξω τῆς οἰκίας<br><br>αὐτοῦ εἱστήκεισαν ἔξω ζητοῦντες αὐτῷ<br><br>ἀδελφοί σου ἔξω ἑστήκασιν ζητοῦντές, of you going forth away of [that] house<br><br> of him were standing outside seeking to him<br><br> brothers of you outside are standing seeking,Adverb,"""οὐδὲν ἰσχύει ἔτι, εἰ μὴ βληθῆναι <b>ἔξω</b> καὶ καταπατεῖσθαι ὑπὸ τῶν ἀνθρώπων""",ἔξω,BibleHub
καταπατέω,(kat-ap-at-eh'-o),to tread down,μή ποτε καταπατήσουσιν αὐτοὺς ἐν<br><br>ὁδόν καὶ κατεπατήθη καὶ τὰ<br><br>ὄχλου ὥστε καταπατεῖν ἀλλήλους ἤρξατο, not lest they should trample upon them with<br><br> road and it was trampled upon and the<br><br> crowd so as to trample upon one another he began,Verb,"""ἔτι, εἰ μὴ βληθῆναι ἔξω καὶ <b>καταπατεῖσθαι</b> ὑπὸ τῶν ἀνθρώπων. ὑμεῖς ἐστε""",καταπατεῖσθαι,BibleHub
κρύπτω,(kroop'-to),to hide,γῆς ὅτι ἔκρυψας ταῦτα ἀπὸ<br><br>μου ἐρεύξομαι κεκρυμμένα ἀπὸ καταβολῆς<br><br>οὐρανῶν θησαυρῷ κεκρυμμένῳ ἐν τῷ, earth that you did hide these things from<br><br> of me I will utter things hidden from [the] foundation of<br><br> heavens to treasure hidden in the,Verb,"""τοῦ κόσμου. οὐ δύναται πόλις <b>κρυβῆναι</b> ἐπάνω ὄρους κειμένη. οὐδὲ""",κρυβῆναι,BibleHub
ἐπάνω,(ep-an'-o),"above, more than",πόλις κρυβῆναι ἐπάνω ὄρους κειμένη<br><br>καὶ ἐπεκάθισεν ἐπάνω αὐτῶν <br><br>δώρῳ τῷ ἐπάνω αὐτοῦ ὀφείλει, A city to be hidden on a hill set<br><br> and he sat on them<br><br> gift that [is] upon it is bound by his oath,Adverb,"""κόσμου. οὐ δύναται πόλις κρυβῆναι <b>ἐπάνω</b> ὄρους κειμένη. οὐδὲ καίουσι""",ἐπάνω,BibleHub
λύχνος,(lookh'-nos),a (portable) lamp,Ὁ λύχνος τοῦ σώματός<br><br>ἔρχεται ὁ λύχνος ἵνα ὑπὸ<br><br>Οὐδεὶς δὲ λύχνον ἅψας καλύπτει, The lamp of the body<br><br> is brought a lamp so that under<br><br> no one moreover a lamp having lighted covers,"Noun, Masculine","""ὄρους κειμένη. οὐδὲ καίουσι <b>λύχνον</b> καὶ τιθέασιν αὐτὸν ὑπὸ τὸν μόδιον""",λύχνον,BibleHub
μόδιος,(mod'-ee-os),"modius, a dry measure of one peck",ὑπὸ τὸν μόδιον τεθῇ ἢ<br><br>ὑπὸ τὸν μόδιον ἀλλ' ἐπὶ, under the basket it might be put or<br><br> under the basket but upon,"Noun, Masculine","""λύχνον καὶ τιθέασιν αὐτὸν ὑπὸ τὸν <b>μόδιον</b>, ἀλλ ’ ἐπὶ τὴν λυχνίαν, καὶ""",μόδιον,BibleHub
λυχνία,(lookh-nee'-ah),a lampstand,ἐπὶ τὴν λυχνίαν τεθῇ <br><br>ἀλλ' ἐπὶ λυχνίας τίθησιν ἵνα<br><br>ἐπὶ τὴν λυχνίαν ἵνα οἱ, upon the lampstand it might be put<br><br> but on a lampstand puts [it] that<br><br> upon the lampstand that they who,"Noun, Feminine","""ὑπὸ τὸν μόδιον, ἀλλ ’ ἐπὶ τὴν <b>λυχνίαν</b>, καὶ λάμπει πᾶσι τοῖς ἐν τῇ""",λυχνίαν,BibleHub
λάμπω,(lam'-po),to shine,οὕτως λαμψάτω τὸ φῶς<br><br>αὐτῶν καὶ ἔλαμψεν τὸ πρόσωπον<br><br>ὑπ' οὐρανὸν λάμπει οὕτως ἔσται, Thus let shine the light<br><br> them and shone the face<br><br> under sky shines thus will be,Verb,"""ἀλλ ’ ἐπὶ τὴν λυχνίαν, καὶ <b>λάμπει</b> πᾶσι τοῖς ἐν τῇ οἰκίᾳ. οὕτω""",λάμπει,BibleHub
νομίζω,(nom-id'-zo),"to practice, consider",Μὴ νομίσητε ὅτι ἦλθον<br><br>οἱ πρῶτοι ἐνόμισαν ὅτι πλεῖον<br><br>νομίσαντες δὲ αὐτὸν, not Think that I came<br><br> the first they thought that more<br><br> having supposed moreover him,Verb,"""ὑμῶν τὸν ἐν τοῖς οὐρανοῖς. Μὴ <b>νομίσητε</b> ὅτι ἦλθον καταλῦσαι τὸν νόμον ἢ""",νομίσητε,BibleHub
νόμος,(nom'-os),"that which is assigned, usage, law",ἀπὸ τοῦ νόμου ἕως ἂν<br><br>ἐστιν ὁ νόμος καὶ οἱ<br><br>καὶ ὁ νόμος ἕως Ἰωάννου, from the law until anyhow<br><br> is the law and the<br><br> and the law until John,"Noun, Masculine","""νομίσητε ὅτι ἦλθον καταλῦσαι τὸν <b>νόμον</b> ἢ τοὺς προφήτας. οὐκ ἦλθον""",νόμον,BibleHub
ἰῶτα,(ee-o'-tah),iota,,,Indeclinable Letter (Noun),"""ἂν παρέλθῃ ὁ οὐρανὸς καὶ ἡ γῆ, <b>ἰῶτα</b> ἓν ἢ μία κεραία οὐ μὴ παρέλθῃ ἀπὸ""",ἰῶτα,BibleHub
κεραία,(ker-ah'-yah),a little horn,νόμου μίαν κεραίαν πεσεῖν , law one tittle to fail,"Noun, Feminine","""οὐρανὸς καὶ ἡ γῆ, ἰῶτα ἓν ἢ μία <b>κεραία</b> οὐ μὴ παρέλθῃ ἀπὸ τοῦ νόμου, ἕως""",κεραία,BibleHub
λύω,(loo'-o),"to loose, to release, to dissolve",ὃ ἐὰν λύσῃς ἐπὶ τῆς<br><br>γῆς ἔσται λελυμένον ἐν τοῖς<br><br>ὅσα ἐὰν λύσητε ἐπὶ τῆς, whatever if you might loose on the<br><br> earth will be loosed in the<br><br> how many if you shall loose on the,Verb,"""ἕως ἂν πάντα γένηται. ὃς ἐὰν οὖν <b>λύσῃ</b> μίαν τῶν ἐντολῶν τούτων τῶν""",λύσῃ,BibleHub
ἐλάχιστος,(el-akh'-is-tos),"least (in size, amount, dignity, etc.)",τούτων τῶν ἐλαχίστων καὶ διδάξῃ<br><br>τοὺς ἀνθρώπους ἐλάχιστος κληθήσεται ἐν<br><br>μου τῶν ἐλαχίστων ἐμοὶ ἐποιήσατε, of these the least and shall teach<br><br> the others least he will be called in<br><br> of me the least to me you did [it],Adjective,"""λύσῃ μίαν τῶν ἐντολῶν τούτων τῶν <b>ἐλαχίστων</b>, καὶ διδάξῃ οὕτω τοὺς ἀνθρώπους""",ἐλαχίστων,BibleHub
περισσεύω,(per-is-syoo'-o),"to be over and above, to abound",αὐτῷ καὶ περισσευθήσεται ὅστις δὲ<br><br>ἦραν τὸ περισσεῦον τῶν κλασμάτων<br><br>καὶ τὸ περισσεῦον τῶν κλασμάτων, to him and he will be in abundance whoever moreover<br><br> they took up that which was over and above of the fragments<br><br> and that which was over and above of the fragments,Verb,"""λέγω γὰρ ὑμῖν ὅτι ἐὰν μὴ <b>περισσεύσῃ</b> ἡ δικαιοσύνη ὑμῶν πλεῖον τῶν""",περισσεύσῃ,BibleHub
πλείων,(pli-own),"more excellent, very great, many ",ἡ ψυχὴ πλεῖόν ἐστιν τῆς<br><br>καὶ ἰδοὺ πλεῖον Ἰωνᾶ ὧδε<br><br>καὶ ἰδοὺ πλεῖον Σολομῶνος ὧδε, the life more is than the<br><br> and behold greater than Jonah here<br><br> and behold greater than Solomon here,Adjective,"""μὴ περισσεύσῃ ἡ δικαιοσύνη ὑμῶν <b>πλεῖον</b> τῶν γραμματέων καὶ Φαρισαίων, οὐ""",πλεῖον,BibleHub
γραμματεύς,(gram-mat-yooce'),"a writer, scribe",πλεῖον τῶν γραμματέων καὶ Φαρισαίων<br><br>ὡς οἱ γραμματεῖς αὐτῶν <br><br>προσελθὼν εἷς γραμματεὺς εἶπεν αὐτῷ, above [that] of the scribes and Pharisees<br><br> as the scribes of them<br><br> having come to [him] one scribe said to him,"Noun, Masculine","""ἡ δικαιοσύνη ὑμῶν πλεῖον τῶν <b>γραμματέων</b> καὶ Φαρισαίων, οὐ μὴ εἰσέλθητε""",γραμματέων,BibleHub
Φαρισαῖος,(far-is-ah'-yos),"a Pharisee, member of a Jewish religious sect",γραμματέων καὶ Φαρισαίων οὐ μὴ<br><br>ἰδόντες οἱ Φαρισαῖοι ἔλεγον τοῖς<br><br>καὶ οἱ Φαρισαῖοι νηστεύομεν πολλά, scribes and Pharisees no not<br><br> having seen [it] the Pharisees said to<br><br> and the Pharisees do fast often,"Noun, Masculine","""ὑμῶν πλεῖον τῶν γραμματέων καὶ <b>φαρισαίων</b>, οὐ μὴ εἰσέλθητε εἰς τὴν""",Φαρισαίων,BibleHub
ὀργίζω,(or-gid'-zo),to make angry,καὶ ὀργισθεὶς ὁ κύριος<br><br>δὲ βασιλεὺς ὠργίσθη καὶ πέμψας<br><br>ταῦτα τότε ὀργισθεὶς ὁ οἰκοδεσπότης, And having been angry the master<br><br> moreover [the] king was angry and having sent<br><br> these things Then having been angry the master of the house,Verb,"""ἐγὼ δὲ λέγω ὑμῖν ὅτι πᾶς ὁ <b>ὀργιζόμενος</b> τῷ ἀδελφῷ αὐτοῦ εἰκῆ ἔνοχος""",ὀργιζόμενος,BibleHub
εἰκῇ,(i-kay'),"without cause or reason, vainly",εἰ μὴ εἰκῇ ἐπιστεύσατε <br><br>τοσαῦτα ἐπάθετε εἰκῇ εἴ γε<br><br>γε καὶ εἰκῇ , if not in vain you believed<br><br> So many things did you suffer in vain if indeed<br><br> indeed also in vain,Adverb,"""πᾶς ὁ ὀργιζόμενος τῷ ἀδελφῷ αὐτοῦ <b>εἰκῆ</b> ἔνοχος ἔσται τῇ κρίσει. ὃς δ ’ ἂν""",εἰκῆ,BibleHub
ῥακά,(rhak-ah'),empty (an expression of contempt),,,Aramaic Transliterated Word (Indeclinable),"""ὃς δ ’ ἂν εἴπῃ τῷ ἀδελφῷ αὐτοῦ, <b>ῥακά</b>, ἔνοχος ἔσται τῷ συνεδρίῳ. ὃς δ""",Ῥακά,BibleHub
συνέδριον,(soon-ed'-ree-on),"a sitting together, a council, the Sanhedrin",ὑμᾶς εἰς συνέδρια καὶ ἐν<br><br>καὶ τὸ συνέδριον ὅλον ἐζήτουν<br><br>ὑμᾶς εἰς συνέδρια καὶ εἰς, you into courts and in<br><br> and the Council whole sought<br><br> you to courts and to,"Noun, Neuter","""αὐτοῦ, Ῥακά, ἔνοχος ἔσται τῷ <b>συνεδρίῳ</b>. ὃς δ ’ ἂν εἴπῃ, Μωρέ, ἔνοχος""",συνεδρίῳ,BibleHub
μωρός,(mo-ros'),"dull, stupid, foolish",ὁμοιωθήσεται ἀνδρὶ μωρῷ ὅστις ᾠκοδόμησεν<br><br>μωροὶ καὶ τυφλοί<br><br>αὐτῶν ἦσαν μωραὶ καὶ πέντε, he will be likened to a man foolish who built<br><br> fools and blind<br><br> them were foolish and five,Adjective,"""τῷ συνεδρίῳ. ὃς δ ’ ἂν εἴπῃ, <b>μωρέ</b>, ἔνοχος ἔσται εἰς τὴν γέενναν τοῦ""",Μωρέ,BibleHub
πῦρ,(poor),fire,ἁγίῳ καὶ πυρί <br><br>ἄχυρον κατακαύσει πυρὶ ἀσβέστῳ <br><br>γέενναν τοῦ πυρός , Holy and with fire<br><br> [the] chaff he will burn up with fire unquenchable<br><br> hell of fire,"Noun, Neuter","""ἔνοχος ἔσται εἰς τὴν γέενναν τοῦ <b>πυρός</b>. ἐὰν οὖν προσφέρῃς τὸ δῶρόν σου""",πυρός,BibleHub
προσφέρω,(pros-fer'-o),"to bring to, to offer",Συρίαν καὶ προσήνεγκαν αὐτῷ πάντας<br><br>ἐὰν οὖν προσφέρῃς τὸ δῶρόν<br><br>τότε ἐλθὼν πρόσφερε τὸ δῶρόν, Syria And they brought to him all<br><br> If therefore you shall offer the offering<br><br> then having come offer the gift,Verb,"""τὴν γέενναν τοῦ πυρός. ἐὰν οὖν <b>προσφέρῃς</b> τὸ δῶρόν σου ἐπὶ τὸ θυσιαστήριον""",προσφέρῃς,BibleHub
θυσιαστήριον,(thoo-see-as-tay'-ree-on),an altar,ἔμπροσθεν τοῦ θυσιαστηρίου καὶ ὕπαγε<br><br>ἐν τῷ θυσιαστηρίῳ οὐδέν ἐστιν<br><br>ἢ τὸ θυσιαστήριον τὸ ἁγιάζον, before the altar and go away<br><br> by the altar nothing it is<br><br> or the altar which sanctifies,"Noun, Neuter","""προσφέρῃς τὸ δῶρόν σου ἐπὶ τὸ <b>θυσιαστήριον</b>, κἀκεῖ μνησθῇς ὅτι ὁ ἀδελφός""",θυσιαστήριον,BibleHub
διαλλάσσομαι,(dee-al-las'-so),"change, exchange",,,Verb,"""καὶ ὕπαγε, πρῶτον <b>διαλλάγηθι</b> τῷ ἀδελφῷ σου, καὶ τότε ἐλθὼν""",διαλλάγηθι,BibleHub
εὐνοέω,(yoo-no-eh'-o),"to think kindly of, to be favorable",,,Verb,"""πρόσφερε τὸ δῶρόν σου. ἴσθι <b>εὐνοῶν</b> τῷ ἀντιδίκῳ σου ταχύ, ἕως ὅτου""",εὐνοῶν,BibleHub
ἀντίδικος,(an-tid'-ee-kos),"an opponent, adversary",παραδῷ ὁ ἀντίδικος τῷ κριτῇ<br><br>μετὰ τοῦ ἀντιδίκου σου ἐπ'<br><br>ἀπὸ τοῦ ἀντιδίκου μου , deliver the adversary to the judge<br><br> with the adversary of you before<br><br> of the adversary of me,"Noun, Masculine","""τὸ δῶρόν σου. ἴσθι εὐνοῶν τῷ <b>ἀντιδίκῳ</b> σου ταχύ, ἕως ὅτου εἶ ἐν τῇ ὁδῷ""",ἀντιδίκῳ,BibleHub
ταχύ,(takh-oo'),quickly,καὶ ταχὺ πορευθεῖσαι εἴπατε<br><br>καὶ ἀπελθοῦσαι ταχὺ ἀπὸ τοῦ<br><br>καὶ δυνήσεται ταχὺ κακολογῆσαί με, And quickly having gone say<br><br> And having gone out quickly from the<br><br> and be able readily to speak evil of me,Adverb,"""σου. ἴσθι εὐνοῶν τῷ ἀντιδίκῳ σου <b>ταχύ</b>, ἕως ὅτου εἶ ἐν τῇ ὁδῷ μετ ’""",ταχύ,BibleHub
ὅτου,(hot'-oo),while,συνέχομαι ἕως ὅτου τελεσθῇ <br><br>ἔτος ἕως ὅτου σκάψω περὶ<br><br>αὐτὸ ἕως ὅτου πληρωθῇ ἐν, I am distressed until while it be accomplished<br><br> year until when I shall dig about<br><br> thereof until when it be fulfilled in,Relative Pronoun,"""εὐνοῶν τῷ ἀντιδίκῳ σου ταχύ, ἕως <b>ὅτου</b> εἶ ἐν τῇ ὁδῷ μετ ’ αὐτοῦ, μήποτέ""",ὅτου,BibleHub
μήποτε,(may'-pot-eh),"never, lest ever",,,"Adverb, Negative","""ὅτου εἶ ἐν τῇ ὁδῷ μετ ’ αὐτοῦ, <b>μήποτέ</b> σε παραδῷ ὁ ἀντίδικος τῷ κριτῇ,""",μήποτέ,BibleHub
κριτής,(kree-tace'),a judge,καὶ ὁ κριτὴς τῷ ὑπηρέτῃ<br><br>τοῦτο αὐτοὶ κριταὶ ἔσονται ὑμῶν<br><br>αὐτοὶ ὑμῶν κριταὶ ἔσονται , and the judge to the officer<br><br> this they judges will be of you<br><br> they of you judges will be,"Noun, Masculine","""μήποτέ σε παραδῷ ὁ ἀντίδικος τῷ <b>κριτῇ</b>, καὶ ὁ κριτής σε παραδῷ τῷ""",κριτῇ,BibleHub
ὑπηρέτης,(hoop-ay-ret'-ace),"an underling, servant",μετὰ τῶν ὑπηρετῶν ἰδεῖν τὸ<br><br>μετὰ τῶν ὑπηρετῶν καὶ θερμαινόμενος<br><br>καὶ οἱ ὑπηρέται ῥαπίσμασιν αὐτὸν, with the guards to see the<br><br> with the officers and warming himself<br><br> and the officers with the palm him,"Noun, Masculine","""κριτῇ, καὶ ὁ κριτής σε παραδῷ τῷ <b>ὑπηρέτῃ</b>, καὶ εἰς φυλακὴν βληθήσῃ. ἀμὴν""",ὑπηρέτῃ,BibleHub
φυλακή,(foo-lak-ay'),"a guarding, guard, watch",καὶ ἐν φυλακῇ ἀπέθετο διὰ<br><br>ἐν τῇ φυλακῇ <br><br>Τετάρτῃ δὲ φυλακῇ τῆς νυκτὸς, and in prison put [him] on account of<br><br> in the prison<br><br> in fourth moreover watch of the night,"Noun, Feminine","""σε παραδῷ τῷ ὑπηρέτῃ, καὶ εἰς <b>φυλακὴν</b> βληθήσῃ. ἀμὴν λέγω σοι, οὐ μὴ""",φυλακὴν,BibleHub
ἤδη,(ay'-day),already,ἐπιθυμῆσαι αὐτὴν ἤδη ἐμοίχευσεν αὐτὴν<br><br>ἡ ὥρα ἤδη παρῆλθεν ἀπόλυσον<br><br>δὲ πλοῖον ἤδη σταδίους πολλοὺς, lust after her already has committed adultery with her<br><br> the time already is gone by dismiss<br><br> and [the] boat now distance long,Adverb,"""γυναῖκα πρὸς τὸ ἐπιθυμῆσαι αὐτῆς <b>ἤδη</b> ἐμοίχευσεν αὐτὴν ἐν τῇ καρδίᾳ αὐτοῦ""",ἤδη,BibleHub
ἐξαιρέω,(ex-ahee-reh'-o),"to take out, to deliver",σκανδαλίζει σε ἔξελε αὐτὸν καὶ<br><br>καὶ ἐξείλατο αὐτὸν ἐκ<br><br>καὶ κατέβην ἐξελέσθαι αὐτούς καὶ, cause to sin you pluck out it and<br><br> and delivered him out of<br><br> and came down to take out them and,Verb,"""σου ὁ δεξιὸς σκανδαλίζει σε, <b>ἔξελε</b> αὐτὸν καὶ βάλε ἀπὸ σοῦ. συμφέρει""",ἔξελε,BibleHub
ἐκκόπτω,(ek-kop'-to),"to cut off, cut down, cut out, to frustrate",σκανδαλίζει σε ἔκκοψον αὐτὴν καὶ<br><br>καρπὸν καλὸν ἐκκόπτεται καὶ εἰς<br><br>σκανδαλίζει σε ἔκκοψον αὐτὸν καὶ, cause to stumble you cut off it and<br><br> fruit good is cut down and into<br><br> cause to sin you cut off them and,Verb,"""ἡ δεξιά σου χεὶρ σκανδαλίζει σε, <b>ἔκκοψον</b> αὐτὴν καὶ βάλε ἀπὸ σοῦ. συμφέρει""",ἔκκοψον,BibleHub
ἄν,(an),"usually untranslatable, but generally denoting supposition, wish, possibility or uncertainty",ὑμῖν ἕως ἂν παρέλθῃ ὁ<br><br>νόμου ἕως ἂν πάντα γένηται<br><br>ὃς δ' ἂν ποιήσῃ καὶ, to you until anyhow shall pass away<br><br> law until anyhow all come to pass<br><br> whoever moreover anyhow shall practice and,"Particle, Disjunctive Particle","""τοῦ νόμου, ἕως ἂν πάντα γένηται. <b>ὃς</b> ἐὰν οὖν λύσῃ μίαν τῶν ἐντολῶν""",Ὃς,BibleHub
ἀποστάσιον,(ap-os-tas'-ee-on),"a forsaking, (bill of) divorce",δοῦναι βιβλίον ἀποστασίου καὶ ἀπολῦσαι<br><br>Μωυσῆς βιβλίον ἀποστασίου γράψαι καὶ, to give a bill of divorce and to divorce<br><br> Moses a bill of divorce to write and,"Noun, Neuter","""τὴν γυναῖκα αὐτοῦ, δότω αὐτῇ <b>ἀποστάσιον</b>. ἐγὼ δὲ λέγω ὑμῖν, ὅτι ὃς ἂν""",ἀποστάσιον,BibleHub
παρεκτός,(par-ek-tos'),"in addition, except",ἐγώ εἰμι παρεκτὸς τῶν δεσμῶν<br><br>χωρὶς τῶν παρεκτὸς ἡ ἐπίστασίς, I am except the chains<br><br> Besides the things external the pressure,Adverb,"""ἂν ἀπολύσῃ τὴν γυναῖκα αὐτοῦ, <b>παρεκτὸς</b> λόγου πορνείας, ποιεῖ αὐτὴν""",παρεκτὸς,BibleHub
πορνεία,(por-ni'-ah),fornication,φόνοι μοιχεῖαι πορνεῖαι κλοπαί ψευδομαρτυρίαι<br><br>μὴ ἐπὶ πορνείᾳ καὶ γαμήσῃ<br><br>κακοὶ ἐκπορεύονται πορνεῖαι κλοπαί φόνοι, murders adulteries sexual immorality thefts false witnessings<br><br> except for sexual immorality and shall marry<br><br> evil go forth sexual immorality thefts murders,"Noun, Feminine","""γυναῖκα αὐτοῦ, παρεκτὸς λόγου <b>πορνείας</b>, ποιεῖ αὐτὴν μοιχᾶσθαι. καὶ ὃς""",πορνείας,BibleHub
μοιχάομαι,(moy-khah'-o),to commit adultery with,γαμήσῃ ἄλλην μοιχᾶται καὶ ὁ<br><br>ἀπολελυμένην γαμήσας μοιχᾶται <br><br>γαμήσῃ ἄλλην μοιχᾶται ἐπ' αὐτήν, shall marry another commits adultery and he who<br><br> her [that is] put away marries commits adultery<br><br> should marry another commits adultery against her,Verb,"""λόγου πορνείας, ποιεῖ αὐτὴν <b>μοιχᾶσθαι</b>. καὶ ὃς ἐὰν ἀπολελυμένην γαμήσῃ""",μοιχᾶσθαι,BibleHub
ἀπολύω,(ap-ol-oo'-o),"to set free, release",Ὃς ἂν ἀπολύσῃ τὴν γυναῖκα<br><br>πᾶς ὁ ἀπολύων τὴν γυναῖκα<br><br>ὃς ἐὰν ἀπολελυμένην γαμήσῃ μοιχᾶται, whoever anyhow shall divorce the wife<br><br> everyone who shall divorce the wife<br><br> whoever if her who is divorced shall marry commits adultery,Verb,"""αὐτὴν μοιχᾶσθαι. καὶ ὃς ἐὰν <b>ἀπολελυμένην</b> γαμήσῃ μοιχᾶται. Πάλιν""",ἀπολελυμένην,BibleHub
γαμέω,(gam-eh'-o),to marry,πορνείᾳ καὶ γαμήσῃ ἄλλην μοιχᾶται<br><br>ὁ ἀπολελυμένην γαμήσας μοιχᾶται <br><br>οὐ συμφέρει γαμῆσαι , sexual immorality and shall marry another commits adultery<br><br> he who her [that is] put away marries commits adultery<br><br> not it is better to marry,Verb,"""καὶ ὃς ἐὰν ἀπολελυμένην <b>γαμήσῃ</b> μοιχᾶται. Πάλιν ἠκούσατε ὅτι""",γαμήσῃ,BibleHub
πάλιν,(pal'-in),"back (of place), again (of time), further",Πάλιν παραλαμβάνει αὐτὸν<br><br>Πάλιν ἠκούσατε ὅτι<br><br>Πάλιν ὁμοία ἐστὶν, Again takes him<br><br> Again you have heard that<br><br> Again like is,Adverb,"""ἐὰν ἀπολελυμένην γαμήσῃ μοιχᾶται. <b>πάλιν</b> ἠκούσατε ὅτι ἐρρέθη τοῖς ἀρχαίοις""",Πάλιν,BibleHub
οὐ,(oo),"not, no",αὐτῆς καὶ οὐκ ἤθελεν παρακληθῆναι<br><br>παρακληθῆναι ὅτι οὐκ εἰσίν <br><br>ἐστίν οὗ οὐκ εἰμὶ ἱκανὸς, of her and not would be comforted<br><br> be comforted because no more are they<br><br> is he of whom not I am fit,"Particle, Negative","""τὸν νόμον ἢ τοὺς προφήτας. <b>οὐκ</b> ἦλθον καταλῦσαι ἀλλὰ πληρῶσαι.""",Οὐκ,BibleHub
ἐν,(en),"in, on, at, by, with",τὸ γὰρ ἐν αὐτῇ γεννηθὲν<br><br>ἡ παρθένος ἐν γαστρὶ ἕξει<br><br>Ἰησοῦ γεννηθέντος ἐν Βηθλεὲμ τῆς, that which indeed in her having been conceived<br><br> the virgin in womb [child] will have<br><br> Jesus having been born in Bethlehem,Preposition,"""Οὐκ ἐπιορκήσεις, ἀποδώσεις δὲ τῷ <b>κυρίῳ</b> τοὺς ὅρκους σου. ἐγὼ δὲ λέγω ὑμῖν""",Κυρίῳ,BibleHub
ὅρκος,(hor'-kos),an oath,ὅθεν μεθ' ὅρκου ὡμολόγησεν αὐτῇ<br><br>διὰ τοὺς ὅρκους καὶ τοὺς<br><br>ἠρνήσατο μετὰ ὅρκου ὅτι Οὐκ, Whereupon with oath he promised to her<br><br> but on account of the oaths and those who<br><br> he denied with an oath not,"Noun, Masculine","""ἀποδώσεις δὲ τῷ Κυρίῳ τοὺς <b>ὅρκους</b> σου. ἐγὼ δὲ λέγω ὑμῖν μὴ ὀμόσαι""",ὅρκους,BibleHub
ὀμνύω,(om-noo'-o),"to swear, take an oath",κεφαλῇ σου ὀμόσῃς ὅτι οὐ<br><br>Ὃς ἂν ὀμόσῃ ἐν τῷ<br><br>δ' ἂν ὀμόσῃ ἐν τῷ, head of you shall you swear because not<br><br> whoever anyhow shall swear by the<br><br> however anyhow shall swear by the,Verb,"""ὅρκους σου. ἐγὼ δὲ λέγω ὑμῖν μὴ <b>ὀμόσαι</b> ὅλως. μήτε ἐν τῷ οὐρανῷ, ὅτι""",ὀμόσαι,BibleHub
θρόνος,(thron'-os),a throne,ἀνθρώπου ἐπὶ θρόνου δόξης αὐτοῦ<br><br>ἐπὶ δώδεκα θρόνους κρίνοντες τὰς<br><br>ἐν τῷ θρόνῳ τοῦ θεοῦ, of man upon [the] throne of glory of him<br><br> on twelve thrones judging the<br><br> by the throne of God,"Noun, Masculine","""ὅλως. μήτε ἐν τῷ οὐρανῷ, ὅτι <b>θρόνος</b> ἐστὶ τοῦ Θεοῦ. μήτε ἐν τῇ γῇ,""",θρόνος,BibleHub
ὑποπόδιον,(hoop-op-od'-ee-on),a footstool,ἐχθρούς σου ὑποπόδιον τῶν ποδῶν<br><br>ἐχθρούς σου ὑποπόδιον τῶν ποδῶν<br><br>δὲ γῆ ὑποπόδιον τῶν ποδῶν, enemies of you [as] a footstool of the feet<br><br> enemies of you a footstool of the feet<br><br> also [the] earth a footstool of the feet,"Noun, Neuter","""τοῦ Θεοῦ. μήτε ἐν τῇ γῇ, ὅτι <b>ὑποπόδιόν</b> ἐστι τῶν ποδῶν αὐτοῦ. μήτε εἰς""",ὑποπόδιόν,BibleHub
πούς,(pooce),a foot,ἐστιν τῶν ποδῶν αὐτοῦ μήτε<br><br>ἐν τοῖς ποσὶν αὐτῶν καὶ<br><br>κονιορτὸν τῶν ποδῶν ὑμῶν , it is [for] the feet of him nor<br><br> with the feet of them and<br><br> dust of the feet of you,"Noun, Masculine","""ἐν τῇ γῇ, ὅτι ὑποπόδιόν ἐστι τῶν <b>ποδῶν</b> αὐτοῦ. μήτε εἰς Ἱεροσόλυμα, ὅτι""",ποδῶν,BibleHub
Ἱεροσόλυμα,(hee-er-os-ol'-oo-mah),"Jerusalem, the capital of united Israel and Judah",καὶ πᾶσα Ἰεροσόλυμα μετ' αὐτοῦ<br><br>πρὸς αὐτὸν Ἰεροσόλυμα καὶ πᾶσα<br><br>Δεκαπόλεως καὶ Ἰεροσολύμων καὶ Ἰουδαίας, and all Jerusalem with him<br><br> to him Jerusalem and all<br><br> [the] Decapolis and Jerusalem and Judea,"Noun, Feminine; Noun, Neuter","""ἐστι τῶν ποδῶν αὐτοῦ. μήτε εἰς <b>ἱεροσόλυμα</b>, ὅτι πόλις ἐστὶ τοῦ μεγάλου""",Ἱεροσόλυμα,BibleHub
θρίξ,(threeks),hair,δύνασαι μίαν τρίχα λευκὴν ποιῆσαι<br><br>καὶ αἱ τρίχες τῆς κεφαλῆς<br><br>Ἰωάννης ἐνδεδυμένος τρίχας καμήλου καὶ, you are able one hair white to make<br><br> even the hairs of the head<br><br> John clothed in hair of a camel and,"Noun, Feminine","""σου ὀμόσῃς, ὅτι οὐ δύνασαι μίαν <b>τρίχα</b> λευκὴν ἢ μέλαιναν ποιῆσαι. ἔστω""",τρίχα,BibleHub
λευκός,(lyoo-kos'),"bright, white",αὐτοῦ ἐγένετο λευκὰ ὡς τὸ<br><br>ἔνδυμα αὐτοῦ λευκὸν ὡς χιών<br><br>ἐγένετο στίλβοντα λευκὰ λίαν οἷα, of him became white as the<br><br> clothing of him white as snow<br><br> became shining white exceedingly such as,Adjective,"""ὅτι οὐ δύνασαι μίαν τρίχα <b>λευκὴν</b> ἢ μέλαιναν ποιῆσαι. ἔστω δὲ ὁ""",λευκὴν,BibleHub
ὀφθαλμός,(of-thal-mos'),the eye,ὅτι ἐρρέθη Ὀφθαλμὸν ἀντὶ ὀφθαλμοῦ<br><br>Ὀφθαλμὸν ἀντὶ ὀφθαλμοῦ καὶ ὀδόντα<br><br>ἐστιν ὁ ὀφθαλμός ἐὰν οὖν, that it was said Eye for eye<br><br> Eye for eye and tooth<br><br> is the eye if therefore,"Noun, Masculine","""ἐστιν. Ἠκούσατε ὅτι ἐρρέθη, <b>ὀφθαλμὸν</b> ἀντὶ ὀφθαλμοῦ, καὶ ὀδόντα ἀντὶ""",Ὀφθαλμὸν,BibleHub
ὀδούς,(od-ooce),a tooth,ὀδόντα ἀντὶ ὀδόντος <br><br>βρυγμὸς τῶν ὀδόντων <br><br>βρυγμὸς τῶν ὀδόντων , tooth for tooth<br><br> gnashing of the teeth<br><br> gnashing of teeth,"Noun, Masculine","""Ὀφθαλμὸν ἀντὶ ὀφθαλμοῦ, καὶ <b>ὀδόντα</b> ἀντὶ ὀδόντος. ἐγὼ δὲ λέγω ὑμῖν""",ὀδόντα,BibleHub
ἀνθίστημι,(anth-is'-tay-mee),"to set against, withstand",οὐ δυνήσονται ἀντιστῆναι ἢ ἀντειπεῖν<br><br>οὐκ ἴσχυον ἀντιστῆναι τῇ σοφίᾳ<br><br>ἀνθίστατο δὲ αὐτοῖς, none will be able to resist nor to reply to<br><br> not they were able to resist the wisdom<br><br> opposed however them,Verb,"""ὀδόντος. ἐγὼ δὲ λέγω ὑμῖν μὴ <b>ἀντιστῆναι</b> τῷ πονηρῷ. ἀλλ ’ ὅστις σε""",ἀντιστῆναι,BibleHub
ῥαπίζω,(hrap-id'-zo),"to strike with a rod, to strike with the palm of the hand",οἱ δὲ ἐράπισαν , others moreover slapped [him],Verb,"""τῷ πονηρῷ. ἀλλ ’ ὅστις σε <b>ῥαπίσει</b> ἐπὶ τὴν δεξιάν σου σιαγόνα,""",ῥαπίσει,BibleHub
θέλω,"( eth-el'-o,)","to will, wish",καὶ οὐκ ἤθελεν παρακληθῆναι ὅτι<br><br>καὶ τῷ θέλοντί σοι κριθῆναι<br><br>καὶ τὸν θέλοντα ἀπὸ σοῦ, and not would be comforted because<br><br> and to him who would from you sue you<br><br> and him that wishes from you,Verb,"""αὐτῷ καὶ τὴν ἄλλην. καὶ τῷ <b>θέλοντί</b> σοι κριθῆναι καὶ τὸν χιτῶνά σου""",θέλοντί,BibleHub
αἰτέω,(ahee-teh'-o),"to ask, request",τοῦ ὑμᾶς αἰτῆσαι αὐτόν <br><br>Αἰτεῖτε καὶ δοθήσεται<br><br>γὰρ ὁ αἰτῶν λαμβάνει καὶ, you ask him<br><br> Ask and it will be given<br><br> indeed who asks receives and,Verb,"""ἕν, ὕπαγε μετ ’ αὐτοῦ δύο. τῷ <b>αἰτοῦντί</b> σε δίδου. καὶ τὸν θέλοντα ἀπὸ""",αἰτοῦντί,BibleHub
δανείζω,(dan-ide'-zo),"to lend, borrow",καὶ ἐὰν δανίσητε παρ' ὧν<br><br>ἁμαρτωλοὶ ἁμαρτωλοῖς δανίζουσιν ἵνα ἀπολάβωσιν<br><br>ἀγαθοποιεῖτε καὶ δανίζετε μηδὲν ἀπελπίζοντες, And if you lend [to those] from whom<br><br> sinners to sinners lend that they might receive<br><br> do good and lend nothing expecting in return,Verb,"""δίδου. καὶ τὸν θέλοντα ἀπὸ σοῦ <b>δανείσασθαι</b> μὴ ἀποστραφῇς. Ἠκούσατε ὅτι""",δανείσασθαι,BibleHub
ἀποστρέφω,(ap-os-tref'-o),"to turn away, turn back",ὁ Ἰησοῦς Ἀπόστρεψον τὴν μάχαιράν<br><br>τοῦτον ὡς ἀποστρέφοντα τὸν λαόν<br><br>ἐν τῷ ἀποστρέφειν ἕκαστον ἀπὸ, Jesus Return the sword<br><br> this as turning away the people<br><br> in turning each from,Verb,"""θέλοντα ἀπὸ σοῦ δανείσασθαι μὴ <b>ἀποστραφῇς</b>. Ἠκούσατε ὅτι ἐρρέθη,""",ἀποστραφῇς,BibleHub
ἀγαπάω,(ag-ap-ah'-o),to love,λέγω ὑμῖν ἀγαπᾶτε τοὺς ἐχθροὺς<br><br>ἐὰν γὰρ ἀγαπήσητε τοὺς ἀγαπῶντας<br><br>ἀγαπήσητε τοὺς ἀγαπῶντας ὑμᾶς τίνα, say to you Love enemies<br><br> if indeed you love those who love<br><br> you love those who love you what,Verb,"""Ἠκούσατε ὅτι ἐρρέθη, <b>ἀγαπήσεις</b> τὸν πλησίον σου, καὶ μισήσεις""",Ἀγαπήσεις,BibleHub
εὐλογέω,(yoo-log-eh'-o),"to speak well of, praise",τὸν οὐρανὸν εὐλόγησεν καὶ κλάσας<br><br>υἱῷ Δαυίδ Εὐλογημένος ὁ ἐρχόμενος<br><br>ἂν εἴπητε Εὐλογημένος ὁ ἐρχόμενος, heaven he blessed and having broken<br><br> Son of David blessed [is] he who comes<br><br> anyhow you say Blessed [is] he who comes,Verb,"""ἀγαπᾶτε τοὺς ἐχθροὺς ὑμῶν, <b>εὐλογεῖτε</b> τοὺς καταρωμένους ὑμᾶς, καλῶς""",εὐλογεῖτε,BibleHub
ἐπηρεάζω,(ep-ay-reh-ad'-zo),to revile,καταισχυνθῶσιν οἱ ἐπηρεάζοντες ὑμῶν τὴν, they might be ashamed who revile your,Verb,"""καὶ προσεύχεσθε ὑπὲρ τῶν <b>ἐπηρεαζόντων</b> ὑμᾶς, καὶ διωκόντων ὑμᾶς.""",ἐπηρεαζόντων,BibleHub
ἥλιος,(hay'-lee-os),the sun,ἡλίου δὲ ἀνατείλαντος<br><br>ὡς ὁ ἥλιος ἐν τῇ<br><br>ὡς ὁ ἥλιος τὰ δὲ, [the] sun moreover having risen<br><br> as the sun in the<br><br> as the sun and,"Noun, Masculine","""ὑμῶν τοῦ ἐν οὐρανοῖς, ὅτι τὸν <b>ἥλιον</b> αὐτοῦ ἀνατέλλει ἐπὶ πονηροὺς καὶ""",ἥλιον,BibleHub
ἀνατέλλω,(an-at-el'-lo),"to cause to rise, to rise",ἥλιον αὐτοῦ ἀνατέλλει ἐπὶ πονηροὺς<br><br>ἡλίου δὲ ἀνατείλαντος ἐκαυματίσθη καὶ<br><br>καὶ ὅτε ἀνέτειλεν ὁ ἥλιος, sun of him he causes to rise on evil<br><br> [the] sun moreover having risen they were scorched and<br><br> and after rose the sun,Verb,"""οὐρανοῖς, ὅτι τὸν ἥλιον αὐτοῦ <b>ἀνατέλλει</b> ἐπὶ πονηροὺς καὶ ἀγαθούς, καὶ""",ἀνατέλλει,BibleHub
βρέχω,(brekh'-o),"to send rain, to rain",δάκρυσιν ἤρξατο βρέχειν τοὺς πόδας<br><br>τοῖς δάκρυσιν ἔβρεξέν μου τοὺς<br><br>ἀπὸ Σοδόμων ἔβρεξεν πῦρ καὶ, tears she began to wet with the feet<br><br> with tears wet my<br><br> from Sodom it rained fire and,Verb,"""ἐπὶ πονηροὺς καὶ ἀγαθούς, καὶ <b>βρέχει</b> ἐπὶ δικαίους καὶ ἀδίκους. ἐὰν""",βρέχει,BibleHub
δίκαιος,(dik'-ah-yos),"correct, righteous, by implication innocent",βρέχει ἐπὶ δικαίους καὶ ἀδίκους<br><br>ἦλθον καλέσαι δικαίους ἀλλὰ ἁμαρτωλούς<br><br>ὁ δεχόμενος δίκαιον εἰς ὄνομα, sends rain on righteous and unrighteous<br><br> I came to call righteous [ones] but sinners<br><br> he that receives a righteous [man] in [the] name,Adjective,"""καὶ ἀγαθούς, καὶ βρέχει ἐπὶ <b>δικαίους</b> καὶ ἀδίκους. ἐὰν γὰρ ἀγαπήσητε""",δικαίους,BibleHub
ἄδικος,(ad'-ee-kos),"unjust, unrighteous",ἐν ἐλαχίστῳ ἄδικος καὶ ἐν<br><br>ἐν πολλῷ ἄδικός ἐστιν <br><br>ἐν τῷ ἀδίκῳ μαμωνᾷ πιστοὶ, with very little [is] unrighteous also in<br><br> in much unrighteous is<br><br> in the unrighteous money faithful,Adjective,"""καὶ βρέχει ἐπὶ δικαίους καὶ <b>ἀδίκους</b>. ἐὰν γὰρ ἀγαπήσητε τοὺς""",ἀδίκους,BibleHub
τίς,(tis),who? which? what?,μωρανθῇ ἐν τίνι ἁλισθήσεται εἰς<br><br>ἀγαπῶντας ὑμᾶς τίνα μισθὸν ἔχετε<br><br>ὑμῶν μόνον τί περισσὸν ποιεῖτε, become tasteless with what will it be salted for<br><br> love you what reward have you<br><br> of you only what extraordinary do you,Interrogative Pronoun,"""ἀγαπήσητε τοὺς ἀγαπῶντας ὑμᾶς, <b>τίνα</b> μισθὸν ἔχετε; οὐχὶ καὶ οἱ τελῶναι""",τίνα,BibleHub
συνείδησις,(soon-i'-day-sis),"consciousness, conscience",ἀσκῶ ἀπρόσκοπον συνείδησιν ἔχειν πρὸς<br><br>αὐτῶν τῆς συνειδήσεως καὶ μεταξὺ<br><br>μοι τῆς συνειδήσεώς μου ἐν, exercise without offense a conscience to have toward<br><br> their conscience and between<br><br> me the conscience of me in [the],"Noun, Feminine","""ὁ ἐν τοῖς οὐρανοῖς τέλειός ἐστι. <b>vi</b>. Προσέχετε τὴν ἐλεημοσύνην ὑμῶν μὴ""",VI,BibleHub
γε,(gheh),emphasizes the word to which it is joined,διά γε τὸ παρέχειν<br><br>Ἰσραήλ ἀλλά γε καὶ σὺν<br><br>καί γε ἐπὶ τοὺς, because yet causes<br><br> Israel but really also with<br><br> and even upon the,"Particle, Disjunctive Particle","""πρὸς τὸ θεαθῆναι αὐτοῖς. εἰ δὲ <b>μήγε</b>, μισθὸν οὐκ ἔχετε παρὰ τῷ πατρὶ""",μήγε,BibleHub
ἔμπροσθεν,(em'-pros-then),"before, in front of (in place or time)",δῶρόν σου ἔμπροσθεν τοῦ θυσιαστηρίου<br><br>μὴ ποιεῖν ἔμπροσθεν τῶν ἀνθρώπων<br><br>μὴ σαλπίσῃς ἔμπροσθέν σου ὥσπερ, gift of you before the altar<br><br> not to do before the men<br><br> not do sound a trumpet before you as,Adverb; Preposition,"""ποιῇς ἐλεημοσύνην, μὴ σαλπίσῃς <b>ἔμπροσθέν</b> σου, ὥσπερ οἱ ὑποκριταὶ""",ἔμπροσθέν,BibleHub
ταμεῖον,(tam-i'-on),an inner chamber,ἐν τοῖς ταμείοις μὴ πιστεύσητε<br><br>ἐν τοῖς ταμείοις κηρυχθήσεται ἐπὶ<br><br>οὐκ ἔστιν ταμεῖον οὐδὲ ἀποθήκη, [he is] in the inner rooms not believe [it]<br><br> in the chambers will be proclaimed upon<br><br> not there is storehouse nor barn,"Noun, Neuter","""ὅταν προσεύχῃ, εἴσελθε εἰς τὸ <b>ταμιεῖόν</b> σου, καὶ κλείσας τὴν θύραν σου""",ταμιεῖόν,BibleHub
κλείω,(kli'-o),to shut,ὑποκριταί ὅτι κλείετε τὴν βασιλείαν<br><br>γάμους καὶ ἐκλείσθη ἡ θύρα<br><br>Ἰσραήλ ὅτε ἐκλείσθη ὁ οὐρανὸς, hypocrites for you shut up the kingdom<br><br> wedding feast and was shut the door<br><br> Israel when was shut up the heaven,Verb,"""εἴσελθε εἰς τὸ ταμιεῖόν σου, καὶ <b>κλείσας</b> τὴν θύραν σου, πρόσευξαι τῷ""",κλείσας,BibleHub
ἐθνικός,(eth-nee-kos'),"national, foreign, a Gentile",ὥσπερ οἱ ἐθνικοί δοκοῦσιν γὰρ<br><br>ὥσπερ ὁ ἐθνικὸς καὶ ὁ<br><br>ἀπὸ τῶν ἐθνικῶν , as the pagans they think indeed<br><br> as the pagan and the<br><br> from the Gentiles,Adjective,"""δὲ μὴ βαττολογήσητε, ὥσπερ οἱ <b>ἐθνικοί</b>. δοκοῦσι γὰρ ὅτι ἐν τῇ πολυλογίᾳ""",ἐθνικοί,BibleHub
παρεισάγω,(par-ice-ag'-o),"to introduce, to bring in secretly",,,Verb,"""ὥσπερ οἱ ἐθνικοί. <b>δοκοῦσι</b> γὰρ ὅτι ἐν τῇ πολυλογίᾳ αὐτῶν""",δοκοῦσι,BibleHub
πατήρ,(pat-ayr'),a father,ἐν ἑαυτοῖς Πατέρα ἔχομεν τὸν<br><br>Ζεβεδαίου τοῦ πατρὸς αὐτῶν καταρτίζοντας<br><br>καὶ τὸν πατέρα αὐτῶν ἠκολούθησαν, within yourselves [For] father we have<br><br> Zebedee the father of them mending<br><br> and the father of them they followed,"Noun, Masculine","""οὕτως οὖν προσεύχεσθε ὑμεῖς. <b>πάτερ</b> ἡμῶν ὁ ἐν τοῖς οὐρανοῖς,""",Πάτερ,BibleHub
ἀλείφω,(al-i'-fo),anoint,ἐξέβαλλον καὶ ἤλειφον ἐλαίῳ πολλοὺς<br><br>ἵνα ἐλθοῦσαι ἀλείψωσιν αὐτόν <br><br>αὐτοῦ καὶ ἤλειφεν τῷ μύρῳ, they cast out and anointed with oil many<br><br> that having come they might anoint him<br><br> of him and was anointing [them] with the ointment,Verb,"""τὸν μισθὸν αὐτῶν. σὺ δὲ νηστεύων <b>ἄλειψαί</b> σου τὴν κεφαλήν, καὶ τὸ πρόσωπόν""",ἄλειψαί,BibleHub
φωτεινός,(fo-ti-nos'),"bright, light",ἰδοὺ νεφέλη φωτεινὴ ἐπεσκίασεν αὐτούς<br><br>σῶμά σου φωτεινόν ἐστιν ἐπὰν<br><br>σου ὅλον φωτεινόν μὴ ἔχον, behold a cloud bright overshadowed them<br><br> body of you light is when<br><br> of you full [is] of light not having,Adjective,"""σου ἁπλοῦς ᾖ, ὅλον τὸ σῶμά σου <b>φωτεινὸν</b> ἔσται. ἐὰν δὲ ὁ ὀφθαλμός σου""",φωτεινὸν,BibleHub
εὐχαριστέω,(yoo-khar-is-teh'-o),to be thankful,ποτήριον καὶ εὐχαριστήσας ἔδωκεν αὐτοῖς<br><br>ἑπτὰ ἄρτους εὐχαριστήσας ἔκλασεν καὶ<br><br>λαβὼν ποτήριον εὐχαριστήσας ἔδωκεν αὐτοῖς, a cup and having given thanks he gave [it] to them<br><br> seven loaves having given thanks he broke and<br><br> having taken the cup having given thanks he gave to them,Verb,"""ἑτέρου καταφρονήσει. οὐ δύνασθε <b>θεῷ</b> δουλεύειν καὶ μαμμωνᾷ. διὰ τοῦτο""",Θεῷ,BibleHub
πετεινόν,(pet-i-non'),winged,καὶ τὰ πετεινὰ τοῦ οὐρανοῦ<br><br>ἐλθόντα τὰ πετεινὰ κατέφαγεν αὐτά<br><br>ἐλθεῖν τὰ πετεινὰ τοῦ οὐρανοῦ, and the birds of the air<br><br> having come the birds [and] devoured them<br><br> come the birds of the air,"Noun, Neuter","""τοῦ ἐνδύματος; ἐμβλέψατε εἰς τὰ <b>πετεινὰ</b> τοῦ οὐρανοῦ, ὅτι οὐ σπείρουσιν""",πετεινὰ,BibleHub
ἀποθήκη,(ap-oth-ay'-kay),"a place for putting away, a storehouse",συνάγουσιν εἰς ἀποθήκας καὶ ὁ<br><br>εἰς τὴν ἀποθήκην μου <br><br>εἰς τὴν ἀποθήκην αὐτοῦ τὸ, do they gather into barns and the<br><br> into the barn of me<br><br> into the barn of him,"Noun, Feminine","""θερίζουσιν, οὐδὲ συνάγουσιν εἰς <b>ἀποθήκας</b>, καὶ ὁ πατὴρ ὑμῶν ὁ οὐράνιος""",ἀποθήκας,BibleHub
αὐξάνω,(owx-an'-o),"to make to grow, to grow",ὅταν δὲ αὐξηθῇ μεῖζον τῶν<br><br>ἀναβαίνοντα καὶ αὐξανόμενα καὶ ἔφερεν<br><br>δὲ παιδίον ηὔξανεν καὶ ἐκραταιοῦτο, when however it be grown greater than the<br><br> growing up and increasing and bore<br><br> and [the] child grew and was strengthened,Verb,"""τὰ κρίνα τοῦ ἀγροῦ, πῶς <b>αὐξάνει</b>. οὐ κοπιᾷ, οὐδὲ νήθει. λέγω δὲ""",αὐξάνει,BibleHub
νήθω,(nay'-tho),to spin,κοπιᾷ οὐδὲ νήθει λέγω δὲ, labor nor do they spin I say moreover,Verb,"""πῶς αὐξάνει. οὐ κοπιᾷ, οὐδὲ <b>νήθει</b>. λέγω δὲ ὑμῖν ὅτι οὐδὲ Σολομὼν ἐν""",νήθει,BibleHub
Σολομών,(sol-om-one'),"Solomon, a son of David and king of Isr",Σολομὼν δὲ ἐγέννησεν<br><br>ὅτι οὐδὲ Σολομὼν ἐν πάσῃ<br><br>τὴν σοφίαν Σολομῶνος καὶ ἰδοὺ, Solomon moreover was father of<br><br> that not even Solomon in all<br><br> the wisdom of Solomon and behold,"Noun, Masculine","""νήθει. λέγω δὲ ὑμῖν ὅτι οὐδὲ <b>σολομὼν</b> ἐν πάσῃ τῇ δόξῃ αὐτοῦ περιεβάλετο""",Σολομὼν,BibleHub
θεός,(theh'-os),"God, a god",δύναται ὁ θεὸς ἐκ τῶν<br><br>πνεῦμα τοῦ θεοῦ καταβαῖνον ὡσεὶ<br><br>εἶ τοῦ θεοῦ εἰπὲ ἵνα, able is God from the<br><br> Spirit of God descending as<br><br> you are of God speak that,"Noun, Feminine; Noun, Masculine","""αὔριον εἰς κλίβανον βαλλόμενον, ὁ <b>θεὸς</b> οὕτως ἀμφιέννυσιν, οὐ πολλῷ""",Θεὸς,BibleHub
χρῄζω,(khrade'-zo),"to need, have need of",αὐτῷ ὅσων χρῄζει <br><br>οἶδεν ὅτι χρῄζετε τούτων <br><br>ἂν ὑμῶν χρῄζῃ πράγματι καὶ, him as much as he needs<br><br> knows that you have need of these things<br><br> anyhow of you she might need matter also,Verb,"""γὰρ ὁ πατὴρ ὑμῶν ὁ οὐράνιος ὅτι <b>χρῄζετε</b> τούτων ἁπάντων. ζητεῖτε δὲ""",χρῄζετε,BibleHub
ἀρκετός,(ar-ket-os'),sufficient,ἀρκετὸν τῷ μαθητῇ<br><br>ἀρκετὸς γὰρ ὁ, Sufficient for the disciple<br><br> sufficient indeed the,Adjective,"""γὰρ αὔριον μεριμνήσει τὰ ἑαυτῆς. <b>ἀρκετὸν</b> τῇ ἡμέρᾳ ἡ κακία αὐτῆς. VII. Μὴ""",ἀρκετὸν,BibleHub
ἀκολουθέω,(ak-ol-oo-theh'-o),to follow,πατέρα αὐτῶν ἠκολούθησαν αὐτῷ <br><br>καὶ ἠκολούθησαν αὐτῷ ὄχλοι<br><br>τοῦ ὄρους ἠκολούθησαν αὐτῷ ὄχλοι, father of them they followed him<br><br> And followed him crowds<br><br> the mountain followed him crowds,Verb,"""ἀρκετὸν τῇ ἡμέρᾳ ἡ κακία αὐτῆς. <b>vii</b>. Μὴ κρίνετε, ἵνα μὴ κριθῆτε. ἐν""",VII,BibleHub
μέτρον,(met'-ron),a measure,πληρώσατε τὸ μέτρον τῶν πατέρων<br><br>ἐν ᾧ μέτρῳ μετρεῖτε μετρηθήσεται<br><br>δοθήσεται ὑμῖν μέτρον καλὸν πεπιεσμένον, fill you up the measure of the fathers<br><br> with what measure you measure it will be measured<br><br> it will be given to you measure good pressed down,"Noun, Neuter","""κρίνετε, κριθήσεσθε. καὶ ἐν ᾧ <b>μέτρῳ</b> μετρεῖτε, ἀντιμετρηθήσεται ὑμῖν.""",μέτρῳ,BibleHub
μετρέω,(met-reh'-o),"to measure, measure out",μέτρῳ μετρεῖτε μετρηθήσεται ὑμῖν <br><br>ᾧ μέτρῳ μετρεῖτε μετρηθήσεται ὑμῖν<br><br>μέτρῳ μετρεῖτε μετρηθήσεται ὑμῖν καὶ, measure you measure it will be measured again to you<br><br> what measure you measure it will be measured to you<br><br> measure you measure it will be measured to you and,Verb,"""κριθήσεσθε. καὶ ἐν ᾧ μέτρῳ <b>μετρεῖτε</b>, ἀντιμετρηθήσεται ὑμῖν. τί δὲ""",μετρεῖτε,BibleHub
ἀντιμετρέω,(an-tee-met-reh'-o),to measure in return,,,Verb,"""καὶ ἐν ᾧ μέτρῳ μετρεῖτε, <b>ἀντιμετρηθήσεται</b> ὑμῖν. τί δὲ βλέπεις τὸ""",ἀντιμετρηθήσεται,BibleHub
κατανοέω,(kat-an-o-eh'-o),"to take note of, perceive",ὀφθαλμῷ οὐ κατανοεῖς <br><br>κατανοήσατε τοὺς κόρακας<br><br>κατανοήσατε τὰ κρίνα, eye not notice<br><br> Consider the ravens<br><br> Consider the lilies,Verb,"""τὴν δὲ ἐν τῷ σῷ ὀφθαλμῷ δοκὸν οὐ <b>κατανοεῖς</b>; ἢ πῶς ἐρεῖς τῷ ἀδελφῷ σου,""",κατανοεῖς,BibleHub
ἐρεῶ,(er-eh'-o),"call, say, speak of, tell",πληρωθῇ τὸ ῥηθὲν ὑπὸ Κυρίου<br><br>ἐπληρώθη τὸ ῥηθὲν διὰ Ἰερεμίου<br><br>πληρωθῇ τὸ ῥηθὲν διὰ τῶν, might be fulfilled that having been spoken by Lord<br><br> was fulfilled that having been spoken by Jeremiah<br><br> should be fulfilled that having been spoken through the,Verb,"""ὀφθαλμῷ δοκὸν οὐ κατανοεῖς; ἢ πῶς <b>ἐρεῖς</b> τῷ ἀδελφῷ σου, Ἄφες ἐκβάλω τὸ""",ἐρεῖς,BibleHub
ἀφίημι,(af-ee'-ay-mee),"to send away, leave alone, permit",δικαιοσύνην τότε ἀφίησιν αὐτόν <br><br>Τότε ἀφίησιν αὐτὸν ὁ<br><br>δὲ εὐθέως ἀφέντες τὰ δίκτυα, righteousness Then he permits him<br><br> Then leaves him the<br><br> moreover immediately having left the nets,Verb,"""ὁ ἀδελφός σου ἔχει τι κατὰ σοῦ, <b>ἄφες</b> ἐκεῖ τὸ δῶρόν σου ἔμπροσθεν τοῦ""",Ἄφες,BibleHub
δοκός,(dok-os'),a beam of timber,ἰδοὺ ἡ δοκὸς ἐν τῷ<br><br>σοῦ τὴν δοκόν καὶ τότε<br><br>τὴν δὲ δοκὸν τὴν ἐν, behold the beam [is] in the<br><br> of you the beam and then<br><br> and [the] beam that [is] in,"Noun, Feminine","""τοῦ ὀφθαλμοῦ σου. καὶ ἰδού, ἡ <b>δοκὸς</b> ἐν τῷ ὀφθαλμῷ σοῦ; ὑποκριτά,""",δοκὸς,BibleHub
διαβλέπω,(dee-ab-lep'-o),"to look through, to see clearly",αὐτοῦ καὶ διέβλεψεν καὶ ἀπεκατέστη<br><br>καὶ τότε διαβλέψεις τὸ κάρφος, of him and he opened his eyes and he was restored<br><br> and then you will see clearly the speck,Verb,"""ἐκ τοῦ ὀφθαλμοῦ σοῦ, καὶ τότε <b>διαβλέψεις</b> ἐκβαλεῖν τὸ κάρφος ἐκ τοῦ""",διαβλέψεις,BibleHub
κύων,(koo'-ohn),a dog,καὶ οἱ κύνες ἐρχόμενοι ἐπέλειχον<br><br>Βλέπετε τοὺς κύνας βλέπετε τοὺς<br><br>ἀληθοῦς παροιμίας Κύων ἐπιστρέψας ἐπὶ, even the dogs coming licked<br><br> beware of the dogs beware of the<br><br> true proverb [The] dog having returned to,"Noun, Masculine","""σου. Μὴ δῶτε τὸ ἅγιον τοῖς <b>κυσί</b>. μηδὲ βάλητε τοὺς μαργαρίτας ὑμῶν""",κυσί,BibleHub
μαργαρίτης,(mar-gar-ee'-tace),a pearl,ζητοῦντι καλοὺς μαργαρίτας <br><br>ἕνα πολύτιμον μαργαρίτην ἀπελθὼν πέπρακεν<br><br>χρυσίῳ ἢ μαργαρίταις ἢ ἱματισμῷ, seeking beautiful pearls<br><br> one very precious pearl having gone away he has sold<br><br> gold or pearls or clothing,"Noun, Masculine","""τοῖς κυσί. μηδὲ βάλητε τοὺς <b>μαργαρίτας</b> ὑμῶν ἔμπροσθεν τῶν χοίρων,""",μαργαρίτας,BibleHub
χοῖρος,(khoy'-ros),a swine,αὐτῶν ἀγέλη χοίρων πολλῶν βοσκομένη<br><br>ἀγέλην τῶν χοίρων <br><br>εἰς τοὺς χοίρους καὶ ἰδοὺ, them a herd of pigs many feeding<br><br> herd of the pigs<br><br> into the pigs and behold,"Noun, Masculine","""μαργαρίτας ὑμῶν ἔμπροσθεν τῶν <b>χοίρων</b>, μήποτε καταπατήσωσιν αὐτοὺς ἐν""",χοίρων,BibleHub
στρέφω,(stref'-o),"to turn, to change",αὐτῶν καὶ στραφέντες ῥήξωσιν ὑμᾶς<br><br>δὲ Ἰησοῦς στραφεὶς καὶ ἰδὼν<br><br>ὁ δὲ στραφεὶς εἶπεν τῷ, of them and having turned they tear to pieces you<br><br> moreover Jesus having turned and having seen<br><br> moreover having turned he said,Verb,"""ἐν τοῖς ποσὶν αὐτῶν, καὶ <b>στραφέντες</b> ῥήξωσιν ὑμᾶς. Αἰτεῖτε, καὶ""",στραφέντες,BibleHub
ῥήγνυμι,(hrayg'-noo-mee),"to break apart,  to throw down",δὲ μή¦γε ῥήγνυνται οἱ ἀσκοί<br><br>δὲ μή ῥήξει ὁ οἶνος<br><br>αὐτὸν καταλάβῃ ῥήσσει αὐτόν καὶ, moreover lest are burst the wineskins<br><br> moreover not bursts the wine<br><br> him it seizes it throws down him and,Verb,"""τοῖς ποσὶν αὐτῶν, καὶ στραφέντες <b>ῥήξωσιν</b> ὑμᾶς. Αἰτεῖτε, καὶ δοθήσεται""",ῥήξωσιν,BibleHub
κρούω,(kroo'-o),to strike,καὶ τῷ κρούοντι ἀνοιγήσεται <br><br>καὶ εὑρήσετε κρούετε καὶ ἀνοιγήσεται<br><br>καὶ τῷ κρούοντι ἀνοιγήσεται , and to him that knocks it will be opened<br><br> and you will find knock and it will be opened<br><br> and to him that knocks it will be opened,Verb,"""ὑμῖν. ζητεῖτε, καὶ εὑρήσετε. <b>κρούετε</b>, καὶ ἀνοιγήσεται ὑμῖν. πᾶς γὰρ""",κρούετε,BibleHub
ἰχθύς,(ikh-thoos'),a fish,καὶ δύο ἰχθύας <br><br>τοὺς δύο ἰχθύας ἀναβλέψας εἰς<br><br>καὶ τοὺς ἰχθύας καὶ εὐχαριστήσας, and two fish<br><br> the two fish having looked up to<br><br> and the fish and having given thanks,"Noun, Masculine","""μὴ λίθον ἐπιδώσει αὐτῷ; καὶ ἐὰν <b>ἰχθὺν</b> αἰτήσῃ, μὴ ὄφιν ἐπιδώσει αὐτῷ;""",ἰχθὺν,BibleHub
ὄφις,(of'-is),a snake,ὡς οἱ ὄφεις καὶ ἀκέραιοι<br><br>ὄφεις γεννήματα ἐχιδνῶν<br><br>ταῖς χερσὶν ὄφεις ἀροῦσιν κἂν, as the serpents and innocent<br><br> [You] serpents offspring of vipers<br><br> their hands serpents they will take up and if,"Noun, Masculine","""αὐτῷ; καὶ ἐὰν ἰχθὺν αἰτήσῃ, μὴ <b>ὄφιν</b> ἐπιδώσει αὐτῷ; εἰ οὖν ὑμεῖς,""",ὄφιν,BibleHub
πονηρός,(pon-ay-ros'),"toilsome, bad",ἐκ τοῦ πονηροῦ ἐστίν <br><br>ἀντιστῆναι τῷ πονηρῷ ἀλλ' ὅστις<br><br>ἀνατέλλει ἐπὶ πονηροὺς καὶ ἀγαθοὺς, from evil comes<br><br> to resist the evil [person] but whoever<br><br> he causes to rise on evil and good,Adjective,"""ἐπιδώσει αὐτῷ; εἰ οὖν ὑμεῖς, <b>πονηροὶ</b> ὄντες, οἴδατε δόματα ἀγαθὰ""",πονηροὶ,BibleHub
εἰσέρχομαι,(ice-er'-khom-ahee),"to go in (to), enter",οὐ μὴ εἰσέλθητε εἰς τὴν<br><br>ὅταν προσεύχῃ εἴσελθε εἰς τὸ<br><br>Εἰσέλθατε διὰ τῆς, no not shall you enter into the<br><br> when you pray enter into the<br><br> Enter in through the,Verb,"""ἐστιν ὁ νόμος καὶ οἱ προφῆται. <b>εἰσέλθετε</b> διὰ τῆς στενῆς πύλης. ὅτι""",Εἰσέλθετε,BibleHub
στενός,(sten-os'),narrow,τί στενὴ ἡ πύλη<br><br>διὰ τῆς στενῆς θύρας ὅτι, for small [is] the gate<br><br> through the narrow door for,Adjective,"""οἱ προφῆται. Εἰσέλθετε διὰ τῆς <b>στενῆς</b> πύλης. ὅτι πλατεῖα ἡ πύλη, καὶ""",στενῆς,BibleHub
πύλη,(poo'-lay),a gate,πλατεῖα ἡ πύλη καὶ εὐρύχωρος<br><br>στενὴ ἡ πύλη καὶ τεθλιμμένη<br><br>ἐκκλησίαν καὶ πύλαι ᾅδου οὐ, wide the gate and broad<br><br> small [is] the gate and narrow<br><br> church and [the] gates of hades not,"Noun, Feminine","""Εἰσέλθετε διὰ τῆς στενῆς <b>πύλης</b>. ὅτι πλατεῖα ἡ πύλη, καὶ""",πύλης,BibleHub
εὐρύχωρος,(yoo-roo'-kho-ros),spacious,,,Adjective,"""πύλης. ὅτι πλατεῖα ἡ πύλη, καὶ <b>εὐρύχωρος</b> ἡ ὁδὸς ἡ ἀπάγουσα εἰς τὴν""",εὐρύχωρος,BibleHub
ἀπώλεια,(ap-o'-li-a),"destruction, loss",τί ἡ ἀπώλεια αὕτη <br><br>τί ἡ ἀπώλεια αὕτη τοῦ<br><br>υἱὸς τῆς ἀπωλείας ἵνα ἡ, purpose the waste this<br><br> what the waste this of the<br><br> son of destruction that the,"Noun, Feminine","""ἡ ὁδὸς ἡ ἀπάγουσα εἰς τὴν <b>ἀπώλειαν</b>, καὶ πολλοί εἰσιν οἱ""",ἀπώλειαν,BibleHub
αἰτία,(ahee-tee'-a),"cause, reason",ἐστὶν ἡ αἰτία τοῦ ἀνθρώπου<br><br>αὐτοῦ τὴν αἰτίαν αὐτοῦ γεγραμμένην<br><br>ἐπιγραφὴ τῆς αἰτίας αὐτοῦ ἐπιγεγραμμένη, is the case of the man<br><br> of him the accusation of him written<br><br> inscription of the accusation against him read,"Noun, Feminine","""καὶ πολλοί εἰσιν οἱ εἰσερχόμενοι <b>δι</b> ’ αὐτῆς. ὅτι στενὴ ἡ πύλη, καὶ""",δι,BibleHub
θλίβω,(thlee'-bo),"to press, afflict",ἵνα μὴ θλίβωσιν αὐτόν <br><br>εἴτε δὲ θλιβόμεθα ὑπὲρ τῆς<br><br>ἐν παντὶ θλιβόμενοι ἀλλ' οὐ, that not they might press upon him<br><br> if moreover we are troubled [it is] for<br><br> in every [way] oppressed but not,Verb,"""αὐτῆς. ὅτι στενὴ ἡ πύλη, καὶ <b>τεθλιμμένη</b> ἡ ὁδὸς ἡ ἀπάγουσα εἰς τὴν ζωήν""",τεθλιμμένη,BibleHub
ὀλίγος,(ol-ee'-gos),"few, little, small",δὲ ἐργάται ὀλίγοι <br><br>Ἑπτά καὶ ὀλίγα ἰχθύδια <br><br>εἰσιν κλητοί ὀλίγοι δὲ ἐκλεκτοί, however workmen [are] few<br><br> Seven and a few small fish<br><br> are called few however chosen,Adjective; Adverb,"""ἡ ἀπάγουσα εἰς τὴν ζωήν, καὶ <b>ὀλίγοι</b> εἰσὶν οἱ εὑρίσκοντες αὐτήν.""",ὀλίγοι,BibleHub
ψευδοπροφήτης,(psyoo-dop-rof-ay'-tace),a false prophet,καὶ πολλοὶ ψευδοπροφῆται ἐγερθήσονται καὶ<br><br>ψευδόχριστοι καὶ ψευδοπροφῆται καὶ δώσουσιν<br><br>ψευδόχριστοι καὶ ψευδοπροφῆται καὶ δώσουσιν, and many false prophets will arise and<br><br> false Christs and false prophets and will give<br><br> false Christs and false prophets and will give,"Noun, Masculine","""αὐτήν. Προσέχετε δὲ ἀπὸ τῶν <b>ψευδοπροφητῶν</b>, οἵτινες ἔρχονται πρὸς ὑμᾶς""",ψευδοπροφητῶν,BibleHub
ὅστις,(hos'-tis),"whoever, anyone who",πονηρῷ ἀλλ' ὅστις σε ῥαπίζει<br><br>καὶ ὅστις σε ἀγγαρεύσει<br><br>τῶν ψευδοπροφητῶν οἵτινες ἔρχονται πρὸς, evil [person] but whoever you shall strike<br><br> and whoever you will compel to go<br><br> the false prophets who come to,Relative Pronoun,"""δὲ ἀπὸ τῶν ψευδοπροφητῶν, <b>οἵτινες</b> ἔρχονται πρὸς ὑμᾶς ἐν ἐνδύμασι""",οἵτινες,BibleHub
πρόβατον,(prob'-at-on),a little sheep,ἐρριμμένοι ὡσεὶ πρόβατα μὴ ἔχοντα<br><br>πρὸς τὰ πρόβατα τὰ ἀπολωλότα<br><br>ὑμᾶς ὡς πρόβατα ἐν μέσῳ, cast away as sheep not having<br><br> to the sheep lost<br><br> you as sheep in [the] midst,"Noun, Neuter","""ἔρχονται πρὸς ὑμᾶς ἐν ἐνδύμασι <b>προβάτων</b>, ἔσωθεν δέ εἰσι λύκοι ἅρπαγες.""",προβάτων,BibleHub
ἔσωθεν,(es'-o-then),from within,τῆς παροψίδος ἔσωθεν δὲ γέμουσιν<br><br>φαίνονται ὡραῖοι ἔσωθεν δὲ γέμουσιν<br><br>ἀνθρώποις δίκαιοι ἔσωθεν δέ ἐστε, of the dish inside however they are full<br><br> appear beautiful inside however they are full<br><br> to men righteous inwardly however you are,Adverb,"""πρὸς ὑμᾶς ἐν ἐνδύμασι προβάτων, <b>ἔσωθεν</b> δέ εἰσι λύκοι ἅρπαγες. ἀπὸ τῶν""",ἔσωθεν,BibleHub
λύκος,(loo'-kos),a wolf,ἐν μέσῳ λύκων γίνεσθε οὖν<br><br>ἐν μέσῳ λύκων <br><br>θεωρεῖ τὸν λύκον ἐρχόμενον καὶ, in [the] midst of wolves be you therefore<br><br> in [the] midst of wolves<br><br> sees the wolf coming and,"Noun, Masculine","""ἐνδύμασι προβάτων, ἔσωθεν δέ εἰσι <b>λύκοι</b> ἅρπαγες. ἀπὸ τῶν καρπῶν αὐτῶν""",λύκοι,BibleHub
μήτι,(may'-tee),can this be? (interrogative particle expecting a negative answer),καὶ ἔλεγον Μήτι οὗτός ἐστιν<br><br>εἷς ἕκαστος Μήτι ἐγώ εἰμι<br><br>αὐτὸν εἶπεν Μήτι ἐγώ εἰμι, and said not This is<br><br> one each not I Is it<br><br> him said not I is it,"Particle, Interrogative","""καρπῶν αὐτῶν ἐπιγνώσεσθε αὐτούς. <b>μήτι</b> συλλέγουσιν ἀπὸ ἀκανθῶν σταφυλήν,""",μήτι,BibleHub
συλλέγω,(sool-leg'-o),to collect,οὖν ἀπελθόντες συλλέξωμεν αὐτά <br><br>μή ποτε συλλέγοντες τὰ ζιζάνια<br><br>τοῖς θερισταῖς Συλλέξατε πρῶτον τὰ, then [that] having gone forth we should gather them<br><br> not lest gathering the weeds<br><br> to the harvesters Gather first the,Verb,"""αὐτῶν ἐπιγνώσεσθε αὐτούς. μήτι <b>συλλέγουσιν</b> ἀπὸ ἀκανθῶν σταφυλήν, ἢ ἀπὸ""",συλλέγουσιν,BibleHub
ἄκανθα,(ak'-an-thah),"a prickly plant, thorn",ἐπὶ τὰς ἀκάνθας καὶ ἀνέβησαν<br><br>ἀνέβησαν αἱ ἄκανθαι καὶ ἔπνιξαν<br><br>εἰς τὰς ἀκάνθας σπαρείς οὗτός, upon the thorns and grew up<br><br> grew up the thorns and choked<br><br> among the thorns having been sown this,"Noun, Feminine","""αὐτούς. μήτι συλλέγουσιν ἀπὸ <b>ἀκανθῶν</b> σταφυλήν, ἢ ἀπὸ τριβόλων σῦκα;""",ἀκανθῶν,BibleHub
σταφυλή,(staf-oo-lay'),a bunch of grapes,ἐκ βάτου σταφυλὴν τρυγῶσιν <br><br>ἤκμασαν αἱ σταφυλαὶ αὐτῆς , from a bramble grapes gather they<br><br> are fully ripe the grapes of it,"Noun, Feminine","""μήτι συλλέγουσιν ἀπὸ ἀκανθῶν <b>σταφυλήν</b>, ἢ ἀπὸ τριβόλων σῦκα; οὕτω πᾶν""",σταφυλήν,BibleHub
τρίβολος,(trib'-ol-os),a thistle,ἀκάνθας καὶ τριβόλους ἀδόκιμος καὶ, thorns and thistles [is] rejected and,"Noun, Masculine","""ἀπὸ ἀκανθῶν σταφυλήν, ἢ ἀπὸ <b>τριβόλων</b> σῦκα; οὕτω πᾶν δένδρον ἀγαθὸν""",τριβόλων,BibleHub
σῦκον,(soo'-kon),a fig,οὐκ ἦν σύκων <br><br>ἀκανθῶν συλλέγουσιν σῦκα οὐδὲ ἐκ<br><br>ἢ ἄμπελος σῦκα οὔτε ἁλυκὸν, not it was of figs<br><br> thorns do they gather figs nor from<br><br> or a vine figs nor salt,"Noun, Neuter","""ἀκανθῶν σταφυλήν, ἢ ἀπὸ τριβόλων <b>σῦκα</b>; οὕτω πᾶν δένδρον ἀγαθὸν καρποὺς""",σῦκα,BibleHub
ἄρα,(ar'-ah),therefore (an illative particle),τὰ δαιμόνια ἄρα ἔφθασεν ἐφ'<br><br>ὁ Ἰησοῦς Ἄρα¦γε ἐλεύθεροί εἰσιν<br><br>τὰ δαιμόνια ἄρα ἔφθασεν ἐφ', the demons then has come upon<br><br> Jesus Then indeed free are<br><br> the demons then is come upon,"Particle, Disjunctive Particle","""ἐκκόπτεται καὶ εἰς πῦρ βάλλεται. <b>ἄραγε</b> ἀπὸ τῶν καρπῶν αὐτῶν ἐπιγνώσεσθε""",ἄραγε,BibleHub
θέλημα,(thel'-ay-mah),will,ποιῶν τὸ θέλημα τοῦ πατρός<br><br>ποιήσῃ τὸ θέλημα τοῦ πατρός<br><br>οὐκ ἔστιν θέλημα ἔμπροσθεν τοῦ, does the will the Father<br><br> shall do the will the Father<br><br> not it is [the] will of the,"Noun, Neuter","""τῶν οὐρανῶν. ἀλλ ’ ὁ ποιῶν τὸ <b>θέλημα</b> τοῦ πατρός μου τοῦ ἐν οὐρανοῖς.""",θέλημα,BibleHub
προφητεύω,(prof-ate-yoo'-o),"to foretell, tell forth, prophesy",ἕως Ἰωάννου ἐπροφήτευσαν <br><br>ὑποκριταί καλῶς ἐπροφήτευσεν περὶ ὑμῶν<br><br>λέγοντες Προφήτευσον ἡμῖν χριστέ, until John prophesied<br><br> Hypocrites rightly prophesied concerning you<br><br> saying Prophesy to us Christ,Verb,"""Κύριε, οὐ τῷ σῷ ὀνόματι <b>προεφητεύσαμεν</b>, καὶ τῷ σῷ ὀνόματι δαιμόνια""",προεφητεύσαμεν,BibleHub
δαιμόνιον,(dahee-mon'-ee-on),"an evil spirit, a demon",ἐκβληθέντος τοῦ δαιμονίου ἐλάλησεν ὁ<br><br>ἄρχοντι τῶν δαιμονίων ἐκβάλλει τὰ<br><br>ἐκβάλλει τὰ δαιμόνια , having been cast out the demon spoke the<br><br> prince of the demons he casts out the<br><br> he casts out the demons,"Noun, Neuter","""καὶ τῷ σῷ ὀνόματι <b>δαιμόνια</b> ἐξεβάλομεν, καὶ τῷ σῷ ὀνόματι""",δαιμόνια,BibleHub
οὐδέποτε,(oo-dep'-ot-eh),never,ὄχλοι λέγοντες Οὐδέποτε ἐφάνη οὕτως<br><br>αὐτοῖς Ναί οὐδέποτε ἀνέγνωτε ὅτι<br><br>ὁ Ἰησοῦς Οὐδέποτε ἀνέγνωτε ἐν, crowds saying Never was it seen thus<br><br> to them Yes never did you read<br><br> Jesus never Did you read in,"Adverb, Negative","""καὶ τότε ὁμολογήσω αὐτοῖς, ὅτι <b>οὐδέποτε</b> ἔγνων ὑμᾶς. ἀποχωρεῖτε ἀπ ’""",οὐδέποτε,BibleHub
ἀποχωρέω,(ap-okh-o-reh'-o),"to go away, depart",καὶ μόγις ἀποχωρεῖ ἀπ' αὐτοῦ<br><br>Ἰωάννης δὲ ἀποχωρήσας ἀπ' αὐτῶν, and with difficulty departs from him<br><br> John however having departed from them,Verb,"""ὅτι οὐδέποτε ἔγνων ὑμᾶς. <b>ἀποχωρεῖτε</b> ἀπ ’ ἐμοῦ οἱ ἐργαζόμενοι τὴν""",ἀποχωρεῖτε,BibleHub
ἀνομία,(an-om-ee'-ah),lawlessness,ποιοῦντας τὴν ἀνομίαν <br><br>ὑποκρίσεως καὶ ἀνομίας <br><br>πληθυνθῆναι τὴν ἀνομίαν ψυγήσεται ἡ, practice lawlessness<br><br> of hypocrisy and lawlessness<br><br> shall have been multiplied lawlessness will grow cold the,"Noun, Feminine","""ἀπ ’ ἐμοῦ οἱ ἐργαζόμενοι τὴν <b>ἀνομίαν</b>. πᾶς οὖν ὅστις ἀκούει μου τοὺς""",ἀνομίαν,BibleHub
φρόνιμος,(fron'-ee-mos),"practically wise, sensible",γίνεσθε οὖν φρόνιμοι ὡς οἱ<br><br>δοῦλος καὶ φρόνιμος ὃν κατέστησεν<br><br>καὶ πέντε φρόνιμοι , be you therefore wise as the<br><br> servant and wise whom has set<br><br> and five wise,Adjective,"""αὐτούς, ὁμοιώσω αὐτὸν ἀνδρὶ <b>φρονίμῳ</b>, ὅστις ᾠκοδόμησε τὴν οἰκίαν""",φρονίμῳ,BibleHub
προσπίπτω,(pros-pip'-to),"to fall upon, fall prostrate before",αὐτὸν ἐθεώρουν προσέπιπτον αὐτῷ καὶ<br><br>ἦλθεν καὶ προσέπεσεν αὐτῷ καὶ<br><br>ἀκάθαρτον ἐλθοῦσα προσέπεσεν πρὸς τοὺς, him they beheld fell down before him and<br><br> came and fell down before him and<br><br> unclean having come fell at the,Verb,"""καὶ ἔπνευσαν οἱ ἄνεμοι, καὶ <b>προσέπεσον</b> τῇ οἰκίᾳ ἐκείνῃ, καὶ οὐκ ἔπεσε""",προσέπεσον,BibleHub
θεμελιόω,(them-el-ee-o'-o),to lay the foundation of,ἐρριζωμένοι καὶ τεθεμελιωμένοι <br><br>τῇ πίστει τεθεμελιωμένοι καὶ ἑδραῖοι<br><br>τὴν γῆν ἐθεμελίωσας καὶ ἔργα, being rooted and founded<br><br> in the faith established and firm<br><br> the earth did found and works,Verb,"""οἰκίᾳ ἐκείνῃ, καὶ οὐκ ἔπεσε. <b>τεθεμελίωτο</b> γὰρ ἐπὶ τὴν πέτραν. καὶ πᾶς ὁ""",τεθεμελίωτο,BibleHub
προσκόπτω,(pros-kop'-to),"to strike against, to stumble",ἄνεμοι καὶ προσέκοψαν τῇ οἰκίᾳ<br><br>μή ποτε προσκόψῃς πρὸς λίθον<br><br>ἡμέρᾳ οὐ προσκόπτει ὅτι τὸ, winds and beat upon house<br><br> lest ever you strike against a stone<br><br> day not he stumbles because the,Verb,"""καὶ ἔπνευσαν οἱ ἄνεμοι, καὶ <b>προσέκοψαν</b> τῇ οἰκίᾳ ἐκείνῃ, καὶ ἔπεσε.""",προσέκοψαν,BibleHub
πτῶσις,(pto'-sis),a fall,κεῖται εἰς πτῶσιν καὶ ἀνάστασιν, is appointed for [the] fall and rising up,"Noun, Feminine","""ἐκείνῃ, καὶ ἔπεσε. καὶ ἦν ἡ <b>πτῶσις</b> αὐτῆς μεγάλη. Καὶ ἐγένετο ὅτε""",πτῶσις,BibleHub
συντελέω,(soon-tel-eh'-o),"to complete, accomplish",ἐκείναις καὶ συντελεσθεισῶν αὐτῶν ἐπείνασεν<br><br>Καὶ συντελέσας πάντα πειρασμὸν<br><br>ἑπτὰ ἡμέραι συντελεῖσθαι οἱ ἀπὸ, those and having ended they he hungered<br><br> And having finished every temptation<br><br> seven days to be completed the from,Verb,"""αὐτῆς μεγάλη. Καὶ ἐγένετο ὅτε <b>συνετέλεσεν</b> ὁ Ἰησοῦς τοὺς λόγους τούτους,""",συνετέλεσεν,BibleHub
ἐκπλήσσω,(ek-place'-so),"to strike out, to strike with panic, to amaze",αὐτῶν ὥστε ἐκπλήσσεσθαι αὐτοὺς καὶ<br><br>οἱ μαθηταὶ ἐξεπλήσσοντο σφόδρα λέγοντες<br><br>οἱ ὄχλοι ἐξεπλήσσοντο ἐπὶ τῇ, of them so that were astonished they and<br><br> the disciples were astonished exceedingly saying<br><br> the crowds were astonished at the,Verb,"""ὁ Ἰησοῦς τοὺς λόγους τούτους, <b>ἐξεπλήσσοντο</b> οἱ ὄχλοι ἐπὶ τῇ διδαχῇ αὐτοῦ.""",ἐξεπλήσσοντο,BibleHub
ἐξουσία,(ex-oo-see'-ah),"power to act, authority",εἰμι ὑπὸ ἐξουσίαν τασσόμενος ἔχων<br><br>εἰδῆτε ὅτι ἐξουσίαν ἔχει ὁ<br><br>τὸν δόντα ἐξουσίαν τοιαύτην τοῖς, am under authority I appoint having<br><br> you might know that authority has the<br><br> who having given authority such,"Noun, Feminine","""ἦν γὰρ διδάσκων αὐτοὺς ὡς <b>ἐξουσίαν</b> ἔχων, καὶ οὐχ ὡς οἱ γραμματεῖς""",ἐξουσίαν,BibleHub
υἱός,(hwee-os'),a son,υἱοῦ Δαυὶδ υἱοῦ Ἀβραάμ <br><br>λέγων Ἰωσὴφ υἱὸς Δαυίδ μὴ<br><br>τέξεται δὲ υἱὸν καὶ καλέσεις, son of David son of Abraham<br><br> saying Joseph son of David not<br><br> she will bear moreover a son and you will call,"Noun, Masculine","""οἱ εἰρηνοποιοί. ὅτι αὐτοὶ <b>υἱοὶ</b> Θεοῦ κληθήσονται. Μακάριοι οἱ""",υἱοὶ,BibleHub
ἕνεκεν,(hen'-ek-ah),"on account of, because of",ὑμῶν ψευδόμενοι ἕνεκεν ἐμοῦ <br><br>βασιλεῖς ἀχθήσεσθε ἕνεκεν ἐμοῦ εἰς<br><br>ψυχὴν αὐτοῦ ἕνεκεν ἐμοῦ εὑρήσει, you lying on account of me<br><br> kings you will be brought on account of me for<br><br> life of him on account of me will find,Preposition,"""Μακάριοι οἱ δεδιωγμένοι <b>ἕνεκεν</b> δικαιοσύνης. ὅτι αὐτῶν ἐστιν ἡ""",ἕνεκεν,BibleHub
ἅλας,(hal'-as),salt,δὲ τὸ ἅλας μωρανθῇ ἐν<br><br>Καλὸν τὸ ἅλας ἐὰν δὲ<br><br>δὲ τὸ ἅλας ἄναλον γένηται, however the salt become tasteless with<br><br> Good [is] the salt if however<br><br> however the salt unsalty is become,"Noun, Neuter","""τοὺς πρὸ ὑμῶν. Ὑμεῖς ἐστε τὸ <b>ἅλας</b> τῆς γῆς. ἐὰν δὲ τὸ <b>ἅλας</b> μωρανθῇ,""",ἅλας,BibleHub
βασιλεία,(bas-il-i'-ah),"kingdom, sovereignty, royal power",πάσας τὰς βασιλείας τοῦ κόσμου<br><br>γὰρ ἡ βασιλεία τῶν οὐρανῶν<br><br>εὐαγγέλιον τῆς βασιλείας καὶ θεραπεύων, all the kingdoms of the world<br><br> indeed the kingdom of the heavens<br><br> gospel of the kingdom and healing,"Noun, Feminine","""ἐλάχιστος κληθήσεται ἐν τῇ <b>βασιλείᾳ</b> τῶν οὐρανῶν. ὃς δ ’ ἂν ποιήσῃ""",βασιλείᾳ,BibleHub
κρίσις,(kree'-sis),"a decision, judgment",ἔσται τῇ κρίσει ὃς δ'<br><br>ἐν ἡμέρᾳ κρίσεως ἢ τῇ<br><br>ἐν ἡμέρᾳ κρίσεως ἢ ὑμῖν, will be to the judgment whoever moreover<br><br> on day of judgment than the<br><br> in day of judgment than for you,"Noun, Feminine","""δ ’ ἂν φονεύσῃ, ἔνοχος ἔσται τῇ <b>κρίσει</b>. ἐγὼ δὲ λέγω ὑμῖν ὅτι πᾶς ὁ""",κρίσει,BibleHub
σκανδαλίζω,(skan-dal-id'-zo),"to put a snare (in the way), to cause to stumble, to give offense",σου χεὶρ σκανδαλίζει σε ἔκκοψον<br><br>ἐὰν μὴ σκανδαλισθῇ ἐν ἐμοί<br><br>λόγον εὐθὺς σκανδαλίζεται , of you hand cause to stumble you cut off<br><br> if not shall fall away in me<br><br> word immediately he falls away,Verb,"""εἰ δὲ ὁ ὀφθαλμός σου ὁ δεξιὸς <b>σκανδαλίζει</b> σε, ἔξελε αὐτὸν καὶ βάλε ἀπὸ""",σκανδαλίζει,BibleHub
συμφέρω,(soom-fer'-o),"to bring together, to be profitable",ἀπὸ σοῦ συμφέρει γάρ σοι<br><br>εἰς ἐμέ συμφέρει αὐτῷ ἵνα<br><br>γυναικός οὐ συμφέρει γαμῆσαι , from you it is better indeed for you<br><br> in me it is better for him that<br><br> wife not it is better to marry,Verb,"""ἔξελε αὐτὸν καὶ βάλε ἀπὸ σοῦ. <b>συμφέρει</b> γάρ σοι ἵνα ἀπόληται ἓν τῶν""",συμφέρει,BibleHub
μέλος,(mel'-os),a member or limb (of the body),ἓν τῶν μελῶν σου καὶ<br><br>παριστάνετε τὰ μέλη ὑμῶν ὅπλα<br><br>καὶ τὰ μέλη ὑμῶν ὅπλα, one of the members of you and<br><br> be yielding the members of you instruments<br><br> and the members of you instruments,"Noun, Neuter","""γάρ σοι ἵνα ἀπόληται ἓν τῶν <b>μελῶν</b> σου, καὶ μὴ ὅλον τὸ σῶμά σου""",μελῶν,BibleHub
περισσός,(per-is-sos'),abundant,μόνον τί περισσὸν ποιεῖτε οὐχὶ<br><br>ὑμῖν καὶ περισσότερον προφήτου <br><br>τοῦτο λήψεσθε περισσότερον κρίμα , only what extraordinary do you Do not<br><br> to you and [one] more excellent than a prophet<br><br> this you shall receive more abundant judgment,Adjective; Adverb,"""ὑμῶν, ναὶ ναί, οὒ οὔ. τὸ δὲ <b>περισσὸν</b> τούτων ἐκ τοῦ πονηροῦ ἐστιν.""",περισσὸν,BibleHub
ἀντί,(an-tee'),"over against, opposite, instead of",ἐρρέθη Ὀφθαλμὸν ἀντὶ ὀφθαλμοῦ καὶ<br><br>καὶ ὀδόντα ἀντὶ ὀδόντος <br><br>δὸς αὐτοῖς ἀντὶ ἐμοῦ καὶ, it was said Eye for eye and<br><br> and tooth for tooth<br><br> give to them for me and,Preposition,"""Ἠκούσατε ὅτι ἐρρέθη, Ὀφθαλμὸν <b>ἀντὶ</b> ὀφθαλμοῦ, καὶ ὀδόντα <b>ἀντὶ</b> ὀδόντος""",ἀντὶ,BibleHub
τελώνης,(tel-o'-nace),tax collector,ἰδοὺ πολλοὶ τελῶναι καὶ ἁμαρτωλοὶ<br><br>μετὰ τῶν τελωνῶν καὶ ἁμαρτωλῶν<br><br>Μαθθαῖος ὁ τελώνης Ἰάκωβος ὁ, behold many tax collectors and sinners<br><br> with the tax collectors and sinners<br><br> Matthew the tax collector James the [son],"Noun, Masculine","""τίνα μισθὸν ἔχετε; οὐχὶ καὶ οἱ <b>τελῶναι</b> τὸ αὐτὸ ποιοῦσι; καὶ ἐὰν""",τελῶναι,BibleHub
ποιέω,(poy-eh'-o),"to make, do",Κυρίου εὐθείας ποιεῖτε τὰς τρίβους<br><br>ποιήσατε οὖν καρπὸν<br><br>δένδρον μὴ ποιοῦν καρπὸν καλὸν, of [the] Lord straight make the paths<br><br> Produce therefore fruit<br><br> tree not producing fruit good,Verb,"""οὐχὶ καὶ οἱ τελῶναι οὕτω <b>ποιοῦσιν</b>; ἔσεσθε οὖν ὑμεῖς τέλειοι,""",ποιοῦσιν,BibleHub
προσέχω,(pros-ekh'-o),"to hold to, turn to, attend to",Προσέχετε ἀπὸ τῶν<br><br>προσέχετε δὲ ἀπὸ<br><br>Ὁρᾶτε καὶ προσέχετε ἀπὸ τῆς, But beware of the<br><br> beware however of<br><br> See and beware of the,Verb,"""οὐρανοῖς τέλειός ἐστι. VI. <b>προσέχετε</b> τὴν ἐλεημοσύνην ὑμῶν μὴ ποιεῖν""",Προσέχετε,BibleHub
ὅταν,(hot'-an),whenever,Ὅταν οὖν ποιῇς<br><br>Καὶ ὅταν προσεύχησθε οὐκ<br><br>σὺ δὲ ὅταν προσεύχῃ εἴσελθε, When therefore you do<br><br> And when you pray not<br><br> you moreover when you pray enter,Conjunction,"""τῶν οὐρανῶν. Μακάριοί ἐστε, <b>ὅταν</b> ὀνειδίσωσιν ὑμᾶς καὶ διώξωσι, καὶ""",Ὅταν,BibleHub
ὑποκριτής,(hoop-ok-ree-tace'),"one who answers, an actor, a hypocrite",ὡς οἱ ὑποκριταί ὅτι φιλοῦσιν<br><br>ὡς οἱ ὑποκριταὶ σκυθρωποί ἀφανίζουσιν<br><br>ὑποκριτά ἔκβαλε πρῶτον, as the hyprocrites for they love<br><br> as the hypocrites downcast in countenance they disfigure<br><br> hypocrite cast out first,"Noun, Masculine","""ἔμπροσθέν σου, ὥσπερ οἱ <b>ὑποκριταὶ</b> ποιοῦσιν ἐν ταῖς συναγωγαῖς καὶ""",ὑποκριταὶ,BibleHub
θησαυρός,(thay-sow-ros'),treasure,θησαυρίζετε ὑμῖν θησαυροὺς ἐπὶ τῆς<br><br>δὲ ὑμῖν θησαυροὺς ἐν οὐρανῷ<br><br>ἐστιν ὁ θησαυρός σου ἐκεῖ, store up up for yourselves treasures upon the<br><br> however for youselves treasures in heaven<br><br> is the treasure of you there,"Noun, Masculine","""τῷ φανερῷ. Μὴ θησαυρίζετε ὑμῖν <b>θησαυροὺς</b> ἐπὶ τῆς γῆς, ὅπου σὴς καὶ""",θησαυροὺς,BibleHub
σής,(sace),a moth,ὅπου οὔτε σὴς οὔτε βρῶσις<br><br>ἐγγίζει οὐδὲ σὴς διαφθείρει , where neither moth nor rust<br><br> does draw near nor moth destroy,"Noun, Masculine","""ὑμῖν θησαυροὺς ἐπὶ τῆς γῆς, ὅπου <b>σὴς</b> καὶ βρῶσις ἀφανίζει, καὶ ὅπου""",σὴς,BibleHub
ἀπάγω,(ap-ag'-o),to lead away,ὁδὸς ἡ ἀπάγουσα εἰς τὴν<br><br>τὸν Ἰησοῦν ἀπήγαγον πρὸς Καιάφαν<br><br>δήσαντες αὐτὸν ἀπήγαγον καὶ παρέδωκαν, way that leads to<br><br> Jesus led [him] away to Caiaphas<br><br> having bound him they led away [him] and delivered him to,Verb,"""ἡ πύλη, καὶ εὐρύχωρος ἡ ὁδὸς ἡ <b>ἀπάγουσα</b> εἰς τὴν ἀπώλειαν, καὶ πολλοί""",ἀπάγουσα,BibleHub
σαπρός,(sap-ros'),"rotten, worthless",οὐδὲ δένδρον σαπρὸν καρποὺς καλοὺς<br><br>τὸ δένδρον σαπρὸν καὶ τὸν<br><br>καρπὸν αὐτοῦ σαπρόν ἐκ γὰρ, nor a tree bad fruits good<br><br> the tree bad and the<br><br> fruit of it bad out of indeed,Adjective,"""καρποὺς καλοὺς ποιεῖ. τὸ δὲ <b>σαπρὸν</b> δένδρον καρποὺς πονηροὺς ποιεῖ.""",σαπρὸν,BibleHub
οἰκοδομέω,(oy-kod-om-eh'-o),to build a house,μωρῷ ὅστις ᾠκοδόμησεν αὐτοῦ τὴν<br><br>τῇ πέτρᾳ οἰκοδομήσω μου τὴν<br><br>ληνὸν καὶ ᾠκοδόμησεν πύργον καὶ, foolish who built of him the<br><br> the rock I will build my<br><br> a winepress and built a tower and,Verb,"""αὐτὸν ἀνδρὶ φρονίμῳ, ὅστις <b>ᾠκοδόμησε</b> τὴν οἰκίαν αὐτοῦ ἐπὶ τὴν πέτραν""",ᾠκοδόμησε,BibleHub
οἰκία,(oy-kee'-ah),"a house, dwelling",ἐν τῇ οἰκίᾳ <br><br>αὐτοῦ τὴν οἰκίαν ἐπὶ τὴν<br><br>προσέπεσαν τῇ οἰκίᾳ ἐκείνῃ καὶ, [are] in the house<br><br> his house upon the<br><br> fell house upon that and,"Noun, Feminine","""φρονίμῳ, ὅστις ᾠκοδόμησε τὴν <b>οἰκίαν</b> αὐτοῦ ἐπὶ τὴν πέτραν. καὶ κατέβη""",οἰκίαν,BibleHub
πέτρα,(pet'-ra),a (large mass of) rock,ἐπὶ τὴν πέτραν <br><br>ταύτῃ τῇ πέτρᾳ οἰκοδομήσω μου<br><br>καὶ αἱ πέτραι ἐσχίσθησαν , upon the rock<br><br> this the rock I will build my<br><br> and the rocks were split,"Noun, Feminine","""τὴν οἰκίαν αὐτοῦ ἐπὶ τὴν <b>πέτραν</b>. καὶ κατέβη ἡ βροχὴ καὶ ἦλθον οἱ""",πέτραν,BibleHub
καταβαίνω,(kat-ab-ah'-ee-no),to go down,καὶ κατέβη ἡ βροχὴ<br><br>καὶ κατέβη ἡ βροχὴ<br><br>Καταβάντος δὲ αὐτοῦ, and came down the rain<br><br> and came down the rain<br><br> having come down moreover he,Verb,"""οἰκίαν αὐτοῦ ἐπὶ τὴν πέτραν. καὶ <b>κατέβη</b> ἡ βροχὴ καὶ ἦλθον οἱ ποταμοὶ καὶ""",κατέβη,BibleHub
βροχή,(brokh-ay'),a wetting,κατέβη ἡ βροχὴ καὶ ἦλθον, came down the rain and came,"Noun, Feminine","""ἐπὶ τὴν πέτραν. καὶ κατέβη ἡ <b>βροχὴ</b> καὶ ἦλθον οἱ ποταμοὶ καὶ ἔπνευσαν""",βροχὴ,BibleHub
ποταμός,(pot-am-os'),a river,ἦλθον οἱ ποταμοὶ καὶ ἔπνευσαν<br><br>ἦλθον οἱ ποταμοὶ καὶ ἔπνευσαν<br><br>τῷ Ἰορδάνῃ ποταμῷ ἐξομολογούμενοι τὰς, came the streams and blew<br><br> came the streams and blew<br><br> the Jordan river confessing the,"Noun, Masculine","""καὶ κατέβη ἡ βροχὴ καὶ ἦλθον οἱ <b>ποταμοὶ</b> καὶ ἔπνευσαν οἱ ἄνεμοι, καὶ""",ποταμοὶ,BibleHub
πνέω,(pneh'-o),to blow,ποταμοὶ καὶ ἔπνευσαν οἱ ἄνεμοι<br><br>ὅταν νότον πνέοντα λέγετε ὅτι<br><br>ὅπου θέλει πνεῖ καὶ τὴν, streams and blew the winds<br><br> when a south wind [is] blowing you say<br><br> where it wills blows and the,Verb,"""ἡ βροχὴ καὶ ἦλθον οἱ ποταμοὶ καὶ <b>ἔπνευσαν</b> οἱ ἄνεμοι, καὶ προσέπεσον τῇ""",ἔπνευσαν,BibleHub
ἄνεμος,(an'-em-os),wind,ἔπνευσαν οἱ ἄνεμοι καὶ προσέκοψαν<br><br>ἐπετίμησεν τοῖς ἀνέμοις καὶ τῇ<br><br>καὶ οἱ ἄνεμοι καὶ ἡ, blew the winds and beat upon<br><br> he rebuked the winds and the<br><br> even the winds and the,"Noun, Masculine","""ἦλθον οἱ ποταμοὶ καὶ ἔπνευσαν οἱ <b>ἄνεμοι</b>, καὶ προσέπεσον τῇ οἰκίᾳ ἐκείνῃ""",ἄνεμοι,BibleHub
ἀλλά,(al-lah'),"otherwise, on the other hand, but",τὸν μόδιον ἀλλ' ἐπὶ τὴν<br><br>ἦλθον καταλῦσαι ἀλλὰ πληρῶσαι <br><br>τῷ πονηρῷ ἀλλ' ὅστις σε, a basket but upon the<br><br> I came to abolish but to fulfill [them]<br><br> the evil [person] but whoever you,Conjunction,"""καὶ τιθέασιν αὐτὸν ὑπὸ τὸν μόδιον, <b>ἀλλ</b> ’ ἐπὶ τὴν λυχνίαν, καὶ λάμπει πᾶσι""",ἀλλ,BibleHub
ἀρχαῖος,(ar-khah'-yos),"original, ancient",ἐρρέθη τοῖς ἀρχαίοις Οὐκ ἐπιορκήσεις<br><br>τις τῶν ἀρχαίων ἀνέστη <br><br>τις τῶν ἀρχαίων ἀνέστη , it was said to the ancients not You will swear falsely<br><br> one of the ancients had arisen<br><br> one of the ancients has arisen,Adjective,"""Ἠκούσατε ὅτι ἐρρέθη τοῖς <b>ἀρχαίοις</b>, Οὐ φονεύσεις. ὃς δ ’ ἂν""",ἀρχαίοις,BibleHub
γέεννα,(gheh'-en-nah),"Gehenna, a valley west and South of Jerusalem, also a symbolic name for the final place of punishment of the ungodly",βληθῇ εἰς γέενναν <br><br>σου εἰς γέενναν ἀπέλθῃ <br><br>ἀπολέσαι ἐν γεέννῃ , be cast into hell<br><br> of you into hell be cast<br><br> to destroy in hell,"Noun, Feminine","""Μωρέ, ἔνοχος ἔσται εἰς τὴν <b>γέενναν</b> τοῦ πυρός. ἐὰν οὖν προσφέρῃς τὸ""",γέενναν,BibleHub
δῶρον,(do'-ron),"a gift, present, a sacrifice",προσφέρῃς τὸ δῶρόν σου ἐπὶ<br><br>ἐκεῖ τὸ δῶρόν σου ἔμπροσθεν<br><br>πρόσφερε τὸ δῶρόν σου , you shall offer the offering of you at<br><br> there the gift of you before<br><br> offer the gift of you,"Noun, Neuter","""τοῦ πυρός. ἐὰν οὖν προσφέρῃς τὸ <b>δῶρόν</b> σου ἐπὶ τὸ θυσιαστήριον, κἀκεῖ""",δῶρόν,BibleHub
κάρφος,(kar'-fos),a small dry stalk,ἐκβάλω τὸ κάρφος ἐκ τοῦ<br><br>ἐκβαλεῖν τὸ κάρφος ἐκ τοῦ<br><br>βλέπεις τὸ κάρφος τὸ ἐν, [that] I might cast out the speck from the<br><br> to cast out the speck out of the<br><br> look you on the speck that [is] in,"Noun, Neuter","""ὑμῖν. τί δὲ βλέπεις τὸ <b>κάρφος</b> τὸ ἐν τῷ ὀφθαλμῷ τοῦ ἀδελφοῦ σου""",κάρφος,BibleHub
ἐκεῖνος,(ek-i'-nos),"that one (or neut. that thing), often intensified by the article preceding",μοι ἐν ἐκείνῃ τῇ ἡμέρᾳ<br><br>τῇ οἰκίᾳ ἐκείνῃ καὶ οὐκ<br><br>τῇ οἰκίᾳ ἐκείνῃ καὶ ἔπεσεν, to me on that the day<br><br> house upon that and not<br><br> house upon that and it fell,Demonstrative Pronoun,"""οὐρανοῖς. πολλοὶ ἐροῦσί μοι ἐν <b>ἐκείνῃ</b> τῇ ἡμέρᾳ, Κύριε, Κύριε, οὐ τῷ""",ἐκείνῃ,BibleHub
ἕως,(heh'-oce),"till, until",ἀπὸ Δαυὶδ ἕως τῆς μετοικεσίας<br><br>μετοικεσίας Βαβυλῶνος ἕως τοῦ χριστοῦ<br><br>ἐγίνωσκεν αὐτὴν ἕως οὗ ἔτεκεν, from David until the deportation<br><br> deportation to Babylon to the Christ<br><br> knew her until that she brought forth,Adverb,"""πληρῶσαι. ἀμὴν γὰρ λέγω ὑμῖν, <b>ἕως</b> ἂν παρέλθῃ ὁ οὐρανὸς καὶ ἡ γῆ,""",ἕως,BibleHub
ἀκούω,(ak-oo'-o),"to hear, listen",οἱ δὲ ἀκούσαντες τοῦ βασιλέως<br><br>ἐν Ῥαμὰ ἠκούσθη κλαυθμὸς καὶ<br><br>ἀκούσας δὲ ὅτι, moreover having heard the king<br><br> in Ramah was heard weeping and<br><br> Having heard moreover that,Verb,"""εἰς τὴν βασιλείαν τῶν οὐρανῶν. <b>ἠκούσατε</b> ὅτι ἐρρέθη τοῖς ἀρχαίοις, Οὐ""",Ἠκούσατε,BibleHub
ἔνοχος,(en'-okh-os),"held in, bound by, liable to (a condition, penalty or imputation)",ἀδελφῷ αὐτοῦ ἔνοχος ἔσται τῇ<br><br>αὐτοῦ Ῥακά ἔνοχος ἔσται τῷ<br><br>εἴπῃ Μωρέ ἔνοχος ἔσται εἰς, brother of him liable will be to the<br><br> of him Raca liable will be to the<br><br> shall say Fool liable will be to,Adjective,"""φονεύσεις. ὃς δ ’ ἂν φονεύσῃ, <b>ἔνοχος</b> ἔσται τῇ κρίσει. ἐγὼ δὲ λέγω""",ἔνοχος,BibleHub
ὅλος,(hol'-os),"whole, complete",περιῆγεν ἐν ὅλῃ τῇ Γαλιλαίᾳ<br><br>αὐτοῦ εἰς ὅλην τὴν Συρίαν<br><br>καὶ μὴ ὅλον τὸ σῶμά, he went throughout all Galilee<br><br> of him into all Syria<br><br> and not all the body,Adjective,"""ἀπόληται ἓν τῶν μελῶν σου, καὶ μὴ <b>ὅλον</b> τὸ σῶμά σου βληθῇ εἰς γέενναν.""",ὅλον,BibleHub
μήτε,(may'-teh),"neither, nor",μήτε ἐν τῇ<br><br>ποδῶν αὐτοῦ μήτε εἰς Ἰεροσόλυμα<br><br>μήτε ἐν τῇ, nor by the<br><br> feet of him nor by Jerusalem<br><br> Neither by the,"Conjunction,Negative","""ἐγὼ δὲ λέγω ὑμῖν μὴ ὀμόσαι ὅλως. <b>μήτε</b> ἐν τῷ οὐρανῷ, ὅτι θρόνος ἐστὶ τοῦ""",μήτε,BibleHub
ἀμήν,(am-ane'),truly,ἀμὴν λέγω σοι<br><br>τῶν ἀνθρώπων ἀμὴν λέγω ὑμῖν<br><br>τοῖς ἀνθρώποις ἀμὴν λέγω ὑμῖν, Truly I say to you<br><br> the men Truly I say to you<br><br> by men Truly I say to you,Hebrew Form (Indclinable),"""ἦλθον καταλῦσαι ἀλλὰ πληρῶσαι. <b>ἀμὴν</b> γὰρ λέγω ὑμῖν, ἕως ἂν παρέλθῃ ὁ""",ἀμὴν,BibleHub
δένδρον,(den'-dron),a tree,πᾶν οὖν δένδρον μὴ ποιοῦν<br><br>οὕτως πᾶν δένδρον ἀγαθὸν καρποὺς<br><br>δὲ σαπρὸν δένδρον καρποὺς πονηροὺς, every Therefore tree not producing<br><br> So every tree good good fruits<br><br> and [the] bad tree fruits bad,"Noun, Neuter","""ἢ ἀπὸ τριβόλων σῦκα; οὕτω πᾶν <b>δένδρον</b> ἀγαθὸν καρποὺς καλοὺς ποιεῖ. τὸ""",δένδρον,BibleHub
οὐρανός,(oo-ran-os'),heaven,αὐτῷ οἱ οὐρανοί καὶ εἶδεν<br><br>ἐκ τῶν οὐρανῶν λέγουσα Οὗτός<br><br>βασιλεία τῶν οὐρανῶν , to him the heavens and he saw<br><br> out of the heavens saying This<br><br> kingdom of the heavens,"Noun, Masculine","""ὅτι αὐτῶν ἐστιν ἡ βασιλεία τῶν <b>οὐρανῶν</b>. Μακάριοι οἱ πενθοῦντες. ὅτι""",οὐρανῶν,BibleHub
