ἐπιφαίνω,(ep-ee-fah'-ee-no),Verb,"to show forth, to appear","μήτε ἄστρων ἐπιφαινόντων ἐπὶ πλείονας

Ἐπεφάνη γὰρ ἡ

ἡ φιλανθρωπία ἐπεφάνη τοῦ σωτῆρος"," nor stars appearing for many

 appeared indeed the

 the love to man appeared of the Savior","Θεὸς Κύριος, καὶ ἐπέφανεν ἡμῖν, εὐλογημένος ὁ ἐρχόμενος ἐν",ἐπέφανεν,BibleHub
εὐλογέω,(yoo-log-eh'-o),Verb,"to speak well of, praise","τὸν οὐρανὸν εὐλόγησεν καὶ κλάσας

υἱῷ Δαυίδ Εὐλογημένος ὁ ἐρχόμενος

ἂν εἴπητε Εὐλογημένος ὁ ἐρχόμενος"," heaven he blessed and having broken

 Son of David blessed [is] he who comes

 anyhow you say Blessed [is] he who comes","Θεὸς Κύριος, καὶ ἐπέφανεν ἡμῖν, εὐλογημένος ὁ ἐρχόμενος ἐν ὀνόματι Κυρίου. Ἐ",εὐλογημένος,BibleHub
ἐπικαλέω,(ep-ee-kal-eh'-om-ahee),Verb,to call upon,"Βαρσαββᾶν ὃς ἐπεκλήθη Ἰοῦστος καὶ

ὃς ἂν ἐπικαλέσηται τὸ ὄνομα

δὲ ὁ ἐπικληθεὶς Βαρνάβας ἀπὸ"," Barsabbas who was called Justus and

 who anyhow shall call upon the name

 moreover having been called Barnabas by","ου. Ἐξομολογεῖσθε τῷ Κυρίῳ, καὶ ἐπικαλεῖσθε τὸ ὄνομα τὸ ἅγιον αὐτοῦ. Ἐξομολο",ἐπικαλεῖσθε,BibleHub
"ὄνομα, ατος, τό",(on'-om-ah),"Noun, Neuter","a name, authority, cause","καλέσουσιν τὸ ὄνομα αὐτοῦ Ἐμμανουήλ

ἐκάλεσεν τὸ ὄνομα αὐτοῦ Ἰησοῦν

Ἁγιασθήτω τὸ ὄνομά σου "," they will call the name of him Immanuel

 he called the name of him Jesus

 hallowed be the name of you","γεῖσθε τῷ Κυρίῳ, καὶ ἐπικαλεῖσθε τὸ ὄνομα τὸ ἅγιον αὐτοῦ. Ἐξομολογεῖσθε τῷ Κυ",ὄνομα,BibleHub
"ἔλεος, ους, τό",(el'-eh-os),"Noun, Masculine; Noun, Neuter","mercy, pity, compassion","τί ἐστιν Ἔλεος θέλω καὶ

καὶ τὸ ἔλεος καὶ τὴν

καὶ τὸ ἔλεος αὐτοῦ εἰς"," what is Mercy I desire and

 and mercy and

 and the mercy of him [is] to",", ὅτι ἀγαθός, ὅτι εἰς τὸν αἰῶνα τὸ ἔλεος αὐτοῦ. Πάντα τὰ ἔθνη ἐκύκλωσάν με,",ἔλεος,BibleHub
"πᾶς, πᾶσα, πᾶν",(pas),Adjective,"all, every","ἐταράχθη καὶ πᾶσα Ἰεροσόλυμα μετ'

καὶ συναγαγὼν πάντας τοὺς ἀρχιερεῖς

ἀποστείλας ἀνεῖλεν πάντας τοὺς παῖδας"," he was troubled and all Jerusalem with

 And having gathered together all the chief priests

 having sent forth he put to death all the boys",", ὅτι εἰς τὸν αἰῶνα τὸ ἔλεος αὐτοῦ. Πάντα τὰ ἔθνη ἐκύκλωσάν με, καὶ τῷ ὀνόματ",Πάντα,BibleHub
"ἔθνος, ους, τό",(eth'-nos),"Noun, Neuter","a race, a nation, the nations (as distinct from Israel)","ταῦτα τὰ ἔθνη ἐπιζητοῦσιν οἶδεν

Εἰς ὁδὸν ἐθνῶν μὴ ἀπέλθητε

καὶ τοῖς ἔθνεσιν "," these things the Gentiles seek after knows

 Into [the] way of the Gentiles not go off

 and to the Gentiles","τὸν αἰῶνα τὸ ἔλεος αὐτοῦ. Πάντα τὰ ἔθνη ἐκύκλωσάν με, καὶ τῷ ὀνόματι Κυρίου",ἔθνη,BibleHub
ἀμύνομαι,(am-oo'-nom-ahee),Verb,to ward off,,,"ύκλωσάν με, καὶ τῷ ὀνόματι Κυρίου ἠμυνάμην αὐτούς, Παρὰ Κυρίου ἐγένετο αὕτη",ἠμυνάμην,BibleHub
"αὐτός, αὐτή, αὐτό",(ow-tos'),Personal Pronoun,"(1) self (emphatic) (2) he, she, it (used for the third person pronoun) (3) the same","τοὺς ἀδελφοὺς αὐτοῦ ἐπὶ τῆς

τῆς μητρὸς αὐτοῦ Μαρίας τῷ

ἢ συνελθεῖν αὐτοὺς εὑρέθη ἐν"," the brothers of him at [the time] of the

 the mother of him Mary

 rather came together they she was found in","με, καὶ τῷ ὀνόματι Κυρίου ἠμυνάμην αὐτούς, Παρὰ Κυρίου ἐγένετο αὕτη, καὶ ἔσ",αὐτούς,BibleHub
παρά,(par-ah'),Preposition,"from beside, by the side of, by, beside","μάγους ἠκρίβωσεν παρ' αὐτῶν τὸν

ὃν ἠκρίβωσεν παρὰ τῶν μάγων

Περιπατῶν δὲ παρὰ τὴν θάλασσαν"," magi inquired earnestly of them the

 which he had ascertained from the magi

 walking moreover by the sea","τῷ ὀνόματι Κυρίου ἠμυνάμην αὐτούς, Παρὰ Κυρίου ἐγένετο αὕτη, καὶ ἔστι θαυμα",Παρὰ,BibleHub
"θαυμαστός, ή, όν",(thow-mas-tos'),Adjective,wonderful,"καὶ ἔστιν θαυμαστὴ ἐν ὀφθαλμοῖς

γὰρ τὸ θαυμαστόν ἐστιν ὅτι

εἰς τὸ θαυμαστὸν αὐτοῦ φῶς"," and it is marvelous in eyes

 indeed a wonderful thing is that

 to the marvelous of him light","αρὰ Κυρίου ἐγένετο αὕτη, καὶ ἔστι θαυμαστὴ ἐν ὀφθαλμοῖς ἡμῶν. Ἐλέησόν με ὁ Θ",θαυμαστὴ,BibleHub
"ὀφθαλμός, οῦ, ὁ",(of-thal-mos'),"Noun, Masculine",the eye,"ὅτι ἐρρέθη Ὀφθαλμὸν ἀντὶ ὀφθαλμοῦ

Ὀφθαλμὸν ἀντὶ ὀφθαλμοῦ καὶ ὀδόντα

ἐστιν ὁ ὀφθαλμός ἐὰν οὖν"," that it was said Eye for eye

 Eye for eye and tooth

 is the eye if therefore","γένετο αὕτη, καὶ ἔστι θαυμαστὴ ἐν ὀφθαλμοῖς ἡμῶν. Ἐλέησόν με ὁ Θεὸς κατὰ τὸ μ",ὀφθαλμοῖς,BibleHub
ἐλεέω,(el-eh-eh'-o),Verb,"to have pity or mercy on, to show mercy","καὶ λέγοντες Ἐλέησον ἡμᾶς υἱὸς

ἔκραζεν λέγουσα Ἐλέησόν με κύριε

λέγων Κύριε ἐλέησόν μου τὸν"," and saying Have mercy on us Son

 cried saying Have mercy on me master

 saying master Have mercy on my",ὶ ἔστι θαυμαστὴ ἐν ὀφθαλμοῖς ἡμῶν. Ἐλέησόν με ὁ Θεὸς κατὰ τὸ μέγα ἔλεός σου κα,Ἐλέησόν,BibleHub
"πλῆθος, ους, τό",(play'-thos),"Noun, Neuter",a great number,"καὶ Σιδῶνα πλῆθος πολύ ἀκούοντες

πᾶν τὸ πλῆθος ἦν τοῦ

τῷ ἀγγέλῳ πλῆθος στρατιᾶς οὐρανίου"," and Sidon a multitude great having heard

 all the multitude were of the

 the angel a multitude of [the] host heavenly",κατὰ τὸ μέγα ἔλεός σου καὶ κατὰ τὸ πλῆθος τῶν οἰκτιρμῶν σου ἐξάλειψον τὸ ἀνόμ,πλῆθος,BibleHub
ἐξαλείφω,(ex-al-i'-fo),Verb,"to wipe out, erase, obliterate","ἐξαλείψας τὸ καθ'

οὐ μὴ ἐξαλείψω τὸ ὄνομα

ὑδάτων καὶ ἐξαλείψει ὁ θεὸς"," having blotted out the against

 no not will I blot out the name

 of waters and will wipe away God",ὶ κατὰ τὸ πλῆθος τῶν οἰκτιρμῶν σου ἐξάλειψον τὸ ἀνόμημά μου Δόξα ἐν ὑψίστοις Θε,ἐξάλειψον,BibleHub
εὐχαριστέω,(yoo-khar-is-teh'-o),Verb,to be thankful,"ποτήριον καὶ εὐχαριστήσας ἔδωκεν αὐτοῖς

ἑπτὰ ἄρτους εὐχαριστήσας ἔκλασεν καὶ

λαβὼν ποτήριον εὐχαριστήσας ἔδωκεν αὐτοῖς"," a cup and having given thanks he gave [it] to them

 seven loaves having given thanks he broke and

 having taken the cup having given thanks he gave to them",ειψον τὸ ἀνόμημά μου Δόξα ἐν ὑψίστοις Θεῷ καὶ ἐπὶ γῆς εἰρήνη ἐν ἀνθρώποις εὐδοκ,Θεῷ,BibleHub
"Ἀγρίππας, α, ὁ",(ag-rip'-pas),"Noun, Masculine","Agrippa, the name of two descendant of Herod the Great","Ἀγρίππας δὲ πρὸς

ἐλθόντος τοῦ Ἀγρίππα καὶ τῆς

ὁ Φῆστος Ἀγρίππα βασιλεῦ καὶ"," Agrippa moreover [said] to

 having come Agrippa and

 Festus Agrippa king and",", διὰ τὴν μεγάλην σου δόξαν. Κύριε Βασιλεῦ, ἐπουράνιε Θεέ, Πάτερ παντοκράτορ",Βασιλεῦ,BibleHub
"θεός, οῦ, ὁ",(theh'-os),"Noun, Feminine; Noun, Masculine","God, a god","δύναται ὁ θεὸς ἐκ τῶν

πνεῦμα τοῦ θεοῦ καταβαῖνον ὡσεὶ

εἶ τοῦ θεοῦ εἰπὲ ἵνα"," able is God from the

 Spirit of God descending as

 you are of God speak that","σου δόξαν. Κύριε Βασιλεῦ, ἐπουράνιε Θεέ, Πάτερ παντοκράτορ, Κύριε Υἱὲ μονογ",Θεέ,BibleHub
"πατήρ, πατρός, ὁ",(pat-ayr'),"Noun, Masculine",a father,"ἐν ἑαυτοῖς Πατέρα ἔχομεν τὸν

Ζεβεδαίου τοῦ πατρὸς αὐτῶν καταρτίζοντας

καὶ τὸν πατέρα αὐτῶν ἠκολούθησαν"," within yourselves [For] father we have

 Zebedee the father of them mending

 and the father of them they followed","αν. Κύριε Βασιλεῦ, ἐπουράνιε Θεέ, Πάτερ παντοκράτορ, Κύριε Υἱὲ μονογενές,",Πάτερ,BibleHub
"Χριστός, οῦ, ὁ",(khris-tos'),"Noun, Masculine","the Anointed One, Messiah, Christ","ὁ λεγόμενος Χριστός 

ἕως τοῦ χριστοῦ γενεαὶ δεκατέσσαρες

ΔΕ ΙΗΣΟΥ ΧΡΙΣΤΟΥ ἡ γένεσις"," who is called Christ

 to the Christ generations fourteen

 now of Jesus Christ the birth","ράτορ, Κύριε Υἱὲ μονογενές, Ἰησοῦ Χριστέ, καὶ Ἅγιον Πνεῦμα. Κύριε ὁ Θεός,",Χριστέ,BibleHub
"πνεῦμα, ατος, τό",(pnyoo'-mah),"Noun, Neuter","wind, spirit","γεννηθὲν ἐκ πνεύματός ἐστιν ἁγίου

βαπτίσει ἐν πνεύματι ἁγίῳ καὶ

εἶδεν τὸ πνεῦμα τοῦ θεοῦ"," having been conceived from [the] Spirit is Holy

 will baptize with [the] Spirit Holy and

 he saw the Spirit of God","Κυρίῳ, καὶ ἐπικαλεῖσθε τὸ ὄνομα τὸ ἅγιον αὐτοῦ. Ἐξομολογεῖσθε τῷ Κυρίῳ, ὅτι",Ἅγιον,BibleHub
"ἀμνός, οῦ, ὁ",(am-nos'),"Noun, Masculine",a lamb,"Ἴδε ὁ ἀμνὸς τοῦ θεοῦ

καὶ ὡς ἀμνὸς ἐναντίον τοῦ

αἵματι ὡς ἀμνοῦ ἀμώμου καὶ"," Behold the Lamb of God

 and as a lamb before him who

 blood as of a lamb without blemish and","καὶ Ἅγιον Πνεῦμα. Κύριε ὁ Θεός, ὁ ἀμνὸς τοῦ Θεοῦ, ὁ Υἱός τοῦ Πατρός, ὁ αἴρ",ἀμνὸς,BibleHub
"υἱός, οῦ, ὁ",(hwee-os'),"Noun, Masculine",a son,"υἱοῦ Δαυὶδ υἱοῦ Ἀβραάμ 

λέγων Ἰωσὴφ υἱὸς Δαυίδ μὴ

τέξεται δὲ υἱὸν καὶ καλέσεις"," son of David son of Abraham

 saying Joseph son of David not

 she will bear moreover a son and you will call","Κύριε ὁ Θεός, ὁ ἀμνὸς τοῦ Θεοῦ, ὁ Υἱός τοῦ Πατρός, ὁ αἴρων τὴν ἁμαρτίαν το",Υἱός,BibleHub
"δέησις, εως, ἡ",(deh'-ay-sis),"Noun, Feminine","a need, entreaty","νηστείαις καὶ δεήσεσιν λατρεύουσα νύκτα

πυκνὰ καὶ δεήσεις ποιοῦνται ὁμοίως

καὶ ἡ δέησις πρὸς τὸν"," with fastings and prayers serving night

 often and prayers make likewise

 and the supplication to","ἁμαρτίας τοῦ κόσμου. Πρόσδεξαι τὴν δέησιν ἡμῶν, ὁ καθήμενος ἐν δεξιᾷ τοῦ Πατ",δέησιν,BibleHub
κατά,(kat-ah'),Preposition,"down, against, according to","καὶ χρηματισθέντες κατ' ὄναρ μὴ

Κυρίου φαίνεται κατ' ὄναρ τῷ

καὶ κατωτέρω κατὰ τὸν χρόνον"," And having been divinely warned in a dream not

 of [the] Lord appears in a dream

 and under according to the time","στός, εἰς δόξαν Θεοῦ Πατρός. Ἀμήν. Καθ ' ἑκάστην ἡμέραν εὐλογήσω σε, καὶ αἰ",Καθ,BibleHub
ἐγώ,(eg-o'),Personal Pronoun,I (only expressed when emphatic),"τὸν λαόν μου τὸν Ἰσραήλ

εὕρητε ἀπαγγείλατέ μοι ὅπως κἀγὼ

τὸν υἱόν μου "," the people of me Israel

 you shall have found [him] bring word back to me that I also

 the Son of me","γὴ ἐγενήθης ἡμῖν ἐν γενεᾷ καὶ γενεᾷ. Ἐγὼ εἶπα· Κύριε, ἐλέησόν με, ἴασαι τὴν",Ἐγὼ,BibleHub
παρατείνω,(par-at-i'-no),Verb,"to extend, prolong",,,ζωῆς ἐν τῷ φωτί σου ὀψόμεθα φῶς. Παράτεινον τὸ ἔλεός σου τοῖς γινώσκουσί σε.,Παράτεινον,BibleHub
γινώσκω,(ghin-oce'-ko),Verb,"to come to know, recognize, perceive","ἐλεημοσύνην μὴ γνώτω ἡ ἀριστερά

ὅτι Οὐδέποτε ἔγνων ὑμᾶς ἀποχωρεῖτε

Ὁρᾶτε μηδεὶς γινωσκέτω "," give to the needy not let know the left [hand]

 Never knew I you depart you

 See that no one let know [it]","ῶς. Παράτεινον τὸ ἔλεός σου τοῖς γινώσκουσί σε. Καταξίωσον, Κύριε, ἐν τῇ ἡ",γινώσκουσί,BibleHub
"οὗτος, αὕτη, τοῦτο",(hoo'-tos),Demonstrative Pronoun,this,"Τοῦτο δὲ ὅλον

Οὗτος γάρ ἐστιν

τῶν λίθων τούτων ἐγεῖραι τέκνα"," this moreover all

 this indeed is

 the stones these to raise up children","ε. Καταξίωσον, Κύριε, ἐν τῇ ἡμέρᾳ ταύτη ἀναμαρτήτους φυλαχθῆναι ἡμᾶς. Εὐλογ",ταύτη,BibleHub
γίνομαι,(ghin'-om-ahee),Verb,"to come into being, to happen, to become","οὗτοι ἄρτοι γένωνται 

ἂν πάντα γένηται 

ὅπως γένησθε υἱοὶ τοῦ"," these loaves of bread might become

 anyhow all come to pass

 so that you might be sons of the","ὄνομά σου εἰς τοὺς αἰῶνας. Ἀμήν. Γένοιτο, Κύριε, τὸ ἔλεός σου ἐφ ' ἡμᾶς,",Γένοιτο,BibleHub
"δεσπότης, ου, ὁ",(des-pot'-ace),"Noun, Masculine","lord, master","καὶ εἶπαν Δέσποτα σὺ ὁ

τοὺς ἰδίους δεσπότας πάσης τιμῆς

πιστοὺς ἔχοντες δεσπότας μὴ καταφρονείτωσαν"," and said Sovereign Lord you who

 the own masters of all honor

 believing having masters not let them despise [them]","τὰ δικαιώματά σου. Εὐλογητὸς εἶ, Δέσποτα, συνέτισόν με τὰ δικαιώματά σου.",Δέσποτα,BibleHub
"σύνεσις, εως, ἡ",(soon'-es-is),"Noun, Feminine","a running together, understanding","ἐπὶ τῇ συνέσει καὶ ταῖς

καὶ τὴν σύνεσιν τῶν συνετῶν

νοῆσαι τὴν σύνεσίν μου ἐν"," at the understanding and the

 and the intelligence of the intelligent ones

 to understand the understanding of me in","ατά σου. Εὐλογητὸς εἶ, Δέσποτα, συνέτισόν με τὰ δικαιώματά σου. Εὐλογητὸς ε",συνέτισόν,BibleHub
"ἅγιος, ία, ον",(hag'-ee-os),Adjective,"sacred, holy","πνεύματός ἐστιν ἁγίου 

ἐν πνεύματι ἁγίῳ καὶ πυρί

εἰς τὴν ἁγίαν πόλιν καὶ"," [the] Spirit is Holy

 with [the] Spirit Holy and with fire

 to the holy city and","ε τὰ δικαιώματά σου. Εὐλογητὸς εἶ, Ἅγιε, φώτισόν με τοῖς δικαιώμασί σου. Κ",Ἅγιε,BibleHub
"δικαίωμα, ατος, τό",(dik-ah'-yo-mah),"Noun, Neuter","an ordinance, a sentence of acquittal or condemnation, a righteous deed","οἵτινες τὸ δικαίωμα τοῦ θεοῦ

ἀκροβυστία τὰ δικαιώματα τοῦ νόμου

παραπτωμάτων εἰς δικαίωμα "," who the righteous judgment of God

 uncircumcision the requirements of the law

 trespasses to justification","γητὸς εἶ, Ἅγιε, φώτισόν με τοῖς δικαιώμασί σου. Κύριε, τὸ ἔλεός σου εἰς τὸ",δικαιώμασί,BibleHub
"ἔργον, ου, τό",(er'-gon),"Noun, Neuter",work,"δεσμωτηρίῳ τὰ ἔργα τοῦ χριστοῦ

ἀπὸ τῶν ἔργων αὐτῆς 

δὲ τὰ ἔργα αὐτῶν μὴ"," prison the works of the Christ

 by the deeds her

 however the works of them not","ιε, τὸ ἔλεός σου εἰς τὸν αἰῶνα, τὰ ἔργα τῶν χειρῶν σου μὴ παρίδῃς. Σοὶ πρέπ",ἔργα,BibleHub
"χείρ, χειρός, ἡ",(khire),"Noun, Feminine",the hand,"καὶ ἐπὶ χειρῶν ἀροῦσίν σε

δεξιά σου χεὶρ σκανδαλίζει σε

ἐκτείνας τὴν χεῖρα ἥψατο αὐτοῦ"," and in [their] hands will they bear up you

 right of you hand cause to stumble you

 having stretched out the hand he touched him","εός σου εἰς τὸν αἰῶνα, τὰ ἔργα τῶν χειρῶν σου μὴ παρίδῃς. Σοὶ πρέπει αἶνος,",χειρῶν,BibleHub
"αἶνος, ου, ὁ",(ah'-ee-nos),"Noun, Masculine",praise (noun),ἰδὼν ἔδωκεν αἶνον τῷ θεῷ, having seen [it] gave praise to God,"ν χειρῶν σου μὴ παρίδῃς. Σοὶ πρέπει αἶνος, Σοὶ πρέπει ὕμνος, Σοὶ δόξα πρέπει",αἶνος,BibleHub
"ὕμνος, ου, ὁ",(hoom'-nos),"Noun, Masculine",a hymn,ἑαυτοὺς ψαλμοῖς ὕμνοις ᾠδαῖς πνευματικαῖς, each other in psalms hymns songs spiritual,"ίδῃς. Σοὶ πρέπει αἶνος, Σοὶ πρέπει ὕμνος, Σοὶ δόξα πρέπει, τῷ Πατρὶ καὶ τῷ",ὕμνος,BibleHub
"ἄγγελος, ου, ὁ",(ang'-el-os),"Noun, Masculine","a messenger, angel","αὐτῷ ὁ ἄγγελος Κυρίου καὶ

αὐτῶν ἰδοὺ ἄγγελος Κυρίου φαίνεται

Ἡρῴδου ἰδοὺ ἄγγελος Κυρίου φαίνεται"," him the angel of [the] Lord and

 they behold an angel of [the] Lord appears

 Herod behold an angel of [the] Lord appears","δίδαξόν με τὰ δικαιώματά σου. Τῶν Ἀγγέλων ὁ δῆμος, κατεπλάγη ὁρῶν σε, ἐν νε",Ἀγγέλων,BibleHub
"δῆμος, οῦ, ὁ",(day'-mos),"Noun, Masculine","a district or country, the common people, the people assembled","εἰς τὸν δῆμον 

εἰς τὸν δῆμον οὐκ εἴων

ἀπολογεῖσθαι τῷ δήμῳ "," to the people

 to the people not did let

 to make a defense to the people","με τὰ δικαιώματά σου. Τῶν Ἀγγέλων ὁ δῆμος, κατεπλάγη ὁρῶν σε, ἐν νεκροῖς λογ",δῆμος,BibleHub
λογίζομαι,(log-id'-zom-ahee),Verb,"to reckon, to consider","μετὰ ἀνόμων ἐλογίσθη καὶ γὰρ

οὐδὲ λογίζεσθε ὅτι συμφέρει

εἰς οὐθὲν λογισθῆναι μέλλειν τε"," with [the] lawless he was reckoned also indeed

 nor consider you that it is profitable

 for nothing be reckoned be about and",", κατεπλάγη ὁρῶν σε, ἐν νεκροῖς λογισθέντα, τοῦ θανάτου δὲ Σωτήρ, τὴν ἰσχὺ",λογισθέντα,BibleHub
δέ,(deh),Conjunction,"but, and, now, (a connective or adversative particle)","Ἰακώβ Ἰακὼβ δὲ ἐγέννησεν τὸν

Ἰούδας δὲ ἐγέννησεν τὸν

Θάμαρ Φαρὲς δὲ ἐγέννησεν τὸν"," Jacob Jacob moreover was father of

 Judah moreover was father of

 Tamar Perez moreover was father of",", ἐν νεκροῖς λογισθέντα, τοῦ θανάτου δὲ Σωτήρ, τὴν ἰσχὺν καθελόντα, καὶ σὺν",δὲ,BibleHub
"σωτήρ, ῆρος, ὁ",(so-tare'),"Noun, Masculine","a savior, deliverer","ὑμῖν σήμερον σωτὴρ ὅς ἐστιν

ἀληθῶς ὁ σωτὴρ τοῦ κόσμου

ἀρχηγὸν καὶ σωτῆρα ὕψωσεν τῇ"," to you today a Savior who is

 truly the Savior of the world

 Prince and Savior exalted by the","νεκροῖς λογισθέντα, τοῦ θανάτου δὲ Σωτήρ, τὴν ἰσχὺν καθελόντα, καὶ σὺν ἑαυτ",Σωτήρ,BibleHub
"ἰσχύς, ύος, ἡ",(is-khoos'),"Noun, Feminine","strength, might","ὅλης τῆς ἰσχύος καὶ τὸ

ὅλῃ τῇ ἰσχύι σου καὶ

κράτους τῆς ἰσχύος αὐτοῦ "," all the strength and

 all the strength of you and

 might of the strength of him","ισθέντα, τοῦ θανάτου δὲ Σωτήρ, τὴν ἰσχὺν καθελόντα, καὶ σὺν ἑαυτῷ τὸν Ἀδὰμ ἐ",ἰσχὺν,BibleHub
καθαιρέω,(kath-ahee-reh'-o),Verb,"to take down, pull down","ἀγοράσας σινδόνα καθελὼν αὐτὸν ἐνείλησεν

καθεῖλεν δυνάστας ἀπὸ

Τοῦτο ποιήσω καθελῶ μου τὰς"," having bought a linen cloth having taken down him he wrapped [him] in

 He put down rulers from

 This will I do I will take away my the",", τοῦ θανάτου δὲ Σωτήρ, τὴν ἰσχὺν καθελόντα, καὶ σὺν ἑαυτῷ τὸν Ἀδὰμ ἐγείραντα",καθελόντα,BibleHub
"ἑαυτοῦ, ῆς, οῦ",(heh-ow-too'),Reflexive Pronoun,"of himself, herself, itself","αὔριον μεριμνήσει ἑαυτῆς ἀρκετὸν τῇ

θάψαι τοὺς ἑαυτῶν νεκρούς 

εἶπαν ἐν ἑαυτοῖς Οὗτος βλασφημεῖ"," tomorrow will be anxious about itself Sufficient to the

 to bury their own dead

 said to themselves This [man] blasphemes","ωτήρ, τὴν ἰσχὺν καθελόντα, καὶ σὺν ἑαυτῷ τὸν Ἀδὰμ ἐγείραντα, καὶ ἐξ ᾍδου πάν",ἑαυτῷ,BibleHub
"Ἀδάμ, ὁ",(ad-am'),"Proper Noun, Indeclinable","Adam, the first man","θάνατος ἀπὸ Ἀδὰμ μέχρι Μωυσέως

τῆς παραβάσεως Ἀδάμ ὅς ἐστιν

ἐν τῷ Ἀδὰμ πάντες ἀποθνήσκουσιν"," death from Adam until Moses

 of the transgression of Adam who is

 in Adam all die","ἰσχὺν καθελόντα, καὶ σὺν ἑαυτῷ τὸν Ἀδὰμ ἐγείραντα, καὶ ἐξ ᾍδου πάντας ἐλευθ",Ἀδὰμ,BibleHub
ἐγείρω,(eg-i'-ro),Verb,"to waken, to raise up","Ἰωσὴφ λέγων Ἐγερθεὶς παράλαβε τὸ

ὁ δὲ ἐγερθεὶς παρέλαβεν τὸ

λέγων Ἐγερθεὶς παράλαβε τὸ"," to Joseph saying Having risen take with [you] the

 moreover he having risen took with [him] the

 saying Having risen take with [you] the","καθελόντα, καὶ σὺν ἑαυτῷ τὸν Ἀδὰμ ἐγείραντα, καὶ ἐξ ᾍδου πάντας ἐλευθερώσαντα",ἐγείραντα,BibleHub
"ᾍδης, ου, ὁ",(hah'-dace),"Noun, Masculine","Hades, the abode of departed spirits","καὶ πύλαι ᾅδου οὐ κατισχύσουσιν

ἕως τοῦ ᾅδου καταβήσῃ 

ἐν τῷ ᾅδῃ ἐπάρας τοὺς"," and [the] gates of hades not will prevail against

 to Hades you will be brought down

 in Hades having lifted up the","ὺν ἑαυτῷ τὸν Ἀδὰμ ἐγείραντα, καὶ ἐξ ᾍδου πάντας ἐλευθερώσαντα. Εὐλογητὸς εἶ",ᾍδου,BibleHub
ἐλευθερόω,(el-yoo-ther-o'-o),Verb,"to make free, to exempt (from liability)","υἱὸς ὑμᾶς ἐλευθερώσῃ ὄντως ἐλεύθεροι

ἐλευθερωθέντες δὲ ἀπὸ

νυνὶ δέ ἐλευθερωθέντες ἀπὸ τῆς"," Son you shall set free indeed free

 having been set free moreover from

 now moreover having been set free from","μ ἐγείραντα, καὶ ἐξ ᾍδου πάντας ἐλευθερώσαντα. Εὐλογητὸς εἶ, Κύριε, δίδαξόν",ἐλευθερώσαντα,BibleHub
"Μύρα, ων, τά",(moo'-rah),"Noun, Neuter","Myra, a city of Lycia",,,"δίδαξόν με τὰ δικαιώματά σου. Τὶ τὰ μύρα, συμπαθῶς τοῖς δάκρυσιν, ὦ Μαθήτρι",μύρα,BibleHub
"συμπαθής, ές",(soom-path-ace'),Adjective,sympathetic,,,"ε τὰ δικαιώματά σου. Τὶ τὰ μύρα, συμπαθῶς τοῖς δάκρυσιν, ὦ Μαθήτριαι κιρνᾶτ",συμπαθῶς,BibleHub
"δάκρυον, ου, τό",(dak'-roo),"Noun, Neuter",a teardrop,"δὲ τοῖς δάκρυσιν ἔβρεξέν μου

ταπεινοφροσύνης καὶ δακρύων καὶ πειρασμῶν

ἐπαυσάμην μετὰ δακρύων νουθετῶν ἕνα"," moreover with tears wet my

 humility and tears and temptations

 I ceased with tears admonishing one","ά σου. Τὶ τὰ μύρα, συμπαθῶς τοῖς δάκρυσιν, ὦ Μαθήτριαι κιρνᾶτε; ὁ ἀστράπτω",δάκρυσιν,BibleHub
ὦ,(o),Interjection,"O, oh!","Ἰησοῦς εἶπεν Ὦ γενεὰ ἄπιστος

αὐτοῖς λέγει Ὦ γενεὰ ἄπιστος

Ἰησοῦς εἶπεν Ὦ γενεὰ ἄπιστος"," Jesus said O generation unbelieving

 him says O generation unbelieving

 Jesus said O generation unbelieving","Τὶ τὰ μύρα, συμπαθῶς τοῖς δάκρυσιν, ὦ Μαθήτριαι κιρνᾶτε; ὁ ἀστράπτων ἐν τῷ",ὦ,BibleHub
ἀστράπτω,(as-trap'-to),Verb,"to lighten, flash forth",ἐν ἐσθῆτι ἀστραπτούσῃ , in garments dazzling,"δάκρυσιν, ὦ Μαθήτριαι κιρνᾶτε; ὁ ἀστράπτων ἐν τῷ τάφῳ Ἄγγελος, προσεφθέγγετο",ἀστράπτων,BibleHub
"τάφος, ου, ὁ",(taf'-os),"Noun, Masculine","a burial, a grave","οἰκοδομεῖτε τοὺς τάφους τῶν προφητῶν

ἀπέναντι τοῦ τάφου 

ἀσφαλισθῆναι τὸν τάφον ἕως τῆς"," you build the tombs of the prophets

 opposite the tomb

 to be secured the tomb until the","αθήτριαι κιρνᾶτε; ὁ ἀστράπτων ἐν τῷ τάφῳ Ἄγγελος, προσεφθέγγετο ταῖς Μυροφόρ",τάφῳ,BibleHub
δεῦτε,(dyoo'-teh),Verb,come!,"Δεῦτε πρός με

ὁ κληρονόμος δεῦτε ἀποκτείνωμεν αὐτὸν

πάντα ἕτοιμα δεῦτε εἰς τοὺς"," Come to me

 the heir come let us kill him

 all things [are] ready come to the","λος, προσεφθέγγετο ταῖς Μυροφόροις· Ἴδετε ὑμεῖς τὸν τάφον καὶ ᾔσθητε· ὁ Σωτὴρ",Ἴδετε,BibleHub
γάρ,(gar),Conjunction,"for, indeed (a conjunction used to express cause, explanation, inference or continuation)","Ἰησοῦν αὐτὸς γὰρ σώσει τὸν

Ἰουδαίων εἴδομεν γὰρ αὐτοῦ τὸν

Ἰουδαίας οὕτως γὰρ γέγραπται διὰ"," Jesus he indeed will save the

 Jews we saw indeed of him the

 of Judea thus indeed it has been written by",ε ὑμεῖς τὸν τάφον καὶ ᾔσθητε· ὁ Σωτὴρ γὰρ ἐξανέστη τοῦ μνήματος. Εὐλογητὸς εἶ,γὰρ,BibleHub
λίαν,(lee'-an),Adverb,"very, exceedingly","ὄρος ὑψηλὸν λίαν καὶ δείκνυσιν

ἐξερχόμενοι χαλεποὶ λίαν ὥστε μὴ

τὸν ἡγεμόνα λίαν "," a mountain high exceedingly and shows

 coming violent very so that not

 the governor exceedingly","ριε, δίδαξόν με τὰ δικαιώματά σου. Λίαν πρωΐ, Μυροφόροι ἔδραμον, πρὸς τὸ μ",Λίαν,BibleHub
πρωΐ,(pro-ee'),Adverb,early,"ἐξῆλθεν ἅμα πρωὶ μισθώσασθαι ἐργάτας

Πρωὶ δὲ ἐπανάγων

Καὶ πρωὶ ἔννυχα λίαν"," went out in [the] morning to hire workmen

 in the morning moreover having come back

 And very early in night still much","δίδαξόν με τὰ δικαιώματά σου. Λίαν πρωΐ, Μυροφόροι ἔδραμον, πρὸς τὸ μνῆμά",πρωΐ,BibleHub
τρέχω,(trekh'-o),Verb,to run,"χαρᾶς μεγάλης ἔδραμον ἀπαγγεῖλαι τοῖς

ἀπὸ μακρόθεν ἔδραμεν καὶ προσεκύνησεν

δραμὼν δέ τις"," joy great they ran to tell [it] the

 from afar he ran and fell on his knees

 having run moreover one","αιώματά σου. Λίαν πρωΐ, Μυροφόροι ἔδραμον, πρὸς τὸ μνῆμά σου θρηνολογοῦσαι·",ἔδραμον,BibleHub
ἀλλά,(al-lah'),Conjunction,"otherwise, on the other hand, but","τὸν μόδιον ἀλλ' ἐπὶ τὴν

ἦλθον καταλῦσαι ἀλλὰ πληρῶσαι 

τῷ πονηρῷ ἀλλ' ὅστις σε"," a basket but upon the

 I came to abolish but to fulfill [them]

 the evil [person] but whoever you","ον, πρὸς τὸ μνῆμά σου θρηνολογοῦσαι· ἀλλ ' ἐπέστη, πρὸς αὐτὰς ὁ Ἄγγελος, καὶ",ἀλλ,BibleHub
ἐφίστημι,(ef-is'-tay-mee),Verb,"to set upon, set up, to stand upon, be present","τῇ ὥρᾳ ἐπιστᾶσα ἀνθωμολογεῖτο τῷ

καὶ ἐπιστὰς ἐπάνω αὐτῆς

πολλὴν διακονίαν ἐπιστᾶσα δὲ εἶπεν"," at that hour having come up gave praise to the

 And having stood over her

 much service having come up moreover she said","ς τὸ μνῆμά σου θρηνολογοῦσαι· ἀλλ ' ἐπέστη, πρὸς αὐτὰς ὁ Ἄγγελος, καὶ εἶπε·",ἐπέστη,BibleHub
"θρῆνος, ου, ὁ",(thray'-nos),"Noun, Masculine",a lamentation,,,", πρὸς αὐτὰς ὁ Ἄγγελος, καὶ εἶπε· θρήνου ὁ καιρὸς πέπαυται, μὴ κλαίετε, τὴ",θρήνου,BibleHub
"καιρός, οῦ, ὁ",(kahee-ros'),"Noun, Masculine","time, season","ἐκείνῳ τῷ καιρῷ ἀποκριθεὶς ὁ

ἐκείνῳ τῷ καιρῷ ἐπορεύθη ὁ

καὶ ἐν καιρῷ τοῦ θερισμοῦ"," that time having answered

 that time went

 and in the time of the harvest","ὐτὰς ὁ Ἄγγελος, καὶ εἶπε· θρήνου ὁ καιρὸς πέπαυται, μὴ κλαίετε, τὴν Ἀνάστασ",καιρὸς,BibleHub
παύω,(pow'-o),Verb,"to make to cease, hinder","ὕδατος καὶ ἐπαύσαντο καὶ ἐγένετο

προσευχόμενον ὡς ἐπαύσατο εἶπέν τις

οἶκον οὐκ ἐπαύοντο διδάσκοντες καὶ"," water and they ceased and there was

 praying when he ceased said one

 house not they ceased teaching and","γγελος, καὶ εἶπε· θρήνου ὁ καιρὸς πέπαυται, μὴ κλαίετε, τὴν Ἀνάστασιν δέ,",πέπαυται,BibleHub
κλαίω,(klah'-yo),Verb,to weep,"ἐξελθὼν ἔξω ἔκλαυσεν πικρῶς 

θόρυβον καὶ κλαίοντας καὶ ἀλαλάζοντας

θορυβεῖσθε καὶ κλαίετε τὸ παιδίον"," having gone out he wept bitterly

 a commotion and [people] weeping and wailing

 make you commotion and weep the child","εἶπε· θρήνου ὁ καιρὸς πέπαυται, μὴ κλαίετε, τὴν Ἀνάστασιν δέ, Ἀποστόλοις εἴπ",κλαίετε,BibleHub
"ἀνάστασις, εως, ἡ",(an-as'-tas-is),"Noun, Feminine","a standing up, a resurrection, a raising up, rising","ἐν τῇ ἀναστάσει οὖν τίνος

γὰρ τῇ ἀναστάσει οὔτε γαμοῦσιν

δὲ τῆς ἀναστάσεως τῶν νεκρῶν"," In the resurrection therefore of which

 indeed the resurrection neither do they marry

 moreover the resurrection of the dead","καιρὸς πέπαυται, μὴ κλαίετε, τὴν Ἀνάστασιν δέ, Ἀποστόλοις εἴπατε. Εὐλογητὸς",Ἀνάστασιν,BibleHub
"ἀπόστολος, ου, ὁ",(ap-os'-tol-os),"Noun, Masculine","a messenger, one sent on a mission, an apostle","οὓς καὶ ἀποστόλους ὠνόμασεν ἵνα

συνάγονται οἱ ἀπόστολοι πρὸς τὸν

οὓς καὶ ἀποστόλους ὠνόμασεν "," ones and apostles he calls that

 are gathered together the apostles to

 whom also apostles he named",", μὴ κλαίετε, τὴν Ἀνάστασιν δέ, Ἀποστόλοις εἴπατε. Εὐλογητὸς εἶ, Κύριε, δ",Ἀποστόλοις,BibleHub
"σκοτία, ας, ἡ",(skot-ee'-ah),"Noun, Feminine",darkness,"ἐν τῇ σκοτίᾳ εἴπατε ἐν

ἐν τῇ σκοτίᾳ φαίνει καὶ

καὶ ἡ σκοτία αὐτὸ οὐ"," in the darkness you said in

 in the darkness shines and

 and the darkness it not","ετε, τὴν Ἀνάστασιν δέ, Ἀποστόλοις εἴπατε. Εὐλογητὸς εἶ, Κύριε, δίδαξόν με",εἴπατε,BibleHub
"γυνή, αικός, ἡ",(goo-nay'),"Noun, Feminine",a woman,"παρέλαβεν τὴν γυναῖκα αὐτοῦ 

ὁ βλέπων γυναῖκα πρὸς τὸ

ἀπολύσῃ τὴν γυναῖκα αὐτοῦ δότω"," took to [him] the wife of him

 that looks upon a woman to

 shall divorce the wife of him let him give","ν με τὰ δικαιώματά σου. Μυροφόροι γυναῖκες, μετὰ μύρων ἐλθοῦσαι, πρὸς τὸ μν",γυναῖκες,BibleHub
ζάω,(dzah'-o),Verb,to live,"αὐτήν καὶ ζήσεται 

θεοῦ τοῦ ζῶντος 

νεκρῶν ἀλλὰ ζώντων "," her and she will live

 God the living

 of [the] dead but of [the] living","ὰς φθεγγομένου· Τὶ μετὰ νεκρῶν, τὸν ζώντα λογίζεσθε; ὡς Θεὸς γάρ, ἐξανέστη τ",ζώντα,BibleHub
ἐξομολογέω,(ex-om-ol-og-eh'-o),Verb,"to agree, confess","Ἰησοῦς εἶπεν Ἐξομολογοῦμαί σοι πάτερ

Ἰορδάνῃ ποταμῷ ἐξομολογούμενοι τὰς ἁμαρτίας

καὶ εἶπεν Ἐξομολογοῦμαί σοι πάτερ"," Jesus said I praise you O Father

 Jordan river confessing the sins

 and said I praise you Father","ὁ ἐρχόμενος ἐν ὀνόματι Κυρίου. Ἐξομολογεῖσθε τῷ Κυρίῳ, καὶ ἐπικαλεῖσθε τὸ ὄν",Ἐξομολογεῖσθε,BibleHub
ἐν,(en),Preposition,"in, on, at, by, with","τὸ γὰρ ἐν αὐτῇ γεννηθὲν

ἡ παρθένος ἐν γαστρὶ ἕξει

Ἰησοῦ γεννηθέντος ἐν Βηθλεὲμ τῆς"," that which indeed in her having been conceived

 the virgin in womb [child] will have

 Jesus having been born in Bethlehem","ἐν ὀνόματι Κυρίου. Ἐξομολογεῖσθε τῷ Κυρίῳ, καὶ ἐπικαλεῖσθε τὸ ὄνομα τὸ ἅγιον",Κυρίῳ,BibleHub
αἴρω,(ah'-ee-ro),Verb,"to raise, take up, lift","παραλυτικῷ ἐγερθεὶς ἆρόν σου τὴν

ἱματίῳ παλαιῷ αἴρει γὰρ τὸ

ἄρατε τὸν ζυγόν"," paralytic Having arisen take up your

 clothing old tears away indeed the

 Take the yoke","νὸς τοῦ Θεοῦ, ὁ Υἱός τοῦ Πατρός, ὁ αἴρων τὴν ἁμαρτίαν τοῦ κόσμου, ἐλέησον ἡμ",αἴρων,BibleHub
"τις, τι",(tis),Indefinite Pronoun,"a certain one, someone, anyone","μὴ ἰσχύειν τινὰ παρελθεῖν διὰ

Καὶ ἰδού τινες τῶν γραμματέων

τὸν πατέρα τις ἐπιγινώσκει εἰ"," not was able any one to pass by

 And behold some of the scribes

 the Father any one does know if","ύριε, δίδαξόν με τὰ δικαιώματά σου. Τὶ τὰ μύρα, συμπαθῶς τοῖς δάκρυσιν, ὦ",Τὶ,BibleHub
ἐξανίστημι,(ex-an-is'-tay-mee),Verb,"to raise up, to rise","γυναῖκα καὶ ἐξαναστήσῃ σπέρμα τῷ

Ἐξανέστησαν δέ τινες"," wife and should raise up seed to the

 rose up moreover certain","τὸν τάφον καὶ ᾔσθητε· ὁ Σωτὴρ γὰρ ἐξανέστη τοῦ μνήματος. Εὐλογητὸς εἶ, Κύρι",ἐξανέστη,BibleHub
"κύριος, ου, ὁ",(koo'-ree-os),"Noun, Masculine","lord, master","ῥηθὲν ὑπὸ Κυρίου διὰ τοῦ

ὁ ἄγγελος Κυρίου καὶ παρέλαβεν

ἰδοὺ ἄγγελος Κυρίου φαίνεται κατ'"," having been spoken by the Lord through the

 the angel of [the] Lord and took to [him]

 behold an angel of [the] Lord appears in","εὐλογημένος ὁ ἐρχόμενος ἐν ὀνόματι Κυρίου. Ἐξομολογεῖσθε τῷ Κυρίῳ, καὶ ἐπικ",Κυρίου,BibleHub
ἀμήν,(am-ane'),Hebrew Form (Indclinable),truly,"ἀμὴν λέγω σοι

τῶν ἀνθρώπων ἀμὴν λέγω ὑμῖν

τοῖς ἀνθρώποις ἀμὴν λέγω ὑμῖν"," Truly I say to you

 the men Truly I say to you

 by men Truly I say to you","ῦς Χριστός, εἰς δόξαν Θεοῦ Πατρός. Ἀμήν. Καθ ' ἑκάστην ἡμέραν εὐλογήσω σε,",Ἀμήν,BibleHub
"σός, σή, σόν",(sos),Possessive Pronoun,your,"οὐ τῷ σῷ ὀνόματι ἐπροφητεύσαμεν

καὶ τῷ σῷ ὀνόματι δαιμόνια

καὶ τῷ σῷ ὀνόματι δυνάμεις"," not your name did we prophesy

 and [in] your name demons

 and [in] your name works of power","σου, ὅτι σὺ εἶ ὁ Θεός μου. Ὅτι παρὰ σοὶ πηγὴ ζωῆς ἐν τῷ φωτί σου ὀψόμεθα φῶς",Σοὶ,BibleHub
πρέπω,(prep'-o),Verb,"to be fitting, proper, suitable","αὐτοῖς κρίνατε πρέπον ἐστὶν γυναῖκα

ὑμῖν καθὼς πρέπει ἁγίοις 

ἀλλ' ὃ πρέπει γυναιξὶν ἐπαγγελλομέναις"," yourselves judge becoming is it for a woman

 you even as is proper to saints

 but what is becoming to women professing","ργα τῶν χειρῶν σου μὴ παρίδῃς. Σοὶ πρέπει αἶνος, Σοὶ πρέπει ὕμνος, Σοὶ δόξα",πρέπει,BibleHub
